,duration,protocol_type,service,flag,src_bytes,dst_bytes,land,wrong_fragment,urgent,hot,num_failed_logins,logged_in,num_compromised,root_shell,su_attempted,num_root,num_file_creations,num_shells,num_access_files,num_outbound_cmds,is_host_login,is_guest_login,count,srv_count,serror_rate,srv_serror_rate,rerror_rate,srv_rerror_rate,same_srv_rate,diff_srv_rate,srv_diff_host_rate,dst_host_count,dst_host_srv_count,dst_host_same_srv_rate,dst_host_diff_srv_rate,dst_host_same_src_port_rate,dst_host_srv_diff_host_rate,dst_host_serror_rate,dst_host_srv_serror_rate,dst_host_rerror_rate,dst_host_srv_rerror_rate,class,Prediction,Actual
24901,0,icmp,eco_i,SF,8,0,0,0,0,0,0,0,0,0,0,0,0,0,0,0,0,0,1,35,0.0,0.0,0.0,0.0,1.0,0.0,1.0,2,130,1.0,0.0,1.0,0.5,0.0,0.0,0.0,0.0,anomaly,normal,anomaly
14465,0,icmp,ecr_i,SF,1480,0,0,1,0,0,0,0,0,0,0,0,0,0,0,0,0,0,17,17,0.0,0.0,0.0,0.0,1.0,0.0,0.0,255,19,0.07,0.02,0.07,0.0,0.0,0.0,0.0,0.0,anomaly,normal,anomaly
18880,0,icmp,eco_i,SF,8,0,0,0,0,0,0,0,0,0,0,0,0,0,0,0,0,0,1,40,0.0,0.0,0.0,0.0,1.0,0.0,1.0,1,255,1.0,0.0,1.0,0.25,0.0,0.0,0.0,0.0,anomaly,normal,anomaly
21761,0,tcp,ftp_data,S0,0,0,0,0,0,0,0,0,0,0,0,0,0,0,0,0,0,0,6,6,1.0,1.0,0.0,0.0,1.0,0.0,0.0,255,57,0.22,0.04,0.0,0.0,1.0,1.0,0.0,0.0,anomaly,normal,anomaly
22898,10249,udp,other,SF,145,105,0,0,0,0,0,0,0,0,0,0,0,0,0,0,0,0,1,1,0.0,0.0,0.0,0.0,1.0,0.0,0.0,255,3,0.01,0.21,0.38,0.0,0.0,0.0,0.0,0.0,normal,anomaly,normal
6063,0,icmp,eco_i,SF,8,0,0,0,0,0,0,0,0,0,0,0,0,0,0,0,0,0,1,46,0.0,0.0,0.0,0.0,1.0,0.0,1.0,2,129,1.0,0.0,1.0,0.5,0.0,0.0,0.0,0.0,anomaly,normal,anomaly
12873,2289,tcp,X11,SF,7665876,1281000,0,0,0,0,0,0,0,0,0,0,0,0,0,0,0,0,1,1,0.0,0.0,0.0,0.0,1.0,0.0,0.0,150,1,0.01,0.04,0.01,0.0,0.0,0.0,0.0,0.0,normal,anomaly,normal
7860,4,tcp,ftp,SF,1240,2449,0,0,0,28,0,1,0,0,0,0,0,0,0,0,0,1,1,1,0.0,0.0,0.0,0.0,1.0,0.0,0.0,213,41,0.19,0.02,0.0,0.0,0.0,0.0,0.01,0.0,anomaly,normal,anomaly
19343,0,tcp,http,RSTR,43232,7300,0,0,0,1,0,1,0,0,0,0,0,0,0,0,0,0,5,5,0.0,0.0,0.4,0.4,1.0,0.0,0.0,255,255,1.0,0.0,0.0,0.0,0.0,0.0,0.03,0.03,anomaly,normal,anomaly
12200,0,tcp,ftp_data,SF,334,0,0,0,0,0,0,1,0,0,0,0,0,0,0,0,0,0,2,2,0.0,0.0,0.0,0.0,1.0,0.0,0.0,10,20,1.0,0.0,1.0,0.15,0.0,0.0,0.0,0.0,anomaly,normal,anomaly
14556,0,tcp,ftp_data,S0,0,0,0,0,0,0,0,0,0,0,0,0,0,0,0,0,0,0,4,1,1.0,1.0,0.0,0.0,0.25,0.75,0.0,244,61,0.25,0.02,0.0,0.0,1.0,1.0,0.0,0.0,anomaly,normal,anomaly
19602,0,tcp,ftp_data,SF,334,0,0,0,0,0,0,1,0,0,0,0,0,0,0,0,0,0,2,2,0.0,0.0,0.0,0.0,1.0,0.0,0.0,5,30,1.0,0.0,1.0,0.17,0.0,0.03,0.0,0.0,anomaly,normal,anomaly
3176,0,tcp,http,SF,54540,8314,0,0,0,2,0,1,1,0,0,0,0,0,0,0,0,0,5,5,0.0,0.0,0.0,0.0,1.0,0.0,0.0,255,255,1.0,0.0,0.0,0.0,0.0,0.0,0.06,0.06,anomaly,normal,anomaly
6701,0,icmp,eco_i,SF,8,0,0,0,0,0,0,0,0,0,0,0,0,0,0,0,0,0,1,29,0.0,0.0,0.0,0.0,1.0,0.0,1.0,3,147,1.0,0.0,1.0,0.25,0.0,0.0,0.0,0.0,anomaly,normal,anomaly
4716,0,tcp,http,S0,0,0,0,0,0,0,0,0,0,0,0,0,0,0,0,0,0,0,16,7,1.0,1.0,0.0,0.0,0.44,0.25,0.0,255,40,0.16,0.04,0.01,0.0,1.0,1.0,0.0,0.0,anomaly,normal,anomaly
11448,708,tcp,telnet,SF,1727,24080,0,0,0,0,0,1,6,0,0,7,0,0,0,0,0,0,1,1,0.0,0.0,0.0,0.0,1.0,0.0,0.0,255,3,0.01,0.02,0.0,0.0,0.0,0.0,0.0,0.0,anomaly,normal,anomaly
9251,0,icmp,eco_i,SF,8,0,0,0,0,0,0,0,0,0,0,0,0,0,0,0,0,0,1,52,0.0,0.0,0.0,0.0,1.0,0.0,1.0,1,101,1.0,0.0,1.0,0.26,0.0,0.0,0.0,0.0,anomaly,normal,anomaly
18547,0,icmp,eco_i,SF,8,0,0,0,0,0,0,0,0,0,0,0,0,0,0,0,0,0,1,11,0.0,0.0,0.0,0.0,1.0,0.0,1.0,1,81,1.0,0.0,1.0,0.51,0.0,0.0,0.0,0.0,anomaly,normal,anomaly
4673,0,udp,other,SF,516,4,0,0,0,0,0,0,0,0,0,0,0,0,0,0,0,0,440,440,0.0,0.0,0.0,0.0,1.0,0.0,0.0,255,255,1.0,0.0,1.0,0.0,0.0,0.0,0.0,0.0,normal,anomaly,normal
14547,0,udp,private,SF,28,0,0,3,0,0,0,0,0,0,0,0,0,0,0,0,0,0,50,50,0.0,0.0,0.0,0.0,1.0,0.0,0.0,255,150,0.59,0.42,0.59,0.0,0.09,0.0,0.33,0.0,anomaly,normal,anomaly
1347,0,icmp,eco_i,SF,8,0,0,0,0,0,0,0,0,0,0,0,0,0,0,0,0,0,1,23,0.0,0.0,0.0,0.0,1.0,0.0,1.0,1,15,1.0,0.0,1.0,0.53,0.0,0.0,0.0,0.0,anomaly,normal,anomaly
21687,0,udp,private,SF,215,0,0,0,0,0,0,0,0,0,0,0,0,0,0,0,0,0,1,1,0.0,0.0,0.0,0.0,1.0,0.0,0.0,153,129,0.84,0.01,0.84,0.0,0.0,0.0,0.0,0.0,anomaly,normal,anomaly
20508,0,udp,private,SF,105,0,0,0,0,0,0,0,0,0,0,0,0,0,0,0,0,0,2,2,0.0,0.0,0.0,0.0,1.0,0.0,0.0,3,3,1.0,0.0,0.67,0.0,0.0,0.0,0.0,0.0,normal,anomaly,normal
15669,0,icmp,ecr_i,SF,1032,0,0,0,0,0,0,0,0,0,0,0,0,0,0,0,0,0,220,220,0.0,0.0,0.0,0.0,1.0,0.0,0.0,255,255,1.0,0.0,1.0,0.0,0.0,0.0,0.0,0.0,anomaly,normal,anomaly
14386,0,tcp,http,SF,54540,8314,0,0,0,2,0,1,1,0,0,0,0,0,0,0,0,0,2,2,0.0,0.0,0.0,0.0,1.0,0.0,0.0,57,57,1.0,0.0,0.02,0.0,0.0,0.0,0.02,0.02,anomaly,normal,anomaly
4121,0,icmp,eco_i,SF,8,0,0,0,0,0,0,0,0,0,0,0,0,0,0,0,0,0,1,40,0.0,0.0,0.0,0.0,1.0,0.0,1.0,4,212,1.0,0.0,1.0,0.25,0.0,0.0,0.0,0.0,anomaly,normal,anomaly
24698,0,icmp,eco_i,SF,8,0,0,0,0,0,0,0,0,0,0,0,0,0,0,0,0,0,1,17,0.0,0.0,0.0,0.0,1.0,0.0,1.0,1,81,1.0,0.0,1.0,0.26,0.0,0.0,0.0,0.0,anomaly,normal,anomaly
8420,0,icmp,eco_i,SF,8,0,0,0,0,0,0,0,0,0,0,0,0,0,0,0,0,0,1,10,0.0,0.0,0.0,0.0,1.0,0.0,1.0,1,101,1.0,0.0,1.0,0.5,0.0,0.0,0.0,0.0,anomaly,normal,anomaly
19156,0,tcp,http,SF,54540,8314,0,0,0,2,0,1,1,0,0,0,0,0,0,0,0,0,5,5,0.0,0.0,0.0,0.0,1.0,0.0,0.0,246,246,1.0,0.0,0.0,0.0,0.0,0.0,0.05,0.05,anomaly,normal,anomaly
20714,0,icmp,eco_i,SF,8,0,0,0,0,0,0,0,0,0,0,0,0,0,0,0,0,0,1,18,0.0,0.0,0.0,0.0,1.0,0.0,1.0,4,228,1.0,0.0,1.0,0.25,0.0,0.0,0.0,0.0,anomaly,normal,anomaly
24606,0,icmp,urp_i,SF,123,0,0,0,0,0,0,0,0,0,0,0,0,0,0,0,0,0,6,2,0.0,0.0,0.0,0.0,0.33,0.33,0.0,204,31,0.15,0.01,0.15,0.0,0.0,0.0,0.0,0.0,normal,anomaly,normal
11600,0,icmp,eco_i,SF,8,0,0,0,0,0,0,0,0,0,0,0,0,0,0,0,0,0,1,46,0.0,0.0,0.0,0.0,1.0,0.0,1.0,2,94,1.0,0.0,1.0,0.5,0.0,0.0,0.0,0.0,anomaly,normal,anomaly
23194,0,tcp,finger,S0,0,0,0,0,0,0,0,0,0,0,0,0,0,0,0,0,0,0,17,17,1.0,1.0,0.0,0.0,1.0,0.0,0.0,77,23,0.22,0.05,0.01,0.09,1.0,0.74,0.0,0.0,anomaly,normal,anomaly
13283,0,icmp,ecr_i,SF,1032,0,0,0,0,0,0,0,0,0,0,0,0,0,0,0,0,0,200,200,0.0,0.0,0.0,0.0,1.0,0.0,0.0,255,255,1.0,0.0,1.0,0.0,0.0,0.0,0.0,0.0,anomaly,normal,anomaly
23687,0,tcp,http,REJ,0,0,0,0,0,0,0,0,0,0,0,0,0,0,0,0,0,0,1,1,0.0,0.0,1.0,1.0,1.0,0.0,0.0,5,22,1.0,0.0,0.2,0.09,0.0,0.09,1.0,0.27,normal,anomaly,normal
15902,0,icmp,eco_i,SF,8,0,0,0,0,0,0,0,0,0,0,0,0,0,0,0,0,0,1,17,0.0,0.0,0.0,0.0,1.0,0.0,1.0,2,108,1.0,0.0,1.0,0.5,0.0,0.0,0.0,0.0,anomaly,normal,anomaly
5833,0,udp,private,SF,28,0,0,3,0,0,0,0,0,0,0,0,0,0,0,0,0,0,20,20,0.0,0.0,0.0,0.0,1.0,0.0,0.0,255,87,0.34,0.01,0.34,0.0,0.0,0.0,0.0,0.0,anomaly,normal,anomaly
5256,0,icmp,eco_i,SF,8,0,0,0,0,0,0,0,0,0,0,0,0,0,0,0,0,0,1,31,0.0,0.0,0.0,0.0,1.0,0.0,1.0,4,92,1.0,0.0,1.0,0.25,0.0,0.0,0.0,0.0,anomaly,normal,anomaly
8677,0,icmp,ecr_i,SF,1032,0,0,0,0,0,0,0,0,0,0,0,0,0,0,0,0,0,189,189,0.0,0.0,0.0,0.0,1.0,0.0,0.0,224,130,0.58,0.03,0.58,0.0,0.01,0.0,0.28,0.0,anomaly,normal,anomaly
10156,0,udp,other,SF,516,4,0,0,0,0,0,0,0,0,0,0,0,0,0,0,0,0,379,379,0.0,0.0,0.0,0.0,1.0,0.0,0.0,255,255,1.0,0.0,1.0,0.0,0.0,0.0,0.0,0.0,normal,anomaly,normal
7934,0,icmp,eco_i,SF,8,0,0,0,0,0,0,0,0,0,0,0,0,0,0,0,0,0,1,9,0.0,0.0,0.0,0.0,1.0,0.0,1.0,2,190,1.0,0.0,1.0,0.25,0.0,0.0,0.0,0.0,anomaly,normal,anomaly
2436,3660,udp,other,SF,147,105,0,0,0,0,0,0,0,0,0,0,0,0,0,0,0,0,4,2,0.0,0.0,0.0,0.0,0.5,0.5,0.0,255,3,0.01,0.79,0.98,0.0,0.0,0.0,0.0,0.0,normal,anomaly,normal
24642,0,icmp,ecr_i,SF,520,0,0,0,0,0,0,0,0,0,0,0,0,0,0,0,0,0,59,59,0.0,0.0,0.0,0.0,1.0,0.0,0.0,255,255,1.0,0.0,1.0,0.0,0.0,0.0,0.0,0.0,anomaly,normal,anomaly
8592,0,icmp,urp_i,SF,183,0,0,0,0,0,0,0,0,0,0,0,0,0,0,0,0,0,6,6,0.0,0.0,0.0,0.0,1.0,0.0,0.0,255,25,0.1,0.01,0.11,0.0,0.0,0.0,0.0,0.0,normal,anomaly,normal
20600,12,tcp,http,SF,54540,8314,0,0,0,2,0,1,1,0,0,0,0,0,0,0,0,0,4,4,0.0,0.0,0.25,0.25,1.0,0.0,0.0,19,19,1.0,0.0,0.05,0.0,0.0,0.0,0.42,0.42,anomaly,normal,anomaly
1370,0,icmp,eco_i,SF,8,0,0,0,0,0,0,0,0,0,0,0,0,0,0,0,0,0,1,42,0.0,0.0,0.0,0.0,1.0,0.0,1.0,3,223,1.0,0.0,1.0,0.25,0.0,0.0,0.0,0.0,anomaly,normal,anomaly
8468,0,udp,domain_u,SF,42,132,0,0,0,0,0,0,0,0,0,0,0,0,0,0,0,0,207,206,0.0,0.0,0.0,0.0,1.0,0.01,0.0,96,63,0.66,0.02,0.01,0.0,0.0,0.0,0.0,0.0,normal,anomaly,normal
1633,0,icmp,eco_i,SF,18,0,0,0,0,0,0,0,0,0,0,0,0,0,0,0,0,0,1,1,0.0,0.0,0.0,0.0,1.0,0.0,0.0,3,51,1.0,0.0,1.0,0.25,0.0,0.0,0.0,0.0,anomaly,normal,anomaly
22397,60,tcp,telnet,SF,87,225,0,0,0,0,1,0,0,0,0,0,0,0,0,0,0,0,1,1,0.0,0.0,0.0,0.0,1.0,0.0,0.0,255,1,0.0,0.02,0.0,0.0,0.0,0.0,0.0,0.0,normal,anomaly,normal
1816,0,icmp,eco_i,SF,8,0,0,0,0,0,0,0,0,0,0,0,0,0,0,0,0,0,1,12,0.0,0.0,0.0,0.0,1.0,0.0,1.0,2,24,1.0,0.0,1.0,0.5,0.0,0.0,0.0,0.0,anomaly,normal,anomaly
16091,0,tcp,http,REJ,0,0,0,0,0,0,0,0,0,0,0,0,0,0,0,0,0,0,1,1,0.0,0.0,1.0,1.0,1.0,0.0,0.0,2,7,1.0,0.0,0.5,0.57,0.0,0.0,1.0,1.0,normal,anomaly,normal
5283,0,icmp,ecr_i,SF,520,0,0,0,0,0,0,0,0,0,0,0,0,0,0,0,0,0,187,187,0.0,0.0,0.0,0.0,1.0,0.0,0.0,255,255,1.0,0.0,1.0,0.0,0.0,0.0,0.0,0.0,anomaly,normal,anomaly
16202,264,tcp,telnet,SF,174,4267,0,0,0,0,0,1,2,0,0,0,0,0,0,0,0,0,1,1,0.0,0.0,0.0,0.0,1.0,0.0,0.0,45,17,0.38,0.09,0.02,0.0,0.0,0.0,0.04,0.12,normal,anomaly,normal
1801,0,tcp,finger,SF,0,0,0,0,0,0,0,0,0,0,0,0,0,0,0,0,0,0,1,1,0.0,0.0,0.0,0.0,1.0,0.0,0.0,60,9,0.02,1.0,0.02,0.22,0.0,0.0,0.92,0.0,anomaly,normal,anomaly
18819,0,icmp,eco_i,SF,8,0,0,0,0,0,0,0,0,0,0,0,0,0,0,0,0,0,1,36,0.0,0.0,0.0,0.0,1.0,0.0,1.0,2,210,1.0,0.0,1.0,0.25,0.0,0.0,0.0,0.0,anomaly,normal,anomaly
18440,0,tcp,other,REJ,0,0,0,0,0,0,0,0,0,0,0,0,0,0,0,0,0,0,1,1,0.0,0.0,1.0,1.0,1.0,0.0,0.0,32,32,1.0,0.0,0.03,0.0,0.0,0.0,1.0,1.0,normal,anomaly,normal
20718,0,icmp,ecr_i,SF,1032,0,0,0,0,0,0,0,0,0,0,0,0,0,0,0,0,0,93,93,0.0,0.0,0.0,0.0,1.0,0.0,0.0,255,93,0.36,0.02,0.36,0.0,0.0,0.0,0.0,0.0,anomaly,normal,anomaly
21951,0,tcp,smtp,S0,0,0,0,0,0,0,0,0,0,0,0,0,0,0,0,0,0,0,2,2,1.0,1.0,0.0,0.0,1.0,0.0,0.0,64,136,0.34,0.03,0.02,0.01,0.97,0.16,0.0,0.0,anomaly,normal,anomaly
1807,2969,udp,other,SF,147,105,0,0,0,0,0,0,0,0,0,0,0,0,0,0,0,0,4,2,0.0,0.0,0.0,0.0,0.5,0.5,0.0,255,2,0.01,0.85,1.0,0.0,0.0,0.0,0.0,0.0,normal,anomaly,normal
17749,0,udp,domain_u,SF,130,44,0,0,0,0,0,0,0,0,0,0,0,0,0,0,0,0,231,230,0.0,0.0,0.0,0.0,1.0,0.01,0.0,120,87,0.73,0.02,0.11,0.0,0.0,0.0,0.0,0.0,normal,anomaly,normal
2820,0,tcp,smtp,SF,801,329,0,0,0,0,0,1,0,0,0,0,0,0,0,0,0,0,1,1,0.0,0.0,0.0,0.0,1.0,0.0,0.0,255,7,0.03,0.67,0.0,0.0,0.0,0.0,0.0,0.0,normal,anomaly,normal
22234,0,icmp,eco_i,SF,8,0,0,0,0,0,0,0,0,0,0,0,0,0,0,0,0,0,1,4,0.0,0.0,0.0,0.0,1.0,0.0,1.0,2,136,1.0,0.0,1.0,0.5,0.0,0.0,0.0,0.0,anomaly,normal,anomaly
104,0,udp,private,SF,28,0,0,3,0,0,0,0,0,0,0,0,0,0,0,0,0,0,82,82,0.0,0.0,0.0,0.0,1.0,0.0,0.0,255,182,0.71,0.29,0.71,0.0,0.09,0.0,0.2,0.0,anomaly,normal,anomaly
14623,0,icmp,urp_i,SF,182,0,0,0,0,0,0,0,0,0,0,0,0,0,0,0,0,0,5,4,0.0,0.0,0.0,0.0,0.8,0.4,0.0,255,18,0.07,0.01,0.08,0.0,0.0,0.0,0.0,0.0,normal,anomaly,normal
5999,1,tcp,smtp,SF,1248,329,0,0,0,0,0,1,0,0,0,0,0,0,0,0,0,0,1,3,0.0,0.0,0.0,0.0,1.0,0.0,1.0,4,4,1.0,0.0,0.25,0.0,0.0,0.0,0.0,0.0,normal,anomaly,normal
19152,0,icmp,eco_i,SF,18,0,0,0,0,0,0,0,0,0,0,0,0,0,0,0,0,0,1,1,0.0,0.0,0.0,0.0,1.0,0.0,0.0,1,219,1.0,0.0,1.0,1.0,0.0,0.0,0.0,0.0,anomaly,normal,anomaly
11152,0,icmp,eco_i,SF,18,0,0,0,0,0,0,0,0,0,0,0,0,0,0,0,0,0,1,1,0.0,0.0,0.0,0.0,1.0,0.0,0.0,1,158,1.0,0.0,1.0,1.0,0.0,0.0,0.0,0.0,anomaly,normal,anomaly
3314,12705,udp,other,SF,147,105,0,0,0,0,0,0,0,0,0,0,0,0,0,0,0,0,1,1,0.0,0.0,0.0,0.0,1.0,0.0,0.0,255,1,0.0,0.77,1.0,0.0,0.0,0.0,0.0,0.0,normal,anomaly,normal
13504,0,icmp,eco_i,SF,8,0,0,0,0,0,0,0,0,0,0,0,0,0,0,0,0,0,1,29,0.0,0.0,0.0,0.0,1.0,0.0,1.0,1,86,1.0,0.0,1.0,0.51,0.0,0.0,0.0,0.0,anomaly,normal,anomaly
16718,0,icmp,urp_i,SF,78,0,0,0,0,0,0,0,0,0,0,0,0,0,0,0,0,0,11,2,0.0,0.0,0.0,0.0,0.18,0.18,0.0,140,2,0.01,0.01,0.01,0.0,0.0,0.0,0.0,0.0,normal,anomaly,normal
1611,0,icmp,eco_i,SF,8,0,0,0,0,0,0,0,0,0,0,0,0,0,0,0,0,0,1,27,0.0,0.0,0.0,0.0,1.0,0.0,1.0,1,255,1.0,0.0,1.0,0.5,0.0,0.0,0.0,0.0,anomaly,normal,anomaly
19744,0,tcp,pop_3,SF,38,130,0,0,0,0,0,1,0,0,0,0,0,0,0,0,0,0,1,1,0.0,0.0,0.0,0.0,1.0,0.0,0.0,1,8,1.0,0.0,1.0,0.38,0.0,0.0,0.0,0.0,normal,anomaly,normal
15406,0,icmp,eco_i,SF,18,0,0,0,0,0,0,0,0,0,0,0,0,0,0,0,0,0,1,1,0.0,0.0,0.0,0.0,1.0,0.0,0.0,1,143,1.0,0.0,1.0,1.0,0.0,0.0,0.0,0.0,anomaly,normal,anomaly
2800,0,tcp,http,SF,54540,8314,0,0,0,2,0,1,1,0,0,0,0,0,0,0,0,0,2,2,0.0,0.0,0.0,0.0,1.0,0.0,0.0,171,171,1.0,0.0,0.01,0.0,0.0,0.0,0.01,0.01,anomaly,normal,anomaly
19277,5,tcp,http,SF,54540,8314,0,0,0,2,0,1,1,0,0,0,0,0,0,0,0,0,3,3,0.0,0.0,0.0,0.0,1.0,0.0,0.0,31,31,1.0,0.0,0.03,0.0,0.0,0.0,0.35,0.35,anomaly,normal,anomaly
22114,0,tcp,telnet,S1,1151,8390,0,0,0,0,1,1,4,0,1,3,5,0,0,0,0,0,1,1,1.0,1.0,0.0,0.0,1.0,0.0,0.0,101,23,0.23,0.06,0.01,0.0,0.02,0.09,0.08,0.35,normal,anomaly,normal
19053,13500,tcp,telnet,RSTO,125,10835,0,0,0,0,0,1,0,0,0,0,0,0,0,0,0,0,1,1,0.0,0.0,1.0,1.0,1.0,0.0,0.0,28,11,0.39,0.14,0.04,0.0,0.04,0.09,0.04,0.09,normal,anomaly,normal
16873,0,icmp,urp_i,SF,78,0,0,0,0,0,0,0,0,0,0,0,0,0,0,0,0,0,28,4,0.0,0.0,0.0,0.0,0.14,0.07,0.0,255,20,0.08,0.01,0.08,0.0,0.0,0.0,0.0,0.0,normal,anomaly,normal
5625,0,icmp,ecr_i,SF,1480,0,0,1,0,0,0,0,0,0,0,0,0,0,0,0,0,0,2,4,0.0,0.0,0.0,0.0,1.0,0.0,0.5,5,151,0.8,0.4,0.8,0.04,0.2,0.0,0.0,0.0,anomaly,normal,anomaly
13290,0,icmp,eco_i,SF,8,0,0,0,0,0,0,0,0,0,0,0,0,0,0,0,0,0,1,8,0.0,0.0,0.0,0.0,1.0,0.0,1.0,1,255,1.0,0.0,1.0,0.5,0.0,0.0,0.0,0.0,anomaly,normal,anomaly
8939,0,icmp,eco_i,SF,8,0,0,0,0,0,0,0,0,0,0,0,0,0,0,0,0,0,1,8,0.0,0.0,0.0,0.0,1.0,0.0,1.0,4,44,1.0,0.0,1.0,0.25,0.0,0.0,0.0,0.0,anomaly,normal,anomaly
10287,0,udp,private,SF,215,0,0,0,0,0,0,0,0,0,0,0,0,0,0,0,0,0,1,1,0.0,0.0,0.0,0.0,1.0,0.0,0.0,213,181,0.85,0.01,0.85,0.0,0.0,0.0,0.0,0.0,anomaly,normal,anomaly
14455,0,icmp,eco_i,SF,8,0,0,0,0,0,0,0,0,0,0,0,0,0,0,0,0,0,1,9,0.0,0.0,0.0,0.0,1.0,0.0,1.0,4,64,1.0,0.0,1.0,0.25,0.0,0.0,0.0,0.0,anomaly,normal,anomaly
24893,9,tcp,telnet,SF,137,1653,0,0,0,0,0,1,0,0,0,0,0,0,0,0,0,0,1,1,0.0,0.0,0.0,0.0,1.0,0.0,0.0,1,1,1.0,0.0,1.0,0.0,0.0,0.0,0.0,0.0,normal,anomaly,normal
23207,0,tcp,telnet,S1,5386,391074,0,0,0,0,0,1,0,0,0,0,0,0,0,0,0,0,1,1,1.0,1.0,0.0,0.0,1.0,0.0,0.0,255,2,0.01,0.07,0.0,0.0,0.93,0.5,0.0,0.0,normal,anomaly,normal
1788,0,udp,other,SF,145,0,0,0,0,0,0,0,0,0,0,0,0,0,0,0,0,0,3,1,0.0,0.0,0.0,0.0,0.33,0.67,0.0,255,1,0.0,0.51,0.88,0.0,0.0,0.0,0.0,0.0,normal,anomaly,normal
19043,0,udp,other,SF,516,4,0,0,0,0,0,0,0,0,0,0,0,0,0,0,0,0,12,12,0.0,0.0,0.0,0.0,1.0,0.0,0.0,12,12,1.0,0.0,1.0,0.0,0.0,0.0,0.0,0.0,normal,anomaly,normal
2893,0,icmp,ecr_i,SF,1032,0,0,0,0,0,0,0,0,0,0,0,0,0,0,0,0,0,77,77,0.0,0.0,0.0,0.0,1.0,0.0,0.0,255,77,0.3,0.02,0.3,0.0,0.0,0.0,0.0,0.0,anomaly,normal,anomaly
9617,10,tcp,telnet,SF,106,1580,0,0,0,0,0,1,0,0,0,0,0,0,0,0,0,0,1,1,0.0,0.0,0.0,0.0,1.0,0.0,0.0,159,1,0.01,0.03,0.01,0.0,0.0,0.0,0.0,0.0,normal,anomaly,normal
8661,1839,udp,other,SF,145,105,0,0,0,0,0,0,0,0,0,0,0,0,0,0,0,0,4,2,0.0,0.0,0.0,0.0,0.5,0.5,0.0,114,2,0.02,0.63,0.88,0.0,0.0,0.0,0.0,0.0,normal,anomaly,normal
24268,0,udp,private,SF,1,0,0,0,0,0,0,0,0,0,0,0,0,0,0,0,0,0,156,146,0.0,0.0,0.0,0.0,0.94,0.01,0.0,255,208,0.82,0.03,1.0,0.0,0.0,0.0,0.0,0.0,anomaly,normal,anomaly
12070,0,icmp,eco_i,SF,8,0,0,0,0,0,0,0,0,0,0,0,0,0,0,0,0,0,1,18,0.0,0.0,0.0,0.0,1.0,0.0,1.0,1,87,1.0,0.0,1.0,0.51,0.0,0.0,0.0,0.0,anomaly,normal,anomaly
16514,0,udp,private,SF,1,0,0,0,0,0,0,0,0,0,0,0,0,0,0,0,0,0,3,3,0.0,0.0,0.0,0.0,1.0,0.0,0.0,255,34,0.13,0.45,0.67,0.0,0.03,0.0,0.3,0.0,anomaly,normal,anomaly
12248,0,tcp,other,SF,16787,0,0,0,0,0,0,1,0,0,0,0,1,0,0,0,0,0,9,1,0.11,0.0,0.0,0.0,0.11,0.33,0.0,75,1,0.01,0.11,0.31,0.0,0.01,0.0,0.01,0.0,normal,anomaly,normal
8552,0,icmp,eco_i,SF,8,0,0,0,0,0,0,0,0,0,0,0,0,0,0,0,0,0,1,2,0.0,0.0,0.0,0.0,1.0,0.0,1.0,2,28,1.0,0.0,1.0,0.54,0.0,0.0,0.0,0.0,anomaly,normal,anomaly
9434,0,icmp,ecr_i,SF,18,0,0,0,0,0,0,0,0,0,0,0,0,0,0,0,0,0,1,1,0.0,0.0,0.0,0.0,1.0,0.0,0.0,9,9,1.0,0.0,1.0,0.0,0.0,0.0,0.0,0.0,anomaly,normal,anomaly
8240,0,icmp,eco_i,SF,8,0,0,0,0,0,0,0,0,0,0,0,0,0,0,0,0,0,1,3,0.0,0.0,0.0,0.0,1.0,0.0,1.0,2,30,1.0,0.0,1.0,0.5,0.0,0.0,0.0,0.0,anomaly,normal,anomaly
7585,0,tcp,finger,SF,0,0,0,0,0,0,0,0,0,0,0,0,0,0,0,0,0,0,1,1,0.0,0.0,0.0,0.0,1.0,0.0,0.0,60,5,0.02,1.0,0.02,0.4,0.0,0.0,0.92,0.0,anomaly,normal,anomaly
1227,0,tcp,http,S0,0,0,0,0,0,0,0,0,0,0,0,0,0,0,0,0,0,0,19,8,1.0,1.0,0.0,0.0,0.42,0.21,0.0,255,67,0.26,0.02,0.01,0.0,1.0,1.0,0.0,0.0,anomaly,normal,anomaly
6923,0,icmp,urp_i,SF,78,0,0,0,0,0,0,0,0,0,0,0,0,0,0,0,0,0,54,9,0.0,0.0,0.0,0.0,0.17,0.04,0.0,226,9,0.04,0.02,0.05,0.0,0.0,0.0,0.0,0.0,normal,anomaly,normal
21677,0,icmp,eco_i,SF,8,0,0,0,0,0,0,0,0,0,0,0,0,0,0,0,0,0,1,19,0.0,0.0,0.0,0.0,1.0,0.0,1.0,2,129,1.0,0.0,1.0,0.5,0.0,0.0,0.0,0.0,anomaly,normal,anomaly
1540,0,tcp,http,SF,54540,8314,0,0,0,2,0,1,1,0,0,0,0,0,0,0,0,0,4,6,0.0,0.0,0.25,0.5,1.0,0.0,0.5,197,197,1.0,0.0,0.01,0.0,0.0,0.0,0.06,0.06,anomaly,normal,anomaly
17447,0,icmp,eco_i,SF,8,0,0,0,0,0,0,0,0,0,0,0,0,0,0,0,0,0,1,14,0.0,0.0,0.0,0.0,1.0,0.0,1.0,4,84,1.0,0.0,1.0,0.25,0.0,0.0,0.0,0.0,anomaly,normal,anomaly
8667,0,tcp,http,SF,54540,8314,0,0,0,2,0,1,1,0,0,0,0,0,0,0,0,0,4,4,0.0,0.0,0.25,0.25,1.0,0.0,0.0,69,69,1.0,0.0,0.01,0.0,0.0,0.0,0.19,0.19,anomaly,normal,anomaly
14569,0,udp,private,SF,215,0,0,0,0,0,0,0,0,0,0,0,0,0,0,0,0,0,1,1,0.0,0.0,0.0,0.0,1.0,0.0,0.0,165,141,0.85,0.01,0.85,0.0,0.0,0.0,0.0,0.0,anomaly,normal,anomaly
23018,0,icmp,eco_i,SF,8,0,0,0,0,0,0,0,0,0,0,0,0,0,0,0,0,0,1,33,0.0,0.0,0.0,0.0,1.0,0.0,1.0,1,169,1.0,0.0,1.0,0.5,0.0,0.0,0.0,0.0,anomaly,normal,anomaly
17723,0,icmp,eco_i,SF,8,0,0,0,0,0,0,0,0,0,0,0,0,0,0,0,0,0,1,7,0.0,0.0,0.0,0.0,1.0,0.0,1.0,2,58,1.0,0.0,1.0,0.26,0.0,0.0,0.0,0.0,anomaly,normal,anomaly
1768,0,tcp,http,S0,0,0,0,0,0,0,0,0,0,0,0,0,0,0,0,0,0,0,7,5,1.0,0.8,0.0,0.2,0.57,0.29,0.4,167,44,0.26,0.02,0.01,0.0,1.0,1.0,0.0,0.0,anomaly,normal,anomaly
15381,0,icmp,ecr_i,SF,1480,0,0,1,0,0,0,0,0,0,0,0,0,0,0,0,0,0,2,4,0.0,0.0,0.0,0.0,1.0,0.0,0.5,2,151,1.0,0.0,1.0,0.12,0.0,0.0,0.0,0.0,anomaly,normal,anomaly
14526,0,icmp,eco_i,SF,8,0,0,0,0,0,0,0,0,0,0,0,0,0,0,0,0,0,1,32,0.0,0.0,0.0,0.0,1.0,0.0,1.0,1,87,1.0,0.0,1.0,0.51,0.0,0.0,0.0,0.0,anomaly,normal,anomaly
1693,0,icmp,eco_i,SF,8,0,0,0,0,0,0,0,0,0,0,0,0,0,0,0,0,0,1,11,0.0,0.0,0.0,0.0,1.0,0.0,1.0,2,255,1.0,0.0,1.0,0.5,0.0,0.0,0.0,0.0,anomaly,normal,anomaly
7012,0,tcp,finger,S0,0,0,0,0,0,0,0,0,0,0,0,0,0,0,0,0,0,0,2,1,1.0,1.0,0.0,0.0,0.5,1.0,0.0,162,45,0.25,0.02,0.01,0.04,1.0,0.91,0.0,0.0,anomaly,normal,anomaly
18275,0,tcp,ftp_data,SF,334,0,0,0,0,0,0,1,0,0,0,0,0,0,0,0,0,0,1,1,0.0,0.0,0.0,0.0,1.0,0.0,0.0,1,27,1.0,0.0,1.0,0.15,0.0,0.0,0.0,0.0,anomaly,normal,anomaly
22186,0,icmp,urp_i,SF,78,0,0,0,0,0,0,0,0,0,0,0,0,0,0,0,0,0,15,6,0.0,0.0,0.0,0.0,0.4,0.13,0.0,255,6,0.02,0.01,0.02,0.0,0.0,0.0,0.0,0.0,normal,anomaly,normal
15771,0,udp,private,SF,1,0,0,0,0,0,0,0,0,0,0,0,0,0,0,0,0,0,4,4,0.0,0.0,0.0,0.0,1.0,0.0,0.0,255,35,0.14,0.44,0.67,0.0,0.03,0.0,0.3,0.0,anomaly,normal,anomaly
18260,0,icmp,eco_i,SF,8,0,0,0,0,0,0,0,0,0,0,0,0,0,0,0,0,0,1,14,0.0,0.0,0.0,0.0,1.0,0.0,1.0,1,3,1.0,0.0,1.0,0.67,0.0,0.0,0.0,0.0,anomaly,normal,anomaly
17712,0,tcp,http,SF,54540,8314,0,0,0,2,0,1,1,0,0,0,0,0,0,0,0,0,3,3,0.0,0.0,0.0,0.0,1.0,0.0,0.0,41,41,1.0,0.0,0.02,0.0,0.02,0.02,0.02,0.02,anomaly,normal,anomaly
6385,0,udp,private,SF,105,146,0,0,0,0,0,0,0,0,0,0,0,0,0,0,0,0,1,1,0.0,0.0,0.0,0.0,1.0,0.0,0.0,12,8,0.67,0.17,0.08,0.0,0.0,0.0,0.0,0.0,normal,anomaly,normal
6552,0,icmp,eco_i,SF,8,0,0,0,0,0,0,0,0,0,0,0,0,0,0,0,0,0,1,19,0.0,0.0,0.0,0.0,1.0,0.0,1.0,1,67,1.0,0.0,1.0,0.51,0.0,0.0,0.0,0.0,anomaly,normal,anomaly
2901,0,icmp,eco_i,SF,8,0,0,0,0,0,0,0,0,0,0,0,0,0,0,0,0,0,1,8,0.0,0.0,0.0,0.0,1.0,0.0,1.0,2,30,1.0,0.0,1.0,0.5,0.0,0.0,0.0,0.0,anomaly,normal,anomaly
24872,0,udp,private,SF,1,0,0,0,0,0,0,0,0,0,0,0,0,0,0,0,0,0,162,142,0.0,0.0,0.0,0.0,0.88,0.02,0.0,255,177,0.69,0.04,1.0,0.0,0.0,0.0,0.0,0.0,anomaly,normal,anomaly
19016,0,tcp,other,SF,16787,0,0,0,0,0,0,1,0,0,0,0,1,0,0,0,0,0,12,1,0.08,0.0,0.0,0.0,0.08,0.5,0.0,60,1,0.02,0.17,0.7,0.0,0.02,0.0,0.0,0.0,normal,anomaly,normal
5359,12124,tcp,telnet,SF,165,7461,0,0,0,0,0,1,6,0,0,0,0,0,0,0,0,0,1,1,0.0,0.0,0.0,0.0,1.0,0.0,0.0,169,24,0.14,0.03,0.01,0.0,0.01,0.08,0.01,0.08,normal,anomaly,normal
3379,0,icmp,eco_i,SF,8,0,0,0,0,0,0,0,0,0,0,0,0,0,0,0,0,0,1,3,0.0,0.0,0.0,0.0,1.0,0.0,1.0,1,23,1.0,0.0,1.0,0.52,0.0,0.0,0.0,0.0,anomaly,normal,anomaly
6939,0,tcp,http,REJ,0,0,0,0,0,0,0,0,0,0,0,0,0,0,0,0,0,0,1,1,0.0,0.0,1.0,1.0,1.0,0.0,0.0,5,14,1.0,0.0,0.2,0.14,0.0,0.0,1.0,1.0,normal,anomaly,normal
19044,0,icmp,eco_i,SF,8,0,0,0,0,0,0,0,0,0,0,0,0,0,0,0,0,0,1,6,0.0,0.0,0.0,0.0,1.0,0.0,1.0,1,255,1.0,0.0,1.0,0.25,0.0,0.0,0.0,0.0,anomaly,normal,anomaly
7833,0,tcp,ftp_data,SF,334,0,0,0,0,0,0,1,0,0,0,0,0,0,0,0,0,0,1,1,0.0,0.0,0.0,0.0,1.0,0.0,0.0,3,41,1.0,0.0,1.0,0.15,0.0,0.0,0.0,0.0,anomaly,normal,anomaly
14681,2,tcp,smtp,SF,1099,328,0,0,0,0,0,1,0,0,0,0,0,0,0,0,0,0,1,3,0.0,0.0,0.0,0.0,1.0,0.0,1.0,32,11,0.34,0.09,0.03,0.0,0.0,0.0,0.0,0.0,normal,anomaly,normal
22958,0,tcp,time,S0,0,0,0,0,0,0,0,0,0,0,0,0,0,0,0,0,0,0,2,2,0.5,0.5,0.0,0.0,1.0,0.0,0.0,10,10,1.0,0.0,0.2,0.0,0.1,0.1,0.0,0.0,normal,anomaly,normal
8777,2,tcp,smtp,SF,1241,327,0,0,0,0,0,1,0,0,0,0,0,0,0,0,0,0,5,2,0.0,0.0,0.0,0.0,0.2,0.6,1.0,255,13,0.05,0.6,0.0,0.0,0.0,0.0,0.0,0.0,normal,anomaly,normal
7152,3,tcp,telnet,SF,102,1309,0,0,0,0,0,0,0,0,0,0,0,0,0,0,0,0,1,1,0.0,0.0,0.0,0.0,1.0,0.0,0.0,54,2,0.02,0.09,0.02,1.0,0.0,0.0,0.0,0.0,normal,anomaly,normal
16626,0,tcp,smtp,SF,1445,330,0,0,0,0,0,1,0,0,0,0,0,0,0,0,0,0,1,3,0.0,0.0,0.0,0.0,1.0,0.0,1.0,10,9,0.9,0.2,0.1,0.0,0.0,0.0,0.0,0.0,normal,anomaly,normal
19549,0,udp,private,SF,215,0,0,0,0,0,0,0,0,0,0,0,0,0,0,0,0,0,1,1,0.0,0.0,0.0,0.0,1.0,0.0,0.0,171,147,0.86,0.01,0.86,0.0,0.0,0.0,0.0,0.0,anomaly,normal,anomaly
1624,0,icmp,eco_i,SF,8,0,0,0,0,0,0,0,0,0,0,0,0,0,0,0,0,0,1,36,0.0,0.0,0.0,0.0,1.0,0.0,1.0,1,137,1.0,0.0,1.0,0.5,0.0,0.0,0.0,0.0,anomaly,normal,anomaly
17084,5385,udp,other,SF,147,105,0,0,0,0,0,0,0,0,0,0,0,0,0,0,0,0,1,1,0.0,0.0,0.0,0.0,1.0,0.0,0.0,255,2,0.01,0.64,0.97,0.0,0.0,0.0,0.0,0.0,normal,anomaly,normal
1359,2,tcp,ftp,SF,1231,2451,0,0,0,28,0,1,0,0,0,0,0,0,0,0,0,1,1,1,0.0,0.0,0.0,0.0,1.0,0.0,0.0,210,38,0.18,0.02,0.0,0.0,0.0,0.0,0.01,0.0,anomaly,normal,anomaly
9125,0,icmp,ecr_i,SF,520,0,0,0,0,0,0,0,0,0,0,0,0,0,0,0,0,0,232,232,0.0,0.0,0.0,0.0,1.0,0.0,0.0,255,255,1.0,0.0,1.0,0.0,0.0,0.0,0.0,0.0,anomaly,normal,anomaly
13069,10835,tcp,telnet,SF,76,1188,0,0,0,0,0,1,0,0,0,0,0,0,0,0,0,0,1,1,0.0,0.0,0.0,0.0,1.0,0.0,0.0,11,8,0.73,0.36,0.09,0.0,0.09,0.12,0.0,0.0,normal,anomaly,normal
7176,0,udp,private,SF,28,0,0,3,0,0,0,0,0,0,0,0,0,0,0,0,0,0,56,56,0.0,0.0,0.0,0.0,1.0,0.0,0.0,255,56,0.22,0.01,0.22,0.0,0.0,0.0,0.0,0.0,anomaly,normal,anomaly
20813,0,tcp,ftp_data,SF,0,467968,0,0,0,0,0,0,0,0,0,0,0,0,0,0,0,0,1,1,0.0,0.0,0.0,0.0,1.0,0.0,0.0,2,2,1.0,0.0,1.0,0.0,0.0,0.0,0.0,0.0,anomaly,normal,anomaly
10680,0,icmp,eco_i,SF,8,0,0,0,0,0,0,0,0,0,0,0,0,0,0,0,0,0,1,21,0.0,0.0,0.0,0.0,1.0,0.0,1.0,1,255,1.0,0.0,1.0,0.5,0.0,0.0,0.0,0.0,anomaly,normal,anomaly
15232,12,tcp,ftp_data,SF,7045,0,0,0,0,0,0,1,0,0,0,0,0,0,0,0,0,0,1,1,0.0,0.0,0.0,0.0,1.0,0.0,0.0,255,62,0.24,0.13,0.34,0.0,0.02,0.02,0.0,0.0,anomaly,normal,anomaly
17123,0,icmp,ecr_i,SF,520,0,0,0,0,0,0,0,0,0,0,0,0,0,0,0,0,0,134,134,0.0,0.0,0.0,0.0,1.0,0.0,0.0,255,255,1.0,0.0,1.0,0.0,0.0,0.0,0.0,0.0,anomaly,normal,anomaly
13000,0,icmp,eco_i,SF,8,0,0,0,0,0,0,0,0,0,0,0,0,0,0,0,0,0,1,42,0.0,0.0,0.0,0.0,1.0,0.0,1.0,2,86,1.0,0.0,1.0,0.5,0.0,0.0,0.0,0.0,anomaly,normal,anomaly
16280,0,tcp,ftp_data,SF,95,0,0,0,0,0,0,1,0,0,0,0,0,0,0,0,0,0,152,2,0.99,0.0,0.0,0.0,0.01,0.07,0.0,255,6,0.02,0.06,0.02,0.0,0.98,0.0,0.0,0.0,normal,anomaly,normal
505,0,udp,other,SF,145,0,0,0,0,0,0,0,0,0,0,0,0,0,0,0,0,0,3,1,0.0,0.0,0.0,0.0,0.33,0.67,0.0,255,1,0.0,0.54,0.9,0.0,0.0,0.0,0.0,0.0,normal,anomaly,normal
4538,0,tcp,smtp,SF,11798,1568,0,0,0,0,0,1,0,0,0,0,0,0,0,0,0,0,1,1,0.0,0.0,0.0,0.0,1.0,0.0,0.0,255,7,0.03,0.07,0.0,0.0,0.96,0.0,0.0,0.0,normal,anomaly,normal
15275,0,icmp,eco_i,SF,8,0,0,0,0,0,0,0,0,0,0,0,0,0,0,0,0,0,1,3,0.0,0.0,0.0,0.0,1.0,0.0,1.0,1,49,1.0,0.0,1.0,0.51,0.0,0.0,0.0,0.0,anomaly,normal,anomaly
16789,0,icmp,ecr_i,SF,20,0,0,0,0,0,0,0,0,0,0,0,0,0,0,0,0,0,1,1,0.0,0.0,0.0,0.0,1.0,0.0,0.0,255,1,0.0,0.02,0.02,0.0,0.0,0.0,0.0,0.0,anomaly,normal,anomaly
19283,0,tcp,http,SF,54540,8314,0,0,0,2,0,1,1,0,0,0,0,0,0,0,0,0,5,5,0.0,0.0,0.2,0.2,1.0,0.0,0.0,9,9,1.0,0.0,0.11,0.0,0.0,0.0,0.11,0.11,anomaly,normal,anomaly
18338,0,icmp,eco_i,SF,8,0,0,0,0,0,0,0,0,0,0,0,0,0,0,0,0,0,1,42,0.0,0.0,0.0,0.0,1.0,0.0,1.0,2,6,1.0,0.0,1.0,0.5,0.0,0.0,0.0,0.0,anomaly,normal,anomaly
9103,0,tcp,finger,S0,0,0,0,0,0,0,0,0,0,0,0,0,0,0,0,0,0,0,26,13,1.0,1.0,0.0,0.0,0.5,0.08,0.0,255,59,0.23,0.04,0.0,0.0,1.0,1.0,0.0,0.0,anomaly,normal,anomaly
3510,6163,udp,other,SF,146,105,0,0,0,0,0,0,0,0,0,0,0,0,0,0,0,0,4,2,0.0,0.0,0.0,0.0,0.5,0.5,0.0,255,2,0.01,0.64,0.96,0.0,0.0,0.0,0.0,0.0,normal,anomaly,normal
1933,0,icmp,ecr_i,SF,520,0,0,0,0,0,0,0,0,0,0,0,0,0,0,0,0,0,177,177,0.0,0.0,0.0,0.0,1.0,0.0,0.0,255,255,1.0,0.0,1.0,0.0,0.0,0.0,0.0,0.0,anomaly,normal,anomaly
2539,0,icmp,eco_i,SF,8,0,0,0,0,0,0,0,0,0,0,0,0,0,0,0,0,0,1,7,0.0,0.0,0.0,0.0,1.0,0.0,1.0,1,41,1.0,0.0,1.0,0.27,0.0,0.0,0.0,0.0,anomaly,normal,anomaly
3781,0,tcp,ldap,SH,0,0,0,0,0,0,0,0,0,0,0,0,0,0,0,0,0,0,1,1,1.0,1.0,0.0,0.0,1.0,0.0,0.0,73,1,0.01,0.86,0.89,0.0,0.89,1.0,0.0,0.0,anomaly,normal,anomaly
4721,0,icmp,eco_i,SF,8,0,0,0,0,0,0,0,0,0,0,0,0,0,0,0,0,0,1,37,0.0,0.0,0.0,0.0,1.0,0.0,1.0,2,84,1.0,0.0,1.0,0.5,0.0,0.0,0.0,0.0,anomaly,normal,anomaly
15599,0,icmp,eco_i,SF,8,0,0,0,0,0,0,0,0,0,0,0,0,0,0,0,0,0,1,11,0.0,0.0,0.0,0.0,1.0,0.0,1.0,4,200,1.0,0.0,1.0,0.25,0.0,0.0,0.0,0.0,anomaly,normal,anomaly
24849,0,tcp,http,S0,0,0,0,0,0,0,0,0,0,0,0,0,0,0,0,0,0,0,9,9,1.0,1.0,0.0,0.0,1.0,0.0,0.0,255,9,0.04,0.07,0.0,0.0,1.0,1.0,0.0,0.0,anomaly,normal,anomaly
14582,0,icmp,eco_i,SF,8,0,0,0,0,0,0,0,0,0,0,0,0,0,0,0,0,0,1,1,0.0,0.0,0.0,0.0,1.0,0.0,0.0,2,255,1.0,0.0,1.0,0.5,0.0,0.0,0.0,0.0,anomaly,normal,anomaly
11122,0,icmp,eco_i,SF,18,0,0,0,0,0,0,0,0,0,0,0,0,0,0,0,0,0,1,1,0.0,0.0,0.0,0.0,1.0,0.0,0.0,1,53,1.0,0.0,1.0,0.26,0.0,0.0,0.0,0.0,anomaly,normal,anomaly
9132,0,icmp,eco_i,SF,8,0,0,0,0,0,0,0,0,0,0,0,0,0,0,0,0,0,1,35,0.0,0.0,0.0,0.0,1.0,0.0,1.0,2,52,1.0,0.0,1.0,0.5,0.0,0.0,0.0,0.0,anomaly,normal,anomaly
8686,2584,udp,other,SF,147,105,0,0,0,0,0,0,0,0,0,0,0,0,0,0,0,0,2,2,0.0,0.0,0.0,0.0,1.0,0.0,0.0,255,2,0.01,0.65,0.99,0.0,0.0,0.0,0.0,0.0,normal,anomaly,normal
20011,0,tcp,http,SF,54540,8314,0,0,0,2,0,1,1,0,0,0,0,0,0,0,0,0,3,4,0.0,0.0,0.0,0.25,1.0,0.0,0.5,255,255,1.0,0.0,0.0,0.0,0.0,0.0,0.02,0.02,anomaly,normal,anomaly
18425,0,icmp,eco_i,SF,8,0,0,0,0,0,0,0,0,0,0,0,0,0,0,0,0,0,1,16,0.0,0.0,0.0,0.0,1.0,0.0,1.0,4,96,1.0,0.0,1.0,0.25,0.0,0.0,0.0,0.0,anomaly,normal,anomaly
1060,0,tcp,ftp,SF,1195,2449,0,0,0,28,0,1,0,0,0,0,0,0,0,0,0,1,1,1,0.0,0.0,0.0,0.0,1.0,0.0,0.0,116,14,0.12,0.05,0.01,0.0,0.02,0.0,0.07,0.0,anomaly,normal,anomaly
3826,0,icmp,eco_i,SF,20,0,0,0,0,0,0,0,0,0,0,0,0,0,0,0,0,0,2,2,0.0,0.0,0.0,0.0,1.0,0.0,0.0,213,4,0.02,0.76,0.02,0.0,0.03,0.0,0.62,0.0,anomaly,normal,anomaly
5367,0,icmp,eco_i,SF,18,0,0,0,0,0,0,0,0,0,0,0,0,0,0,0,0,0,1,1,0.0,0.0,0.0,0.0,1.0,0.0,0.0,1,110,1.0,0.0,1.0,1.0,0.0,0.0,0.0,0.0,anomaly,normal,anomaly
6107,0,icmp,eco_i,SF,20,0,0,0,0,0,0,0,0,0,0,0,0,0,0,0,0,0,1,1,0.0,0.0,0.0,0.0,1.0,0.0,0.0,88,4,0.05,0.06,0.05,0.0,0.0,0.0,0.0,0.0,anomaly,normal,anomaly
2643,0,icmp,urp_i,SF,78,0,0,0,0,0,0,0,0,0,0,0,0,0,0,0,0,0,6,1,0.0,0.0,0.0,0.0,0.17,0.33,0.0,255,22,0.09,0.01,0.09,0.0,0.0,0.0,0.0,0.0,normal,anomaly,normal
8201,0,udp,private,SF,1,0,0,0,0,0,0,0,0,0,0,0,0,0,0,0,0,0,19,4,0.0,0.0,0.0,0.0,0.21,0.21,0.0,255,47,0.18,0.24,1.0,0.0,0.0,0.0,0.0,0.0,anomaly,normal,anomaly
15923,0,icmp,eco_i,SF,8,0,0,0,0,0,0,0,0,0,0,0,0,0,0,0,0,0,1,18,0.0,0.0,0.0,0.0,1.0,0.0,1.0,2,26,1.0,0.0,1.0,0.5,0.0,0.0,0.0,0.0,anomaly,normal,anomaly
13208,0,tcp,smtp,S0,0,0,0,0,0,0,0,0,0,0,0,0,0,0,0,0,0,0,1,3,1.0,0.33,0.0,0.0,1.0,0.0,1.0,23,135,0.04,0.09,0.04,0.01,0.91,0.01,0.0,0.0,anomaly,normal,anomaly
1021,0,tcp,ftp_data,SF,334,0,0,0,0,0,0,1,0,0,0,0,0,0,0,0,0,0,1,1,0.0,0.0,0.0,0.0,1.0,0.0,0.0,1,54,1.0,0.0,1.0,0.13,0.0,0.02,0.0,0.0,anomaly,normal,anomaly
10689,0,udp,private,SF,215,0,0,0,0,0,0,0,0,0,0,0,0,0,0,0,0,0,1,1,0.0,0.0,0.0,0.0,1.0,0.0,0.0,207,175,0.85,0.01,0.85,0.0,0.0,0.0,0.0,0.0,anomaly,normal,anomaly
19950,0,icmp,eco_i,SF,8,0,0,0,0,0,0,0,0,0,0,0,0,0,0,0,0,0,1,6,0.0,0.0,0.0,0.0,1.0,0.0,1.0,2,154,1.0,0.0,1.0,0.5,0.0,0.0,0.0,0.0,anomaly,normal,anomaly
16717,0,icmp,ecr_i,SF,1032,0,0,0,0,0,0,0,0,0,0,0,0,0,0,0,0,0,62,62,0.0,0.0,0.0,0.0,1.0,0.0,0.0,255,62,0.24,0.02,0.24,0.0,0.0,0.0,0.0,0.0,anomaly,normal,anomaly
3300,0,tcp,ftp_data,S0,0,0,0,0,0,0,0,0,0,0,0,0,0,0,0,0,0,0,6,1,1.0,1.0,0.0,0.0,0.17,0.5,0.0,255,61,0.24,0.02,0.0,0.0,1.0,1.0,0.0,0.0,anomaly,normal,anomaly
16821,0,icmp,ecr_i,SF,1480,0,0,1,0,0,0,0,0,0,0,0,0,0,0,0,0,0,2,4,0.0,0.0,0.0,0.0,1.0,0.0,0.5,2,151,1.0,0.0,1.0,0.13,0.0,0.0,0.0,0.0,anomaly,normal,anomaly
781,0,icmp,eco_i,SF,8,0,0,0,0,0,0,0,0,0,0,0,0,0,0,0,0,0,1,22,0.0,0.0,0.0,0.0,1.0,0.0,1.0,2,129,1.0,0.0,1.0,0.5,0.0,0.0,0.0,0.0,anomaly,normal,anomaly
4719,10629,tcp,telnet,SF,88,1753,0,0,0,0,0,1,0,0,0,0,0,0,0,0,0,0,1,1,0.0,0.0,0.0,0.0,1.0,0.0,0.0,7,2,0.29,0.29,0.14,0.0,0.0,0.0,0.0,0.0,normal,anomaly,normal
17828,0,udp,private,SF,28,0,0,3,0,0,0,0,0,0,0,0,0,0,0,0,0,0,2,2,0.0,0.0,0.0,0.0,1.0,0.0,0.0,255,102,0.4,0.6,0.4,0.0,0.09,0.0,0.51,0.0,anomaly,normal,anomaly
19027,5,tcp,ftp,RSTO,180,828,0,0,0,0,0,1,0,0,0,0,0,0,0,0,0,1,2,1,0.0,0.0,0.5,1.0,0.5,1.0,0.0,20,4,0.2,0.2,0.05,0.0,0.0,0.0,0.05,0.25,normal,anomaly,normal
17698,12041,tcp,IRC,RSTR,1318,9761,0,0,0,0,0,0,0,0,0,0,0,0,0,0,0,0,3,1,0.0,0.0,0.33,1.0,0.33,0.67,0.0,27,6,0.22,0.07,0.04,0.0,0.0,0.0,0.15,0.67,normal,anomaly,normal
23537,0,icmp,ecr_i,SF,1480,0,0,1,0,0,0,0,0,0,0,0,0,0,0,0,0,0,1,3,0.0,0.0,0.0,0.0,1.0,0.0,0.67,3,151,1.0,0.0,1.0,0.1,0.0,0.0,0.0,0.0,anomaly,normal,anomaly
20704,0,tcp,http,SF,54540,8314,0,0,0,2,0,1,1,0,0,0,0,0,0,0,0,0,5,5,0.0,0.0,0.0,0.0,1.0,0.0,0.0,166,166,1.0,0.0,0.01,0.0,0.0,0.0,0.05,0.05,anomaly,normal,anomaly
190,15159,tcp,ftp,SF,350,1185,0,0,0,6,0,1,0,0,0,0,0,0,0,0,0,1,1,2,0.0,0.0,0.0,0.0,1.0,0.0,1.0,255,142,0.56,0.02,0.0,0.0,0.0,0.0,0.0,0.0,anomaly,normal,anomaly
345,0,icmp,urp_i,SF,78,0,0,0,0,0,0,0,0,0,0,0,0,0,0,0,0,0,20,8,0.0,0.0,0.0,0.0,0.4,0.1,0.0,255,16,0.06,0.01,0.06,0.0,0.0,0.0,0.0,0.0,normal,anomaly,normal
19066,0,icmp,eco_i,SF,18,0,0,0,0,0,0,0,0,0,0,0,0,0,0,0,0,0,1,1,0.0,0.0,0.0,0.0,1.0,0.0,0.0,1,184,1.0,0.0,1.0,1.0,0.0,0.0,0.0,0.0,anomaly,normal,anomaly
24139,0,icmp,eco_i,SF,8,0,0,0,0,0,0,0,0,0,0,0,0,0,0,0,0,0,1,37,0.0,0.0,0.0,0.0,1.0,0.0,1.0,1,97,1.0,0.0,1.0,0.51,0.0,0.0,0.0,0.0,anomaly,normal,anomaly
21936,0,icmp,eco_i,SF,8,0,0,0,0,0,0,0,0,0,0,0,0,0,0,0,0,0,1,19,0.0,0.0,0.0,0.0,1.0,0.0,1.0,3,47,1.0,0.0,1.0,0.26,0.0,0.0,0.0,0.0,anomaly,normal,anomaly
9224,12666,tcp,IRC,RSTR,1921,10470,0,0,0,0,0,0,0,0,0,0,0,0,0,0,0,0,1,1,0.0,0.0,1.0,1.0,1.0,0.0,0.0,8,2,0.25,0.25,0.12,0.0,0.0,0.0,0.25,1.0,normal,anomaly,normal
18987,0,icmp,eco_i,SF,8,0,0,0,0,0,0,0,0,0,0,0,0,0,0,0,0,0,1,14,0.0,0.0,0.0,0.0,1.0,0.0,1.0,2,100,1.0,0.0,1.0,0.5,0.0,0.0,0.0,0.0,anomaly,normal,anomaly
17545,0,tcp,http,SF,54540,8314,0,0,0,2,0,1,1,0,0,0,0,0,0,0,0,0,3,3,0.0,0.0,0.0,0.0,1.0,0.0,0.0,82,82,1.0,0.0,0.01,0.0,0.0,0.0,0.17,0.17,anomaly,normal,anomaly
20503,0,tcp,http,S0,0,0,0,0,0,0,0,0,0,0,0,0,0,0,0,0,0,0,1,1,1.0,1.0,0.0,0.0,1.0,0.0,0.0,255,59,0.23,0.04,0.0,0.0,1.0,1.0,0.0,0.0,anomaly,normal,anomaly
6321,0,icmp,eco_i,SF,18,0,0,0,0,0,0,0,0,0,0,0,0,0,0,0,0,0,1,1,0.0,0.0,0.0,0.0,1.0,0.0,0.0,3,167,1.0,0.0,1.0,0.25,0.0,0.0,0.0,0.0,anomaly,normal,anomaly
13997,0,icmp,eco_i,SF,8,0,0,0,0,0,0,0,0,0,0,0,0,0,0,0,0,0,1,43,0.0,0.0,0.0,0.0,1.0,0.0,1.0,3,63,1.0,0.0,1.0,0.25,0.0,0.0,0.0,0.0,anomaly,normal,anomaly
4649,43,tcp,telnet,SF,121,10269,0,0,0,0,0,1,0,0,0,0,0,0,0,0,0,0,1,1,0.0,0.0,0.0,0.0,1.0,0.0,0.0,136,2,0.01,0.04,0.01,1.0,0.01,0.0,0.0,0.0,normal,anomaly,normal
20890,0,icmp,ecr_i,SF,1032,0,0,0,0,0,0,0,0,0,0,0,0,0,0,0,0,0,335,335,0.0,0.0,0.0,0.0,1.0,0.0,0.0,255,255,1.0,0.0,1.0,0.0,0.0,0.0,0.0,0.0,anomaly,normal,anomaly
18732,0,icmp,eco_i,SF,8,0,0,0,0,0,0,0,0,0,0,0,0,0,0,0,0,0,1,45,0.0,0.0,0.0,0.0,1.0,0.0,1.0,1,62,1.0,0.0,1.0,0.52,0.0,0.0,0.0,0.0,anomaly,normal,anomaly
2826,0,tcp,ftp_data,SF,334,0,0,0,0,0,0,1,0,0,0,0,0,0,0,0,0,0,2,2,0.0,0.0,0.0,0.0,0.5,1.0,1.0,6,24,0.83,0.33,1.0,0.12,0.0,0.0,0.0,0.0,anomaly,normal,anomaly
15256,362,tcp,telnet,SF,292,1970,0,0,0,0,0,1,7,0,0,0,0,0,0,0,0,0,1,1,0.0,0.0,0.0,0.0,1.0,0.0,0.0,20,9,0.45,0.2,0.05,0.0,0.05,0.11,0.0,0.0,normal,anomaly,normal
10066,14101,udp,other,SF,147,105,0,0,0,0,0,0,0,0,0,0,0,0,0,0,0,0,4,2,0.0,0.0,0.0,0.0,0.5,0.5,0.0,255,4,0.02,0.58,0.97,0.0,0.0,0.0,0.0,0.0,normal,anomaly,normal
12164,0,icmp,ecr_i,SF,1480,0,0,1,0,0,0,0,0,0,0,0,0,0,0,0,0,0,9,9,0.0,0.0,0.0,0.0,1.0,0.0,0.0,255,9,0.04,0.02,0.04,0.0,0.0,0.0,0.0,0.0,anomaly,normal,anomaly
6505,0,tcp,ftp,RSTO,107,424,0,0,0,0,0,1,0,0,0,0,0,0,0,0,0,1,3,1,0.0,0.0,0.33,1.0,0.33,0.67,0.0,24,5,0.21,0.17,0.04,0.0,0.0,0.0,0.08,0.4,normal,anomaly,normal
14709,0,tcp,http,REJ,0,0,0,0,0,0,0,0,0,0,0,0,0,0,0,0,0,0,1,4,0.0,0.25,1.0,0.75,1.0,0.0,1.0,13,22,1.0,0.0,0.08,0.18,0.0,0.0,0.92,0.91,normal,anomaly,normal
12426,0,icmp,ecr_i,SF,1032,0,0,0,0,0,0,0,0,0,0,0,0,0,0,0,0,0,234,234,0.0,0.0,0.0,0.0,1.0,0.0,0.0,255,234,0.92,0.01,0.92,0.0,0.0,0.0,0.0,0.0,anomaly,normal,anomaly
211,0,icmp,ecr_i,SF,1480,0,0,1,0,0,0,0,0,0,0,0,0,0,0,0,0,0,2,4,0.0,0.0,0.0,0.0,1.0,0.0,0.5,2,38,1.0,0.0,1.0,0.5,0.0,0.0,0.0,0.0,anomaly,normal,anomaly
8220,0,udp,domain_u,SF,45,130,0,0,0,0,0,0,0,0,0,0,0,0,0,0,0,0,188,188,0.0,0.0,0.0,0.0,1.0,0.0,0.0,113,74,0.65,0.03,0.01,0.0,0.0,0.0,0.0,0.0,normal,anomaly,normal
20189,0,icmp,urp_i,SF,182,0,0,0,0,0,0,0,0,0,0,0,0,0,0,0,0,0,2,1,0.0,0.0,0.0,0.0,0.5,1.0,0.0,255,9,0.04,0.01,0.05,0.0,0.0,0.0,0.0,0.0,normal,anomaly,normal
6609,0,icmp,eco_i,SF,8,0,0,0,0,0,0,0,0,0,0,0,0,0,0,0,0,0,1,1,0.0,0.0,0.0,0.0,1.0,0.0,0.0,1,137,1.0,0.0,1.0,0.5,0.0,0.0,0.0,0.0,anomaly,normal,anomaly
8052,0,udp,private,SF,215,0,0,0,0,0,0,0,0,0,0,0,0,0,0,0,0,0,1,1,0.0,0.0,0.0,0.0,1.0,0.0,0.0,95,79,0.83,0.02,0.83,0.0,0.0,0.0,0.0,0.0,anomaly,normal,anomaly
19175,0,tcp,http,RSTR,24252,7300,0,0,0,1,0,1,0,0,0,0,0,0,0,0,0,0,2,2,0.0,0.0,0.5,0.5,1.0,0.0,0.0,255,255,1.0,0.0,0.0,0.0,0.0,0.0,0.05,0.05,anomaly,normal,anomaly
224,0,icmp,eco_i,SF,8,0,0,0,0,0,0,0,0,0,0,0,0,0,0,0,0,0,1,50,0.0,0.0,0.0,0.0,1.0,0.0,1.0,1,25,1.0,0.0,1.0,0.56,0.0,0.0,0.0,0.0,anomaly,normal,anomaly
20962,0,icmp,eco_i,SF,8,0,0,0,0,0,0,0,0,0,0,0,0,0,0,0,0,0,1,40,0.0,0.0,0.0,0.0,1.0,0.0,1.0,2,152,1.0,0.0,1.0,0.5,0.0,0.0,0.0,0.0,anomaly,normal,anomaly
12025,0,icmp,urp_i,SF,182,0,0,0,0,0,0,0,0,0,0,0,0,0,0,0,0,0,2,1,0.0,0.0,0.0,0.0,0.5,1.0,0.0,255,19,0.07,0.01,0.1,0.0,0.0,0.0,0.0,0.0,normal,anomaly,normal
2745,0,icmp,ecr_i,SF,1032,0,0,0,0,0,0,0,0,0,0,0,0,0,0,0,0,0,178,178,0.0,0.0,0.0,0.0,1.0,0.0,0.0,255,178,0.7,0.01,0.7,0.0,0.0,0.0,0.0,0.0,anomaly,normal,anomaly
6451,0,tcp,http,SF,54540,8314,0,0,0,2,0,1,1,0,0,0,0,0,0,0,0,0,6,6,0.0,0.0,0.0,0.0,1.0,0.0,0.0,255,255,1.0,0.0,0.0,0.0,0.01,0.01,0.02,0.02,anomaly,normal,anomaly
20463,0,icmp,eco_i,SF,8,0,0,0,0,0,0,0,0,0,0,0,0,0,0,0,0,0,1,26,0.0,0.0,0.0,0.0,1.0,0.0,1.0,2,110,1.0,0.0,1.0,0.5,0.0,0.0,0.0,0.0,anomaly,normal,anomaly
23393,0,tcp,other,SF,5558,0,0,0,0,0,0,1,0,0,0,0,0,0,0,0,0,0,14,1,0.07,0.0,0.0,0.0,0.07,0.29,0.0,127,1,0.01,0.06,0.16,0.0,0.03,0.0,0.0,0.0,normal,anomaly,normal
23677,0,tcp,ftp_data,SF,334,0,0,0,0,0,0,1,0,0,0,0,0,0,0,0,0,0,1,1,0.0,0.0,0.0,0.0,1.0,0.0,0.0,3,29,1.0,0.0,1.0,0.14,0.0,0.0,0.0,0.0,anomaly,normal,anomaly
24648,0,icmp,eco_i,SF,8,0,0,0,0,0,0,0,0,0,0,0,0,0,0,0,0,0,1,33,0.0,0.0,0.0,0.0,1.0,0.0,1.0,1,99,1.0,0.0,1.0,0.51,0.0,0.0,0.0,0.0,anomaly,normal,anomaly
24900,0,tcp,smtp,S0,0,0,0,0,0,0,0,0,0,0,0,0,0,0,0,0,0,0,8,8,1.0,1.0,0.0,0.0,1.0,0.0,0.0,190,142,0.46,0.01,0.01,0.01,0.99,0.62,0.0,0.0,anomaly,normal,anomaly
3997,0,icmp,eco_i,SF,8,0,0,0,0,0,0,0,0,0,0,0,0,0,0,0,0,0,1,4,0.0,0.0,0.0,0.0,1.0,0.0,1.0,1,255,1.0,0.0,1.0,0.5,0.0,0.0,0.0,0.0,anomaly,normal,anomaly
10666,0,tcp,http,RSTR,33336,2920,0,0,0,1,0,1,0,0,0,0,0,0,0,0,0,0,5,5,0.0,0.0,0.4,0.4,1.0,0.0,0.0,255,255,1.0,0.0,0.0,0.0,0.0,0.0,0.06,0.06,anomaly,normal,anomaly
14251,0,icmp,ecr_i,SF,520,0,0,0,0,0,0,0,0,0,0,0,0,0,0,0,0,0,257,257,0.0,0.0,0.0,0.0,1.0,0.0,0.0,255,255,1.0,0.0,1.0,0.0,0.0,0.0,0.0,0.0,anomaly,normal,anomaly
8907,1235,udp,other,SF,147,105,0,0,0,0,0,0,0,0,0,0,0,0,0,0,0,0,4,2,0.25,0.0,0.0,0.0,0.5,0.5,0.0,255,2,0.01,0.55,0.88,0.0,0.0,0.0,0.0,0.0,normal,anomaly,normal
16920,0,tcp,finger,S0,0,0,0,0,0,0,0,0,0,0,0,0,0,0,0,0,0,0,6,2,1.0,1.0,0.0,0.0,0.33,0.33,0.0,248,62,0.25,0.02,0.0,0.0,0.99,1.0,0.0,0.0,anomaly,normal,anomaly
1699,7,tcp,telnet,SF,103,2853,0,0,0,0,0,1,1,0,0,1,0,0,0,0,0,0,1,1,0.0,0.0,0.0,0.0,1.0,0.0,0.0,90,4,0.03,0.03,0.01,0.5,0.0,0.0,0.0,0.0,normal,anomaly,normal
3984,0,udp,private,SF,28,0,0,3,0,0,0,0,0,0,0,0,0,0,0,0,0,0,30,30,0.0,0.0,0.0,0.0,1.0,0.0,0.0,255,30,0.12,0.01,0.12,0.0,0.0,0.0,0.0,0.0,anomaly,normal,anomaly
10669,0,tcp,Z39_50,S0,0,0,0,0,0,0,0,0,0,0,0,0,0,0,0,0,0,0,13,5,1.0,1.0,0.0,0.0,0.38,0.31,0.0,255,5,0.02,0.09,0.0,0.0,1.0,1.0,0.0,0.0,anomaly,normal,anomaly
8290,0,udp,other,SF,516,4,0,0,0,0,0,0,0,0,0,0,0,0,0,0,0,0,381,381,0.0,0.0,0.0,0.0,1.0,0.0,0.0,255,255,1.0,0.0,1.0,0.0,0.0,0.0,0.0,0.0,normal,anomaly,normal
25067,0,tcp,telnet,S0,0,0,0,0,0,0,0,0,0,0,0,0,0,0,0,0,0,0,15,15,1.0,1.0,0.0,0.0,1.0,0.0,0.0,177,97,0.55,0.01,0.01,0.0,0.99,0.98,0.0,0.0,anomaly,normal,anomaly
20904,0,tcp,ftp_data,SF,334,0,0,0,0,0,0,1,0,0,0,0,0,0,0,0,0,0,1,1,0.0,0.0,0.0,0.0,1.0,0.0,0.0,6,40,1.0,0.0,1.0,0.15,0.0,0.03,0.0,0.0,anomaly,normal,anomaly
14698,0,tcp,ftp_data,S0,0,0,0,0,0,0,0,0,0,0,0,0,0,0,0,0,0,0,6,6,1.0,1.0,0.0,0.0,1.0,0.0,0.0,255,54,0.21,0.02,0.0,0.0,1.0,1.0,0.0,0.0,anomaly,normal,anomaly
16553,0,tcp,ftp_data,S0,0,0,0,0,0,0,0,0,0,0,0,0,0,0,0,0,0,0,19,3,1.0,1.0,0.0,0.0,0.16,0.21,0.0,255,63,0.25,0.02,0.0,0.0,1.0,1.0,0.0,0.0,anomaly,normal,anomaly
14210,0,icmp,eco_i,SF,8,0,0,0,0,0,0,0,0,0,0,0,0,0,0,0,0,0,1,37,0.0,0.0,0.0,0.0,1.0,0.0,1.0,2,64,1.0,0.0,1.0,0.5,0.0,0.0,0.0,0.0,anomaly,normal,anomaly
13949,0,icmp,eco_i,SF,8,0,0,0,0,0,0,0,0,0,0,0,0,0,0,0,0,0,1,51,0.0,0.0,0.0,0.0,1.0,0.0,1.0,1,21,1.0,0.0,1.0,0.52,0.0,0.0,0.0,0.0,anomaly,normal,anomaly
11284,0,icmp,eco_i,SF,8,0,0,0,0,0,0,0,0,0,0,0,0,0,0,0,0,0,1,31,0.0,0.0,0.0,0.0,1.0,0.0,1.0,1,119,1.0,0.0,1.0,0.5,0.0,0.0,0.0,0.0,anomaly,normal,anomaly
14237,0,icmp,eco_i,SF,8,0,0,0,0,0,0,0,0,0,0,0,0,0,0,0,0,0,1,20,0.0,0.0,0.0,0.0,1.0,0.0,1.0,1,83,1.0,0.0,1.0,0.51,0.0,0.0,0.0,0.0,anomaly,normal,anomaly
6310,0,tcp,smtp,SF,1388,391,0,0,0,0,0,1,0,0,0,0,0,0,0,0,0,0,2,1,0.0,0.0,0.5,0.0,0.5,1.0,0.0,255,10,0.04,0.09,0.0,0.0,0.87,0.0,0.01,0.0,normal,anomaly,normal
829,0,icmp,eco_i,SF,8,0,0,0,0,0,0,0,0,0,0,0,0,0,0,0,0,0,1,27,0.0,0.0,0.0,0.0,1.0,0.0,1.0,2,129,1.0,0.0,1.0,0.5,0.0,0.0,0.0,0.0,anomaly,normal,anomaly
5822,0,tcp,http,SF,54540,8314,0,0,0,2,0,1,1,0,0,0,0,0,0,0,0,0,2,2,0.0,0.0,0.0,0.0,1.0,0.0,0.0,177,177,1.0,0.0,0.01,0.0,0.0,0.0,0.01,0.01,anomaly,normal,anomaly
16322,11460,tcp,telnet,SF,3227,36853,0,0,0,1,0,1,0,0,0,0,17,0,0,0,0,0,1,1,0.0,0.0,0.0,0.0,1.0,0.0,0.0,132,13,0.1,0.04,0.01,0.0,0.02,0.23,0.0,0.0,normal,anomaly,normal
16373,0,tcp,time,S0,0,0,0,0,0,0,0,0,0,0,0,0,0,0,0,0,0,0,2,2,0.5,0.5,0.0,0.0,1.0,0.0,0.0,26,26,1.0,0.0,0.08,0.0,0.08,0.08,0.0,0.0,normal,anomaly,normal
6864,0,udp,private,SF,28,0,0,3,0,0,0,0,0,0,0,0,0,0,0,0,0,0,33,33,0.0,0.0,0.0,0.0,1.0,0.0,0.0,255,33,0.13,0.02,0.13,0.0,0.0,0.0,0.0,0.0,anomaly,normal,anomaly
12282,0,tcp,time,SF,0,4,0,0,0,0,0,0,0,0,0,0,0,0,0,0,0,0,1,1,0.0,0.0,0.0,0.0,1.0,0.0,0.0,18,18,1.0,0.0,0.06,0.0,0.11,0.11,0.0,0.0,normal,anomaly,normal
6523,0,udp,private,SF,28,0,0,3,0,0,0,0,0,0,0,0,0,0,0,0,0,0,57,57,0.0,0.0,0.0,0.0,1.0,0.0,0.0,255,57,0.22,0.04,0.22,0.0,0.02,0.0,0.0,0.0,anomaly,normal,anomaly
17685,0,udp,private,SF,28,0,0,3,0,0,0,0,0,0,0,0,0,0,0,0,0,0,10,10,0.0,0.0,0.0,0.0,1.0,0.0,0.0,255,77,0.3,0.01,0.3,0.0,0.0,0.0,0.0,0.0,anomaly,normal,anomaly
19633,2,tcp,pop_3,SF,66,2591,0,0,0,1,0,1,0,0,0,0,0,0,0,0,0,0,4,1,0.0,0.0,0.0,0.0,0.25,0.5,0.0,194,4,0.02,0.04,0.01,0.0,0.01,0.0,0.0,0.0,normal,anomaly,normal
1072,0,icmp,eco_i,SF,8,0,0,0,0,0,0,0,0,0,0,0,0,0,0,0,0,0,1,9,0.0,0.0,0.0,0.0,1.0,0.0,1.0,2,62,1.0,0.0,1.0,0.52,0.0,0.0,0.0,0.0,anomaly,normal,anomaly
20254,3584,udp,other,SF,147,105,0,0,0,0,0,0,0,0,0,0,0,0,0,0,0,0,1,1,0.0,0.0,0.0,0.0,1.0,0.0,0.0,255,1,0.0,0.68,0.89,0.0,0.0,0.0,0.0,0.0,normal,anomaly,normal
20096,0,udp,private,SF,215,0,0,0,0,0,0,0,0,0,0,0,0,0,0,0,0,0,1,1,0.0,0.0,0.0,0.0,1.0,0.0,0.0,163,139,0.85,0.01,0.85,0.0,0.0,0.0,0.0,0.0,anomaly,normal,anomaly
8137,0,tcp,http,S0,0,0,0,0,0,0,0,0,0,0,0,0,0,0,0,0,0,0,14,8,1.0,1.0,0.0,0.0,0.57,0.29,0.0,255,69,0.27,0.02,0.0,0.0,1.0,1.0,0.0,0.0,anomaly,normal,anomaly
10828,0,tcp,http,SF,54540,8314,0,0,0,2,0,1,1,0,0,0,0,0,0,0,0,0,11,11,0.0,0.0,0.0,0.0,1.0,0.0,0.0,255,255,1.0,0.0,0.0,0.0,0.0,0.0,0.04,0.04,anomaly,normal,anomaly
21735,1,tcp,ftp,SF,1236,2450,0,0,0,28,0,1,0,0,0,0,0,0,0,0,0,1,1,1,0.0,0.0,0.0,0.0,1.0,0.0,0.0,255,86,0.34,0.02,0.0,0.0,0.0,0.0,0.0,0.0,anomaly,normal,anomaly
11954,9093,tcp,telnet,SF,2664,16749,0,0,0,0,0,1,2,0,0,2,14,0,0,0,0,0,1,1,0.0,0.0,0.0,0.0,1.0,0.0,0.0,255,20,0.08,0.07,0.0,0.0,0.62,0.0,0.01,0.1,normal,anomaly,normal
8873,0,tcp,other,SF,3468,0,0,0,0,0,0,1,0,0,0,0,0,0,0,0,0,0,18,1,0.06,0.0,0.0,0.0,0.06,0.22,0.0,65,1,0.02,0.09,0.66,0.0,0.02,0.0,0.0,0.0,normal,anomaly,normal
18522,0,icmp,urp_i,SF,181,0,0,0,0,0,0,0,0,0,0,0,0,0,0,0,0,0,2,1,0.0,0.0,0.0,0.0,0.5,1.0,0.0,2,1,0.5,1.0,1.0,0.0,0.0,0.0,0.0,0.0,normal,anomaly,normal
12447,0,tcp,pop_3,SF,42,130,0,0,0,0,0,1,0,0,0,0,0,0,0,0,0,0,1,1,0.0,0.0,0.0,0.0,1.0,0.0,0.0,3,3,1.0,0.0,0.33,0.0,0.0,0.0,0.0,0.0,normal,anomaly,normal
17283,0,icmp,eco_i,SF,8,0,0,0,0,0,0,0,0,0,0,0,0,0,0,0,0,0,1,37,0.0,0.0,0.0,0.0,1.0,0.0,1.0,2,28,1.0,0.0,1.0,0.5,0.0,0.0,0.0,0.0,anomaly,normal,anomaly
22086,0,icmp,eco_i,SF,8,0,0,0,0,0,0,0,0,0,0,0,0,0,0,0,0,0,1,46,0.0,0.0,0.0,0.0,1.0,0.0,1.0,2,62,1.0,0.0,1.0,0.52,0.0,0.0,0.0,0.0,anomaly,normal,anomaly
158,0,icmp,eco_i,SF,8,0,0,0,0,0,0,0,0,0,0,0,0,0,0,0,0,0,1,46,0.0,0.0,0.0,0.0,1.0,0.0,1.0,1,15,1.0,0.0,1.0,0.53,0.0,0.0,0.0,0.0,anomaly,normal,anomaly
23431,0,udp,domain_u,SF,45,130,0,0,0,0,0,0,0,0,0,0,0,0,0,0,0,0,199,199,0.0,0.0,0.0,0.0,1.0,0.0,0.0,124,85,0.69,0.02,0.01,0.0,0.0,0.0,0.0,0.0,normal,anomaly,normal
20426,0,icmp,eco_i,SF,8,0,0,0,0,0,0,0,0,0,0,0,0,0,0,0,0,0,1,17,0.0,0.0,0.0,0.0,1.0,0.0,1.0,3,41,1.0,0.0,1.0,0.27,0.0,0.0,0.0,0.0,anomaly,normal,anomaly
7429,5041,tcp,ftp_data,SF,0,5131424,0,0,0,0,0,0,0,0,0,0,0,0,0,0,0,0,1,1,0.0,0.0,0.0,0.0,1.0,0.0,0.0,255,65,0.25,0.02,0.0,0.0,0.75,0.85,0.0,0.0,normal,anomaly,normal
619,0,tcp,http,SF,54540,8314,0,0,0,2,0,1,1,0,0,0,0,0,0,0,0,0,3,3,0.0,0.0,0.0,0.0,1.0,0.0,0.0,214,214,1.0,0.0,0.0,0.0,0.0,0.0,0.01,0.01,anomaly,normal,anomaly
23047,0,tcp,http,SF,54540,8314,0,0,0,2,0,1,1,0,0,0,0,0,0,0,0,0,5,5,0.0,0.0,0.0,0.0,1.0,0.0,0.0,18,18,1.0,0.0,0.06,0.0,0.0,0.0,0.06,0.06,anomaly,normal,anomaly
12947,0,tcp,other,SF,10389,0,0,0,0,0,0,1,0,0,0,0,0,0,0,0,0,0,4,1,0.0,0.0,0.0,0.0,0.25,1.0,0.0,218,1,0.0,0.07,0.39,0.0,0.0,0.0,0.0,0.0,normal,anomaly,normal
19587,0,icmp,eco_i,SF,18,0,0,0,0,0,0,0,0,0,0,0,0,0,0,0,0,0,1,1,0.0,0.0,0.0,0.0,1.0,0.0,0.0,3,151,1.0,0.0,1.0,0.25,0.0,0.0,0.0,0.0,anomaly,normal,anomaly
18991,0,tcp,http,SF,54540,8314,0,0,0,2,0,1,1,0,0,0,0,0,0,0,0,0,5,6,0.0,0.0,0.0,0.17,1.0,0.0,0.33,255,255,1.0,0.0,0.0,0.0,0.0,0.0,0.02,0.02,anomaly,normal,anomaly
22960,0,icmp,eco_i,SF,18,0,0,0,0,0,0,0,0,0,0,0,0,0,0,0,0,0,1,1,0.0,0.0,0.0,0.0,1.0,0.0,0.0,1,140,1.0,0.0,1.0,1.0,0.0,0.0,0.0,0.0,anomaly,normal,anomaly
1040,4,tcp,telnet,RSTO,0,15,0,0,0,0,0,0,0,0,0,0,0,0,0,0,0,0,1,1,0.0,0.0,1.0,1.0,1.0,0.0,0.0,130,1,0.01,0.05,0.01,0.0,0.0,0.0,0.01,1.0,normal,anomaly,normal
17014,0,icmp,eco_i,SF,8,0,0,0,0,0,0,0,0,0,0,0,0,0,0,0,0,0,1,48,0.0,0.0,0.0,0.0,1.0,0.0,1.0,2,160,1.0,0.0,1.0,0.5,0.0,0.0,0.0,0.0,anomaly,normal,anomaly
24066,0,udp,private,SF,28,0,0,3,0,0,0,0,0,0,0,0,0,0,0,0,0,0,58,58,0.0,0.0,0.0,0.0,1.0,0.0,0.0,255,58,0.23,0.04,0.23,0.0,0.02,0.0,0.0,0.0,anomaly,normal,anomaly
25175,10,tcp,telnet,SF,139,2257,0,0,0,0,0,1,0,0,0,0,0,0,0,0,0,0,1,1,0.0,0.0,0.0,0.0,1.0,0.0,0.0,1,7,1.0,0.0,1.0,0.86,0.0,0.0,0.0,0.0,normal,anomaly,normal
7483,4550,udp,other,SF,147,105,0,0,0,0,0,0,0,0,0,0,0,0,0,0,0,0,1,1,0.0,0.0,0.0,0.0,1.0,0.0,0.0,255,1,0.0,0.56,0.85,0.0,0.0,0.0,0.0,0.0,normal,anomaly,normal
24582,0,icmp,eco_i,SF,8,0,0,0,0,0,0,0,0,0,0,0,0,0,0,0,0,0,1,3,0.0,0.0,0.0,0.0,1.0,0.0,1.0,4,61,1.0,0.0,1.0,0.26,0.0,0.0,0.0,0.0,anomaly,normal,anomaly
18921,0,icmp,eco_i,SF,8,0,0,0,0,0,0,0,0,0,0,0,0,0,0,0,0,0,1,43,0.0,0.0,0.0,0.0,1.0,0.0,1.0,1,58,1.0,0.0,1.0,0.52,0.0,0.0,0.0,0.0,anomaly,normal,anomaly
25148,322,tcp,telnet,SF,248,8082,0,0,0,0,0,1,3,0,0,0,0,0,0,0,0,0,1,1,0.0,0.0,0.0,0.0,1.0,0.0,0.0,15,4,0.27,0.2,0.07,0.0,0.07,0.0,0.13,0.5,normal,anomaly,normal
15837,0,icmp,eco_i,SF,8,0,0,0,0,0,0,0,0,0,0,0,0,0,0,0,0,0,1,24,0.0,0.0,0.0,0.0,1.0,0.0,1.0,4,108,1.0,0.0,1.0,0.25,0.0,0.0,0.0,0.0,anomaly,normal,anomaly
14907,0,udp,other,SF,1,0,0,0,0,0,0,0,0,0,0,0,0,0,0,0,0,0,10,10,0.0,0.0,0.0,0.0,1.0,0.0,0.0,255,10,0.04,0.2,0.6,0.0,0.0,0.0,0.35,0.0,anomaly,normal,anomaly
12988,0,udp,other,SF,516,4,0,0,0,0,0,0,0,0,0,0,0,0,0,0,0,0,310,310,0.0,0.0,0.0,0.0,1.0,0.0,0.0,255,255,1.0,0.0,1.0,0.0,0.0,0.0,0.0,0.0,normal,anomaly,normal
4244,1,tcp,ftp,SF,1213,2449,0,0,0,28,0,1,0,0,0,0,0,0,0,0,0,1,1,1,0.0,0.0,0.0,0.0,1.0,0.0,0.0,255,132,0.52,0.02,0.0,0.0,0.0,0.0,0.0,0.0,anomaly,normal,anomaly
11918,0,icmp,urp_i,SF,182,0,0,0,0,0,0,0,0,0,0,0,0,0,0,0,0,0,2,1,0.0,0.0,0.0,0.0,0.5,1.0,0.0,255,18,0.07,0.01,0.09,0.0,0.0,0.0,0.0,0.0,normal,anomaly,normal
4045,0,icmp,eco_i,SF,8,0,0,0,0,0,0,0,0,0,0,0,0,0,0,0,0,0,1,47,0.0,0.0,0.0,0.0,1.0,0.0,1.0,1,249,1.0,0.0,1.0,0.5,0.0,0.0,0.0,0.0,anomaly,normal,anomaly
13378,156,tcp,ftp,SF,950,2551,0,0,0,18,0,1,0,0,0,0,21,0,0,0,0,1,1,1,0.0,0.0,0.0,0.0,1.0,0.0,0.0,218,1,0.0,0.03,0.0,0.0,0.01,0.0,0.07,0.0,anomaly,normal,anomaly
13120,0,tcp,other,SF,4539,0,0,0,0,0,0,1,0,0,0,0,0,0,0,0,0,0,22,1,0.05,0.0,0.0,0.0,0.05,0.41,0.0,174,1,0.01,0.07,0.32,0.0,0.01,0.0,0.0,0.0,normal,anomaly,normal
13538,0,tcp,X11,REJ,0,0,0,0,0,0,0,0,0,0,0,0,0,0,0,0,0,0,1,1,0.0,0.0,1.0,1.0,1.0,0.0,0.0,255,1,0.0,0.33,0.0,0.0,0.0,0.0,0.11,1.0,anomaly,normal,anomaly
4681,0,tcp,http,SF,54540,8314,0,0,0,2,0,1,1,0,0,0,0,0,0,0,0,0,6,6,0.0,0.0,0.0,0.0,1.0,0.0,0.0,255,255,1.0,0.0,0.0,0.0,0.0,0.0,0.05,0.05,anomaly,normal,anomaly
16477,0,icmp,eco_i,SF,18,0,0,0,0,0,0,0,0,0,0,0,0,0,0,0,0,0,1,1,0.0,0.0,0.0,0.0,1.0,0.0,0.0,3,63,1.0,0.0,1.0,0.25,0.0,0.0,0.0,0.0,anomaly,normal,anomaly
11251,0,icmp,eco_i,SF,18,0,0,0,0,0,0,0,0,0,0,0,0,0,0,0,0,0,1,1,0.0,0.0,0.0,0.0,1.0,0.0,0.0,1,127,1.0,0.0,1.0,1.0,0.0,0.0,0.0,0.0,anomaly,normal,anomaly
11129,0,icmp,eco_i,SF,8,0,0,0,0,0,0,0,0,0,0,0,0,0,0,0,0,0,1,31,0.0,0.0,0.0,0.0,1.0,0.0,1.0,2,129,1.0,0.0,1.0,0.5,0.0,0.0,0.0,0.0,anomaly,normal,anomaly
4601,41,tcp,telnet,RSTO,110,9225,0,0,0,0,0,1,0,0,0,0,0,0,0,0,0,0,1,1,0.0,0.0,1.0,1.0,1.0,0.0,0.0,120,1,0.01,0.08,0.01,0.0,0.01,0.0,0.01,1.0,normal,anomaly,normal
12014,0,udp,other,SF,147,0,0,0,0,0,0,0,0,0,0,0,0,0,0,0,0,0,4,1,0.0,0.0,0.0,0.0,0.25,0.75,0.0,255,3,0.01,0.58,0.93,0.0,0.0,0.0,0.0,0.0,normal,anomaly,normal
16631,1,tcp,ftp,SF,1228,2449,0,0,0,28,0,1,0,0,0,0,0,0,0,0,0,1,1,1,0.0,0.0,0.0,0.0,1.0,0.0,0.0,107,5,0.05,0.06,0.01,0.0,0.02,0.0,0.07,0.0,anomaly,normal,anomaly
15544,0,tcp,http,SF,54540,8314,0,0,0,2,0,1,1,0,0,0,0,0,0,0,0,0,4,4,0.0,0.0,0.0,0.0,1.0,0.0,0.0,67,67,1.0,0.0,0.01,0.0,0.0,0.0,0.18,0.18,anomaly,normal,anomaly
23346,0,udp,private,SF,28,0,0,3,0,0,0,0,0,0,0,0,0,0,0,0,0,0,32,32,0.0,0.0,0.0,0.0,1.0,0.0,0.0,235,32,0.14,0.05,0.14,0.0,0.02,0.0,0.0,0.0,anomaly,normal,anomaly
8344,0,icmp,eco_i,SF,8,0,0,0,0,0,0,0,0,0,0,0,0,0,0,0,0,0,1,25,0.0,0.0,0.0,0.0,1.0,0.0,1.0,2,82,1.0,0.0,1.0,0.5,0.0,0.0,0.0,0.0,anomaly,normal,anomaly
4645,12096,tcp,telnet,SF,99,2822,0,0,0,0,0,1,0,0,0,0,0,0,0,0,0,0,1,1,0.0,0.0,0.0,0.0,1.0,0.0,0.0,3,2,0.33,0.67,0.33,1.0,0.0,0.0,0.0,0.0,normal,anomaly,normal
607,0,tcp,http,SF,54540,8314,0,0,0,2,0,1,1,0,0,0,0,0,0,0,0,0,4,4,0.0,0.0,0.0,0.0,1.0,0.0,0.0,68,68,1.0,0.0,0.01,0.0,0.0,0.0,0.03,0.03,anomaly,normal,anomaly
16270,0,icmp,eco_i,SF,8,0,0,0,0,0,0,0,0,0,0,0,0,0,0,0,0,0,1,31,0.0,0.0,0.0,0.0,1.0,0.0,1.0,1,173,1.0,0.0,1.0,0.5,0.0,0.0,0.0,0.0,anomaly,normal,anomaly
22959,5042,tcp,ftp_data,SF,5133876,0,0,0,0,7,0,1,0,0,0,0,0,0,0,0,0,0,1,1,0.0,0.0,0.0,0.0,1.0,0.0,0.0,9,34,1.0,0.0,1.0,0.15,0.0,0.03,0.0,0.0,anomaly,normal,anomaly
10064,0,icmp,eco_i,SF,18,0,0,0,0,0,0,0,0,0,0,0,0,0,0,0,0,0,1,1,0.0,0.0,0.0,0.0,1.0,0.0,0.0,4,116,1.0,0.0,1.0,0.25,0.0,0.0,0.0,0.0,anomaly,normal,anomaly
2969,0,icmp,eco_i,SF,8,0,0,0,0,0,0,0,0,0,0,0,0,0,0,0,0,0,1,2,0.0,0.0,0.0,0.0,1.0,0.0,1.0,1,95,1.0,0.0,1.0,0.51,0.0,0.0,0.0,0.0,anomaly,normal,anomaly
22462,0,tcp,http,SF,54540,8314,0,0,0,2,0,1,1,0,0,0,0,0,0,0,0,0,4,5,0.0,0.0,0.0,0.2,1.0,0.0,0.4,255,255,1.0,0.0,0.0,0.0,0.0,0.0,0.03,0.03,anomaly,normal,anomaly
15012,0,udp,other,SF,147,0,0,0,0,0,0,0,0,0,0,0,0,0,0,0,0,0,3,1,0.0,0.0,0.0,0.0,0.33,0.67,0.0,255,1,0.0,0.65,0.96,0.0,0.0,0.0,0.0,0.0,normal,anomaly,normal
13606,0,tcp,http,SF,54540,8314,0,0,0,2,0,1,1,0,0,0,0,0,0,0,0,0,2,4,0.0,0.0,0.0,0.0,1.0,0.0,0.75,6,6,1.0,0.0,0.17,0.0,0.0,0.0,0.17,0.17,anomaly,normal,anomaly
22781,222,tcp,telnet,SF,101,4427,0,0,0,0,0,0,0,0,0,0,0,0,0,0,0,0,1,1,0.0,0.0,0.0,0.0,1.0,0.0,0.0,32,1,0.03,0.06,0.03,0.0,0.0,0.0,0.0,0.0,normal,anomaly,normal
24780,0,icmp,eco_i,SF,8,0,0,0,0,0,0,0,0,0,0,0,0,0,0,0,0,0,1,5,0.0,0.0,0.0,0.0,1.0,0.0,1.0,2,138,1.0,0.0,1.0,0.5,0.0,0.0,0.0,0.0,anomaly,normal,anomaly
7017,0,udp,other,SF,516,4,0,0,0,0,0,0,0,0,0,0,0,0,0,0,0,0,344,344,0.0,0.0,0.0,0.0,1.0,0.0,0.0,255,255,1.0,0.0,1.0,0.0,0.0,0.0,0.0,0.0,normal,anomaly,normal
12767,0,udp,other,SF,516,4,0,0,0,0,0,0,0,0,0,0,0,0,0,0,0,0,427,427,0.0,0.0,0.0,0.0,1.0,0.0,0.0,255,255,1.0,0.0,1.0,0.0,0.0,0.0,0.0,0.0,normal,anomaly,normal
22287,0,icmp,eco_i,SF,8,0,0,0,0,0,0,0,0,0,0,0,0,0,0,0,0,0,1,5,0.0,0.0,0.0,0.0,1.0,0.0,1.0,2,46,1.0,0.0,1.0,0.5,0.0,0.0,0.0,0.0,anomaly,normal,anomaly
6191,1,tcp,ftp,SF,1261,2451,0,0,0,28,0,1,0,0,0,0,0,0,0,0,0,1,1,1,0.0,0.0,0.0,0.0,1.0,0.0,0.0,255,135,0.53,0.02,0.0,0.0,0.0,0.0,0.0,0.0,anomaly,normal,anomaly
10330,0,icmp,urp_i,SF,183,0,0,0,0,0,0,0,0,0,0,0,0,0,0,0,0,0,2,1,0.0,0.0,0.0,0.0,0.5,1.0,0.0,255,21,0.08,0.01,0.09,0.0,0.0,0.0,0.0,0.0,normal,anomaly,normal
13628,0,tcp,http,S0,0,0,0,0,0,0,0,0,0,0,0,0,0,0,0,0,0,0,28,11,1.0,1.0,0.0,0.0,0.39,0.14,0.0,255,67,0.26,0.02,0.01,0.0,1.0,1.0,0.0,0.0,anomaly,normal,anomaly
20863,0,tcp,http,SF,54540,8314,0,0,0,2,0,1,1,0,0,0,0,0,0,0,0,0,3,4,0.0,0.0,0.0,0.25,1.0,0.0,0.5,26,26,1.0,0.0,0.04,0.0,0.0,0.0,0.0,0.0,anomaly,normal,anomaly
14943,9838,udp,other,SF,147,105,0,0,0,0,0,0,0,0,0,0,0,0,0,0,0,0,1,1,0.0,0.0,0.0,0.0,1.0,0.0,0.0,255,3,0.01,0.37,0.77,0.0,0.0,0.0,0.0,0.0,normal,anomaly,normal
9189,0,icmp,eco_i,SF,18,0,0,0,0,0,0,0,0,0,0,0,0,0,0,0,0,0,1,1,0.0,0.0,0.0,0.0,1.0,0.0,0.0,1,20,1.0,0.0,1.0,1.0,0.0,0.0,0.0,0.0,anomaly,normal,anomaly
3501,11481,udp,other,SF,146,105,0,0,0,0,0,0,0,0,0,0,0,0,0,0,0,0,1,1,0.0,0.0,0.0,0.0,1.0,0.0,0.0,92,1,0.01,0.72,0.97,0.0,0.0,0.0,0.0,0.0,normal,anomaly,normal
13006,0,icmp,ecr_i,SF,520,0,0,0,0,0,0,0,0,0,0,0,0,0,0,0,0,0,179,179,0.0,0.0,0.0,0.0,1.0,0.0,0.0,255,255,1.0,0.0,1.0,0.0,0.0,0.0,0.0,0.0,anomaly,normal,anomaly
6225,0,icmp,urp_i,SF,78,0,0,0,0,0,0,0,0,0,0,0,0,0,0,0,0,0,25,2,0.0,0.0,0.0,0.0,0.08,0.08,0.0,255,3,0.01,0.01,0.01,0.0,0.0,0.0,0.0,0.0,normal,anomaly,normal
758,0,udp,private,SF,28,0,0,3,0,0,0,0,0,0,0,0,0,0,0,0,0,0,27,27,0.0,0.0,0.0,0.0,1.0,0.0,0.0,255,27,0.11,0.02,0.11,0.0,0.0,0.0,0.0,0.0,anomaly,normal,anomaly
11568,310,udp,other,SF,145,105,0,0,0,0,0,0,0,0,0,0,0,0,0,0,0,0,4,2,0.0,0.0,0.0,0.0,0.5,0.5,0.0,255,2,0.01,0.44,0.82,0.0,0.0,0.0,0.0,0.0,normal,anomaly,normal
24467,0,udp,private,SF,28,0,0,3,0,0,0,0,0,0,0,0,0,0,0,0,0,0,70,70,0.0,0.0,0.0,0.0,1.0,0.0,0.0,255,70,0.27,0.01,0.27,0.0,0.0,0.0,0.0,0.0,anomaly,normal,anomaly
9350,0,udp,private,SF,28,0,0,3,0,0,0,0,0,0,0,0,0,0,0,0,0,0,11,11,0.0,0.0,0.0,0.0,1.0,0.0,0.0,255,78,0.31,0.01,0.31,0.0,0.0,0.0,0.0,0.0,anomaly,normal,anomaly
13381,0,icmp,urp_i,SF,182,0,0,0,0,0,0,0,0,0,0,0,0,0,0,0,0,0,2,1,0.0,0.0,0.0,0.0,0.5,1.0,0.0,255,22,0.09,0.01,0.09,0.0,0.0,0.0,0.0,0.0,normal,anomaly,normal
13178,0,icmp,eco_i,SF,8,0,0,0,0,0,0,0,0,0,0,0,0,0,0,0,0,0,1,38,0.0,0.0,0.0,0.0,1.0,0.0,1.0,1,71,1.0,0.0,1.0,0.51,0.0,0.0,0.0,0.0,anomaly,normal,anomaly
5476,0,tcp,telnet,S0,0,0,0,0,0,0,0,0,0,0,0,0,0,0,0,0,0,0,6,6,1.0,1.0,0.0,0.0,1.0,0.0,0.0,128,68,0.53,0.02,0.01,0.0,0.98,0.97,0.0,0.0,anomaly,normal,anomaly
5068,0,udp,other,SF,516,4,0,0,0,0,0,0,0,0,0,0,0,0,0,0,0,0,417,417,0.0,0.0,0.0,0.0,1.0,0.0,0.0,255,255,1.0,0.0,1.0,0.0,0.0,0.0,0.0,0.0,normal,anomaly,normal
5300,0,icmp,eco_i,SF,8,0,0,0,0,0,0,0,0,0,0,0,0,0,0,0,0,0,1,23,0.0,0.0,0.0,0.0,1.0,0.0,1.0,2,96,1.0,0.0,1.0,0.5,0.0,0.0,0.0,0.0,anomaly,normal,anomaly
3686,5036,tcp,ftp_data,SF,5133876,0,0,0,0,2,0,1,0,0,0,0,0,0,0,0,0,0,1,1,0.0,0.0,0.0,0.0,1.0,0.0,0.0,11,43,0.91,0.18,1.0,0.12,0.0,0.0,0.0,0.0,anomaly,normal,anomaly
14963,0,tcp,other,SF,59,0,0,0,0,0,0,0,0,0,0,0,0,0,0,0,0,0,22,1,0.05,0.0,0.0,0.0,0.05,0.77,0.0,255,1,0.0,0.07,0.46,0.0,0.0,0.0,0.0,0.0,normal,anomaly,normal
10060,0,tcp,ftp_data,S0,0,0,0,0,0,0,0,0,0,0,0,0,0,0,0,0,0,0,9,1,1.0,1.0,0.0,0.0,0.11,0.44,0.0,255,46,0.18,0.05,0.01,0.0,1.0,1.0,0.0,0.0,anomaly,normal,anomaly
9113,0,icmp,eco_i,SF,18,0,0,0,0,0,0,0,0,0,0,0,0,0,0,0,0,0,1,1,0.0,0.0,0.0,0.0,1.0,0.0,0.0,1,113,1.0,0.0,1.0,1.0,0.0,0.0,0.0,0.0,anomaly,normal,anomaly
2476,0,icmp,eco_i,SF,8,0,0,0,0,0,0,0,0,0,0,0,0,0,0,0,0,0,1,50,0.0,0.0,0.0,0.0,1.0,0.0,1.0,2,70,1.0,0.0,1.0,0.26,0.0,0.0,0.0,0.0,anomaly,normal,anomaly
5244,0,icmp,eco_i,SF,8,0,0,0,0,0,0,0,0,0,0,0,0,0,0,0,0,0,1,45,0.0,0.0,0.0,0.0,1.0,0.0,1.0,1,255,1.0,0.0,1.0,0.5,0.0,0.0,0.0,0.0,anomaly,normal,anomaly
20715,0,tcp,finger,S0,0,0,0,0,0,0,0,0,0,0,0,0,0,0,0,0,0,0,22,11,1.0,1.0,0.0,0.0,0.5,0.09,0.0,182,54,0.28,0.02,0.01,0.04,1.0,0.94,0.0,0.0,anomaly,normal,anomaly
10139,7130,udp,other,SF,146,105,0,0,0,0,0,0,0,0,0,0,0,0,0,0,0,0,1,1,0.0,0.0,0.0,0.0,1.0,0.0,0.0,255,1,0.0,0.55,0.75,0.0,0.0,0.0,0.0,0.0,normal,anomaly,normal
20370,1464,udp,other,SF,147,105,0,0,0,0,0,0,0,0,0,0,0,0,0,0,0,0,7,1,0.0,0.0,0.0,0.0,0.14,0.57,0.0,255,3,0.01,0.5,0.82,0.0,0.0,0.0,0.0,0.0,normal,anomaly,normal
24765,0,icmp,eco_i,SF,8,0,0,0,0,0,0,0,0,0,0,0,0,0,0,0,0,0,1,9,0.0,0.0,0.0,0.0,1.0,0.0,1.0,1,58,1.0,0.0,1.0,0.52,0.0,0.0,0.0,0.0,anomaly,normal,anomaly
2555,0,icmp,eco_i,SF,8,0,0,0,0,0,0,0,0,0,0,0,0,0,0,0,0,0,1,48,0.0,0.0,0.0,0.0,1.0,0.0,1.0,1,11,1.0,0.0,1.0,0.55,0.0,0.0,0.0,0.0,anomaly,normal,anomaly
21617,0,icmp,eco_i,SF,8,0,0,0,0,0,0,0,0,0,0,0,0,0,0,0,0,0,1,34,0.0,0.0,0.0,0.0,1.0,0.0,1.0,2,102,1.0,0.0,1.0,0.5,0.0,0.0,0.0,0.0,anomaly,normal,anomaly
9613,0,tcp,http,S0,0,0,0,0,0,0,0,0,0,0,0,0,0,0,0,0,0,0,12,8,1.0,1.0,0.0,0.0,0.67,0.25,0.0,255,68,0.27,0.02,0.0,0.0,1.0,1.0,0.0,0.0,anomaly,normal,anomaly
4934,58,tcp,telnet,SF,835,1639484,0,0,0,0,0,1,0,0,0,0,0,0,0,0,0,0,1,1,0.0,0.0,0.0,0.0,1.0,0.0,0.0,47,4,0.09,0.06,0.02,0.0,0.0,0.0,0.0,0.0,normal,anomaly,normal
4909,0,tcp,http,SF,54540,8314,0,0,0,2,0,1,1,0,0,0,0,0,0,0,0,0,2,3,0.0,0.0,0.0,0.33,1.0,0.0,0.67,141,141,1.0,0.0,0.01,0.0,0.0,0.0,0.01,0.01,anomaly,normal,anomaly
6762,0,udp,private,SF,1,0,0,0,0,0,0,0,0,0,0,0,0,0,0,0,0,0,14,7,0.0,0.0,0.0,0.0,0.5,0.14,0.0,255,35,0.14,0.54,0.49,0.0,0.16,0.0,0.36,0.0,anomaly,normal,anomaly
8168,0,icmp,eco_i,SF,8,0,0,0,0,0,0,0,0,0,0,0,0,0,0,0,0,0,1,36,0.0,0.0,0.0,0.0,1.0,0.0,1.0,2,250,1.0,0.0,1.0,0.5,0.0,0.0,0.0,0.0,anomaly,normal,anomaly
15726,4834,udp,other,SF,147,105,0,0,0,0,0,0,0,0,0,0,0,0,0,0,0,0,3,1,0.0,0.0,0.0,0.0,0.33,0.67,0.0,255,3,0.01,0.57,0.91,0.0,0.0,0.0,0.0,0.0,normal,anomaly,normal
3948,0,icmp,eco_i,SF,8,0,0,0,0,0,0,0,0,0,0,0,0,0,0,0,0,0,1,8,0.0,0.0,0.0,0.0,1.0,0.0,1.0,1,89,1.0,0.0,1.0,0.51,0.0,0.0,0.0,0.0,anomaly,normal,anomaly
3845,255,udp,other,SF,146,105,0,0,0,0,0,0,0,0,0,0,0,0,0,0,0,0,4,2,0.0,0.0,0.0,0.0,0.5,0.5,0.0,255,2,0.01,0.68,0.98,0.0,0.0,0.0,0.0,0.0,normal,anomaly,normal
14573,0,icmp,eco_i,SF,8,0,0,0,0,0,0,0,0,0,0,0,0,0,0,0,0,0,1,45,0.0,0.0,0.0,0.0,1.0,0.0,1.0,1,25,1.0,0.0,1.0,0.52,0.0,0.0,0.0,0.0,anomaly,normal,anomaly
25104,0,icmp,ecr_i,SF,520,0,0,0,0,0,0,0,0,0,0,0,0,0,0,0,0,0,301,301,0.0,0.0,0.0,0.0,1.0,0.0,0.0,255,255,1.0,0.0,1.0,0.0,0.0,0.0,0.0,0.0,anomaly,normal,anomaly
22756,0,tcp,http,REJ,0,0,0,0,0,0,0,0,0,0,0,0,0,0,0,0,0,0,1,1,0.0,0.0,1.0,1.0,1.0,0.0,0.0,3,22,1.0,0.0,0.33,0.09,0.0,0.09,1.0,0.18,normal,anomaly,normal
19251,0,icmp,eco_i,SF,8,0,0,0,0,0,0,0,0,0,0,0,0,0,0,0,0,0,1,2,0.0,0.0,0.0,0.0,1.0,0.0,1.0,2,166,1.0,0.0,1.0,0.25,0.0,0.0,0.0,0.0,anomaly,normal,anomaly
6318,0,tcp,discard,S0,0,0,0,0,0,0,0,0,0,0,0,0,0,0,0,0,0,0,12,4,1.0,1.0,0.0,0.0,0.33,0.5,0.0,255,12,0.05,0.09,0.0,0.0,1.0,1.0,0.0,0.0,anomaly,normal,anomaly
22243,0,tcp,smtp,SF,129,237,0,0,0,0,0,1,0,0,0,0,0,0,0,0,0,0,1,1,0.0,0.0,0.0,0.0,1.0,0.0,0.0,113,12,0.11,0.63,0.01,0.0,0.0,0.0,0.59,0.0,normal,anomaly,normal
24491,0,icmp,ecr_i,SF,1032,0,0,0,0,0,0,0,0,0,0,0,0,0,0,0,0,0,52,52,0.0,0.0,0.0,0.0,1.0,0.0,0.0,170,76,0.45,0.04,0.45,0.0,0.01,0.0,0.37,0.0,anomaly,normal,anomaly
23033,0,udp,private,SF,28,0,0,3,0,0,0,0,0,0,0,0,0,0,0,0,0,0,37,37,0.0,0.0,0.0,0.0,1.0,0.0,0.0,250,37,0.15,0.65,0.15,0.0,0.02,0.0,0.53,0.0,anomaly,normal,anomaly
6641,0,icmp,eco_i,SF,8,0,0,0,0,0,0,0,0,0,0,0,0,0,0,0,0,0,1,18,0.0,0.0,0.0,0.0,1.0,0.0,1.0,2,72,1.0,0.0,1.0,0.5,0.0,0.0,0.0,0.0,anomaly,normal,anomaly
9866,0,icmp,eco_i,SF,8,0,0,0,0,0,0,0,0,0,0,0,0,0,0,0,0,0,1,11,0.0,0.0,0.0,0.0,1.0,0.0,1.0,2,218,1.0,0.0,1.0,0.5,0.0,0.0,0.0,0.0,anomaly,normal,anomaly
5861,0,icmp,ecr_i,SF,1032,0,0,0,0,0,0,0,0,0,0,0,0,0,0,0,0,0,154,154,0.0,0.0,0.0,0.0,1.0,0.0,0.0,255,154,0.6,0.01,0.6,0.0,0.0,0.0,0.0,0.0,anomaly,normal,anomaly
15077,0,icmp,eco_i,SF,8,0,0,0,0,0,0,0,0,0,0,0,0,0,0,0,0,0,1,1,0.0,0.0,0.0,0.0,1.0,0.0,0.0,2,42,1.0,0.0,1.0,0.5,0.0,0.0,0.0,0.0,anomaly,normal,anomaly
5441,0,icmp,ecr_i,SF,1032,0,0,0,0,0,0,0,0,0,0,0,0,0,0,0,0,0,218,218,0.0,0.0,0.0,0.0,1.0,0.0,0.0,255,218,0.85,0.01,0.85,0.0,0.0,0.0,0.0,0.0,anomaly,normal,anomaly
2734,0,udp,private,SF,1,0,0,0,0,0,0,0,0,0,0,0,0,0,0,0,0,0,144,134,0.0,0.0,0.0,0.0,0.93,0.01,0.0,255,202,0.79,0.03,1.0,0.0,0.0,0.0,0.0,0.0,anomaly,normal,anomaly
14768,0,tcp,finger,S0,0,0,0,0,0,0,0,0,0,0,0,0,0,0,0,0,0,0,22,5,1.0,1.0,0.0,0.0,0.23,0.18,0.0,255,63,0.25,0.02,0.01,0.0,1.0,1.0,0.0,0.0,anomaly,normal,anomaly
15134,0,icmp,eco_i,SF,8,0,0,0,0,0,0,0,0,0,0,0,0,0,0,0,0,0,1,30,0.0,0.0,0.0,0.0,1.0,0.0,1.0,2,82,1.0,0.0,1.0,0.5,0.0,0.0,0.0,0.0,anomaly,normal,anomaly
4404,4,tcp,ftp_data,SF,832,0,0,0,0,0,0,1,0,0,0,0,0,0,0,0,0,0,1,1,0.0,0.0,0.0,0.0,1.0,0.0,0.0,3,11,1.0,0.0,1.0,0.18,0.0,0.0,0.0,0.0,anomaly,normal,anomaly
10605,0,icmp,urp_i,SF,181,0,0,0,0,0,0,0,0,0,0,0,0,0,0,0,0,0,2,1,0.0,0.0,0.0,0.0,0.5,1.0,0.0,255,19,0.07,0.01,0.09,0.0,0.0,0.0,0.0,0.0,normal,anomaly,normal
11089,0,icmp,eco_i,SF,18,0,0,0,0,0,0,0,0,0,0,0,0,0,0,0,0,0,1,1,0.0,0.0,0.0,0.0,1.0,0.0,0.0,1,185,1.0,0.0,1.0,1.0,0.0,0.0,0.0,0.0,anomaly,normal,anomaly
1571,1,tcp,telnet,RSTO,0,15,0,0,0,0,0,0,0,0,0,0,0,0,0,0,0,0,1,1,0.0,0.0,1.0,1.0,1.0,0.0,0.0,227,2,0.0,0.03,0.0,1.0,0.0,0.0,0.0,0.5,normal,anomaly,normal
6043,0,icmp,eco_i,SF,8,0,0,0,0,0,0,0,0,0,0,0,0,0,0,0,0,0,1,5,0.0,0.0,0.0,0.0,1.0,0.0,1.0,1,5,1.0,0.0,1.0,0.8,0.0,0.0,0.0,0.0,anomaly,normal,anomaly
20764,0,tcp,ftp_data,SF,334,0,0,0,0,0,0,1,0,0,0,0,0,0,0,0,0,0,2,2,0.0,0.0,0.0,0.0,1.0,0.0,0.0,226,87,0.37,0.02,0.37,0.02,0.0,0.0,0.0,0.0,anomaly,normal,anomaly
25051,0,udp,other,SF,147,0,0,0,0,0,0,0,0,0,0,0,0,0,0,0,0,0,5,1,0.0,0.0,0.0,0.0,0.2,0.6,0.0,255,1,0.0,0.24,0.48,0.0,0.0,0.0,0.0,0.0,normal,anomaly,normal
4553,11457,tcp,telnet,SF,125,3138,0,0,0,0,0,1,0,0,0,0,0,0,0,0,0,0,1,1,0.0,0.0,0.0,0.0,1.0,0.0,0.0,29,14,0.1,0.1,0.03,0.14,0.0,0.0,0.0,0.0,normal,anomaly,normal
6666,0,tcp,http,RSTR,29200,2920,0,0,0,1,0,1,0,0,0,0,0,0,0,0,0,0,4,4,0.0,0.0,0.75,0.75,1.0,0.0,0.0,255,255,1.0,0.0,0.0,0.0,0.0,0.0,0.04,0.04,anomaly,normal,anomaly
2022,0,tcp,http,SF,54540,8314,0,0,0,2,0,1,1,0,0,0,0,0,0,0,0,0,3,3,0.0,0.0,0.0,0.0,1.0,0.0,0.0,13,13,1.0,0.0,0.08,0.0,0.0,0.0,0.0,0.0,anomaly,normal,anomaly
14882,0,tcp,http,S0,0,0,0,0,0,0,0,0,0,0,0,0,0,0,0,0,0,0,31,12,1.0,1.0,0.0,0.0,0.39,0.13,0.0,255,66,0.26,0.02,0.0,0.0,1.0,1.0,0.0,0.0,anomaly,normal,anomaly
20997,0,icmp,ecr_i,SF,1480,0,0,1,0,0,0,0,0,0,0,0,0,0,0,0,0,0,2,2,0.0,0.0,0.0,0.0,1.0,0.0,0.0,4,6,0.5,0.5,0.5,0.5,0.0,0.0,0.0,0.0,anomaly,normal,anomaly
5742,0,tcp,http,SF,54540,8314,0,0,0,2,0,1,1,0,0,0,0,0,0,0,0,0,5,6,0.0,0.0,0.0,0.17,1.0,0.0,0.33,255,255,1.0,0.0,0.0,0.0,0.0,0.0,0.03,0.03,anomaly,normal,anomaly
16424,0,tcp,http,S0,0,0,0,0,0,0,0,0,0,0,0,0,0,0,0,0,0,0,25,10,1.0,1.0,0.0,0.0,0.4,0.16,0.0,255,66,0.26,0.02,0.0,0.0,1.0,1.0,0.0,0.0,anomaly,normal,anomaly
10198,0,udp,private,SF,28,0,0,3,0,0,0,0,0,0,0,0,0,0,0,0,0,0,62,62,0.0,0.0,0.0,0.0,1.0,0.0,0.0,134,62,0.46,0.03,0.46,0.0,0.0,0.0,0.0,0.0,anomaly,normal,anomaly
2298,0,icmp,ecr_i,SF,520,0,0,0,0,0,0,0,0,0,0,0,0,0,0,0,0,0,269,269,0.0,0.0,0.0,0.0,1.0,0.0,0.0,255,255,1.0,0.0,1.0,0.0,0.0,0.0,0.0,0.0,anomaly,normal,anomaly
18476,0,udp,private,SF,215,0,0,0,0,0,0,0,0,0,0,0,0,0,0,0,0,0,1,1,0.0,0.0,0.0,0.0,1.0,0.0,0.0,23,23,1.0,0.0,1.0,0.0,0.0,0.0,0.0,0.0,anomaly,normal,anomaly
4251,0,udp,private,SF,28,0,0,3,0,0,0,0,0,0,0,0,0,0,0,0,0,0,91,89,0.01,0.0,0.01,0.0,0.98,0.03,0.0,255,89,0.35,0.02,0.35,0.0,0.0,0.0,0.49,0.0,anomaly,normal,anomaly
1275,0,icmp,eco_i,SF,8,0,0,0,0,0,0,0,0,0,0,0,0,0,0,0,0,0,1,47,0.0,0.0,0.0,0.0,1.0,0.0,1.0,1,77,1.0,0.0,1.0,0.26,0.0,0.0,0.0,0.0,anomaly,normal,anomaly
19203,3405,udp,other,SF,147,105,0,0,0,0,0,0,0,0,0,0,0,0,0,0,0,0,3,1,0.0,0.0,0.0,0.0,0.33,0.67,0.0,255,2,0.01,0.52,0.87,0.0,0.0,0.0,0.0,0.0,normal,anomaly,normal
23227,0,tcp,ftp_data,SF,334,0,0,0,0,0,0,1,0,0,0,0,0,0,0,0,0,0,2,2,0.0,0.0,0.0,0.0,1.0,0.0,0.0,2,14,1.0,0.0,1.0,0.43,0.0,0.0,0.0,0.0,anomaly,normal,anomaly
8000,1,tcp,pop_3,SF,35,130,0,0,0,0,0,1,0,0,0,0,0,0,0,0,0,0,1,1,0.0,0.0,0.0,0.0,1.0,0.0,0.0,47,3,0.04,0.09,0.02,0.67,0.0,0.0,0.0,0.0,normal,anomaly,normal
18247,9645,udp,other,SF,146,105,0,0,0,0,0,0,0,0,0,0,0,0,0,0,0,0,1,1,0.0,0.0,0.0,0.0,1.0,0.0,0.0,255,1,0.0,0.79,1.0,0.0,0.0,0.0,0.0,0.0,normal,anomaly,normal
16649,0,tcp,ftp_data,SF,334,0,0,0,0,0,0,1,0,0,0,0,0,0,0,0,0,0,2,2,0.0,0.0,0.0,0.0,1.0,0.0,0.0,12,12,1.0,0.0,1.0,0.0,0.0,0.0,0.0,0.0,anomaly,normal,anomaly
21913,0,tcp,http,SF,54540,8314,0,0,0,2,0,1,1,0,0,0,0,0,0,0,0,0,3,3,0.0,0.0,0.0,0.0,1.0,0.0,0.0,75,75,1.0,0.0,0.01,0.0,0.01,0.01,0.01,0.01,anomaly,normal,anomaly
13814,0,icmp,eco_i,SF,8,0,0,0,0,0,0,0,0,0,0,0,0,0,0,0,0,0,1,46,0.0,0.0,0.0,0.0,1.0,0.0,1.0,2,154,1.0,0.0,1.0,0.25,0.0,0.0,0.0,0.0,anomaly,normal,anomaly
19122,4764,udp,other,SF,147,105,0,0,0,0,0,0,0,0,0,0,0,0,0,0,0,0,4,2,0.0,0.0,0.0,0.0,0.5,0.5,0.0,255,2,0.01,0.55,0.88,0.0,0.0,0.0,0.0,0.0,normal,anomaly,normal
1864,0,icmp,eco_i,SF,8,0,0,0,0,0,0,0,0,0,0,0,0,0,0,0,0,0,1,50,0.0,0.0,0.0,0.0,1.0,0.0,1.0,1,9,1.0,0.0,1.0,0.56,0.0,0.0,0.0,0.0,anomaly,normal,anomaly
1956,0,icmp,ecr_i,SF,520,0,0,0,0,0,0,0,0,0,0,0,0,0,0,0,0,0,181,181,0.0,0.0,0.0,0.0,1.0,0.0,0.0,255,255,1.0,0.0,1.0,0.0,0.0,0.0,0.0,0.0,anomaly,normal,anomaly
13412,0,icmp,ecr_i,SF,520,0,0,0,0,0,0,0,0,0,0,0,0,0,0,0,0,0,38,38,0.0,0.0,0.0,0.0,1.0,0.0,0.0,255,255,1.0,0.0,1.0,0.0,0.0,0.0,0.0,0.0,anomaly,normal,anomaly
6087,0,icmp,eco_i,SF,8,0,0,0,0,0,0,0,0,0,0,0,0,0,0,0,0,0,1,22,0.0,0.0,0.0,0.0,1.0,0.0,1.0,4,128,1.0,0.0,1.0,0.25,0.0,0.0,0.0,0.0,anomaly,normal,anomaly
20268,0,icmp,ecr_i,SF,1032,0,0,0,0,0,0,0,0,0,0,0,0,0,0,0,0,0,175,175,0.0,0.0,0.0,0.0,1.0,0.0,0.0,255,175,0.69,0.01,0.69,0.0,0.0,0.0,0.0,0.0,anomaly,normal,anomaly
9671,0,udp,private,SF,28,0,0,3,0,0,0,0,0,0,0,0,0,0,0,0,0,0,94,94,0.0,0.0,0.0,0.0,1.0,0.0,0.0,166,94,0.57,0.02,0.57,0.0,0.0,0.0,0.0,0.0,anomaly,normal,anomaly
16910,0,icmp,eco_i,SF,18,0,0,0,0,0,0,0,0,0,0,0,0,0,0,0,0,0,1,1,0.0,0.0,0.0,0.0,1.0,0.0,0.0,1,185,1.0,0.0,1.0,0.25,0.0,0.0,0.0,0.0,anomaly,normal,anomaly
2196,0,icmp,eco_i,SF,8,0,0,0,0,0,0,0,0,0,0,0,0,0,0,0,0,0,1,44,0.0,0.0,0.0,0.0,1.0,0.0,1.0,1,62,1.0,0.0,1.0,0.52,0.0,0.0,0.0,0.0,anomaly,normal,anomaly
12527,0,udp,other,SF,516,4,0,0,0,0,0,0,0,0,0,0,0,0,0,0,0,0,487,487,0.0,0.0,0.0,0.0,1.0,0.0,0.0,255,255,1.0,0.0,1.0,0.0,0.0,0.0,0.0,0.0,normal,anomaly,normal
9335,0,icmp,ecr_i,SF,1480,0,0,1,0,0,0,0,0,0,0,0,0,0,0,0,0,0,8,8,0.0,0.0,0.0,0.0,1.0,0.0,0.0,92,8,0.09,0.04,0.09,0.0,0.0,0.0,0.0,0.0,anomaly,normal,anomaly
7018,0,icmp,urp_i,SF,183,0,0,0,0,0,0,0,0,0,0,0,0,0,0,0,0,0,2,1,0.0,0.0,0.0,0.0,0.5,1.0,0.0,255,31,0.12,0.01,0.14,0.0,0.0,0.0,0.0,0.0,normal,anomaly,normal
17177,3296,udp,other,SF,146,105,0,0,0,0,0,0,0,0,0,0,0,0,0,0,0,0,5,1,0.0,0.0,0.0,0.0,0.2,0.6,0.0,255,1,0.0,0.81,1.0,0.0,0.0,0.0,0.0,0.0,normal,anomaly,normal
21909,0,icmp,urp_i,SF,78,0,0,0,0,0,0,0,0,0,0,0,0,0,0,0,0,0,6,1,0.0,0.0,0.0,0.0,0.17,0.33,0.0,255,6,0.02,0.01,0.02,0.0,0.0,0.0,0.0,0.0,normal,anomaly,normal
23636,0,tcp,http,SF,54540,8314,0,0,0,2,0,1,1,0,0,0,0,0,0,0,0,0,4,4,0.0,0.0,0.0,0.0,1.0,0.0,0.0,67,67,1.0,0.0,0.01,0.0,0.01,0.01,0.01,0.01,anomaly,normal,anomaly
18966,18,tcp,telnet,SF,115,6133,0,0,0,0,0,1,0,0,0,0,0,0,0,0,0,0,1,1,0.0,0.0,0.0,0.0,1.0,0.0,0.0,216,1,0.0,0.03,0.0,0.0,0.0,0.0,0.0,0.0,normal,anomaly,normal
13342,0,tcp,other,REJ,0,0,0,0,0,0,0,0,0,0,0,0,0,0,0,0,0,0,1,1,0.0,0.0,1.0,1.0,1.0,0.0,0.0,7,5,0.71,0.29,0.14,0.0,0.0,0.0,0.71,1.0,normal,anomaly,normal
22166,0,tcp,other,SF,7077,0,0,0,0,0,0,1,0,0,0,0,0,0,0,0,0,0,4,1,0.25,0.0,0.0,0.0,0.25,0.5,0.0,98,1,0.01,0.05,0.41,0.0,0.01,0.0,0.01,0.0,normal,anomaly,normal
13119,0,icmp,ecr_i,SF,1480,0,0,1,0,0,0,0,0,0,0,0,0,0,0,0,0,0,14,14,0.0,0.0,0.0,0.0,1.0,0.0,0.0,255,14,0.05,0.02,0.05,0.0,0.0,0.0,0.0,0.0,anomaly,normal,anomaly
20209,0,icmp,ecr_i,SF,1480,0,0,1,0,0,0,0,0,0,0,0,0,0,0,0,0,0,1,3,0.0,0.0,0.0,0.0,1.0,0.0,0.67,3,13,0.33,0.67,0.33,0.54,0.0,0.0,0.0,0.0,anomaly,normal,anomaly
22714,0,icmp,eco_i,SF,8,0,0,0,0,0,0,0,0,0,0,0,0,0,0,0,0,0,1,40,0.0,0.0,0.0,0.0,1.0,0.0,1.0,2,222,1.0,0.0,1.0,0.5,0.0,0.0,0.0,0.0,anomaly,normal,anomaly
14888,4,tcp,telnet,SF,140,2169,0,0,0,0,0,1,0,0,0,0,0,0,0,0,0,0,1,1,0.0,0.0,0.0,0.0,1.0,0.0,0.0,1,3,1.0,0.0,1.0,0.67,0.0,0.0,0.0,0.33,normal,anomaly,normal
241,0,icmp,eco_i,SF,18,0,0,0,0,0,0,0,0,0,0,0,0,0,0,0,0,0,1,1,0.0,0.0,0.0,0.0,1.0,0.0,0.0,1,123,1.0,0.0,1.0,1.0,0.0,0.0,0.0,0.0,anomaly,normal,anomaly
9498,6,tcp,telnet,SF,152,116202,0,0,0,0,0,1,0,0,0,0,0,0,0,0,0,0,1,1,0.0,0.0,0.0,0.0,1.0,0.0,0.0,79,11,0.14,0.05,0.01,0.0,0.0,0.0,0.0,0.0,normal,anomaly,normal
21094,0,udp,private,SF,1,0,0,0,0,0,0,0,0,0,0,0,0,0,0,0,0,0,17,2,0.0,0.0,0.0,0.0,0.12,0.24,0.0,255,46,0.18,0.29,1.0,0.0,0.0,0.0,0.0,0.0,anomaly,normal,anomaly
9775,0,icmp,ecr_i,SF,1032,0,0,0,0,0,0,0,0,0,0,0,0,0,0,0,0,0,54,54,0.0,0.0,0.0,0.0,1.0,0.0,0.0,172,78,0.45,0.04,0.45,0.0,0.01,0.0,0.37,0.0,anomaly,normal,anomaly
16337,0,udp,other,SF,147,0,0,0,0,0,0,0,0,0,0,0,0,0,0,0,0,0,5,1,0.0,0.0,0.0,0.0,0.2,0.6,0.0,35,1,0.03,0.69,0.94,0.0,0.0,0.0,0.0,0.0,normal,anomaly,normal
5795,0,udp,private,SF,28,0,0,3,0,0,0,0,0,0,0,0,0,0,0,0,0,0,83,83,0.0,0.0,0.0,0.0,1.0,0.0,0.0,255,83,0.33,0.64,0.33,0.0,0.01,0.0,0.52,0.0,anomaly,normal,anomaly
12948,3,tcp,smtp,SF,1113,370,0,0,0,0,0,1,0,0,0,0,0,0,0,0,0,0,1,2,0.0,0.0,0.0,0.0,1.0,0.0,1.0,35,13,0.37,0.06,0.03,0.0,0.0,0.0,0.0,0.0,normal,anomaly,normal
19064,0,icmp,ecr_i,SF,1032,0,0,0,0,0,0,0,0,0,0,0,0,0,0,0,0,0,13,13,0.0,0.0,0.0,0.0,1.0,0.0,0.0,255,255,1.0,0.0,1.0,0.0,0.0,0.0,0.0,0.0,anomaly,normal,anomaly
11426,0,icmp,eco_i,SF,8,0,0,0,0,0,0,0,0,0,0,0,0,0,0,0,0,0,1,38,0.0,0.0,0.0,0.0,1.0,0.0,1.0,1,59,1.0,0.0,1.0,0.51,0.0,0.0,0.0,0.0,anomaly,normal,anomaly
8655,0,icmp,eco_i,SF,18,0,0,0,0,0,0,0,0,0,0,0,0,0,0,0,0,0,1,1,0.0,0.0,0.0,0.0,1.0,0.0,0.0,1,57,1.0,0.0,1.0,1.0,0.0,0.0,0.0,0.0,anomaly,normal,anomaly
8486,0,icmp,eco_i,SF,8,0,0,0,0,0,0,0,0,0,0,0,0,0,0,0,0,0,1,51,0.0,0.0,0.0,0.0,1.0,0.0,1.0,2,72,1.0,0.0,1.0,0.5,0.0,0.0,0.0,0.0,anomaly,normal,anomaly
10153,0,udp,private,SF,215,0,0,0,0,0,0,0,0,0,0,0,0,0,0,0,0,0,1,1,0.0,0.0,0.0,0.0,1.0,0.0,0.0,57,49,0.86,0.04,0.86,0.0,0.0,0.0,0.0,0.0,anomaly,normal,anomaly
15867,0,icmp,eco_i,SF,8,0,0,0,0,0,0,0,0,0,0,0,0,0,0,0,0,0,1,13,0.0,0.0,0.0,0.0,1.0,0.0,1.0,3,41,1.0,0.0,1.0,0.27,0.0,0.0,0.0,0.0,anomaly,normal,anomaly
14299,0,tcp,other,SF,3468,0,0,0,0,0,0,1,0,0,0,0,0,0,0,0,0,0,19,1,0.05,0.0,0.0,0.0,0.05,0.32,0.0,144,1,0.01,0.08,0.35,0.0,0.02,0.0,0.0,0.0,normal,anomaly,normal
5997,3,tcp,telnet,SF,106,3079,0,0,0,0,0,1,0,0,0,0,0,0,0,0,0,0,1,1,0.0,0.0,0.0,0.0,1.0,0.0,0.0,81,1,0.01,0.07,0.01,0.0,0.0,0.0,0.0,0.0,normal,anomaly,normal
24828,0,udp,private,SF,1,0,0,0,0,0,0,0,0,0,0,0,0,0,0,0,0,0,17,5,0.0,0.0,0.0,0.0,0.29,0.12,0.0,255,50,0.2,0.21,1.0,0.0,0.0,0.0,0.0,0.0,anomaly,normal,anomaly
3032,0,icmp,eco_i,SF,8,0,0,0,0,0,0,0,0,0,0,0,0,0,0,0,0,0,1,10,0.0,0.0,0.0,0.0,1.0,0.0,1.0,3,207,1.0,0.0,1.0,0.25,0.0,0.0,0.0,0.0,anomaly,normal,anomaly
21341,0,tcp,time,SF,0,4,0,0,0,0,0,0,0,0,0,0,0,0,0,0,0,0,1,1,0.0,0.0,0.0,0.0,1.0,0.0,0.0,21,21,1.0,0.0,0.05,0.0,0.14,0.14,0.0,0.0,normal,anomaly,normal
4916,0,icmp,eco_i,SF,8,0,0,0,0,0,0,0,0,0,0,0,0,0,0,0,0,0,1,4,0.0,0.0,0.0,0.0,1.0,0.0,1.0,2,28,1.0,0.0,1.0,0.54,0.0,0.0,0.0,0.0,anomaly,normal,anomaly
8336,0,tcp,http,REJ,0,0,0,0,0,0,0,0,0,0,0,0,0,0,0,0,0,0,1,1,0.0,0.0,1.0,1.0,1.0,0.0,0.0,3,2,0.67,0.67,0.33,0.0,0.0,0.0,0.67,1.0,normal,anomaly,normal
6070,7232,tcp,X11,SF,7248552,1437092,0,0,0,0,0,1,0,0,0,0,0,0,0,0,0,0,2,2,0.0,0.0,0.0,0.0,1.0,0.0,0.0,11,2,0.18,0.36,0.09,0.0,0.0,0.0,0.0,0.0,normal,anomaly,normal
9517,2,tcp,smtp,SF,817,481,0,0,0,0,0,1,0,0,0,0,0,0,0,0,0,0,1,2,0.0,0.0,0.0,0.0,1.0,0.0,1.0,255,3,0.01,0.01,0.0,0.0,0.0,0.0,0.0,0.0,normal,anomaly,normal
20233,0,icmp,eco_i,SF,8,0,0,0,0,0,0,0,0,0,0,0,0,0,0,0,0,0,1,23,0.0,0.0,0.0,0.0,1.0,0.0,1.0,4,124,1.0,0.0,1.0,0.25,0.0,0.0,0.0,0.0,anomaly,normal,anomaly
11550,0,tcp,ftp_data,SF,334,0,0,0,0,0,0,1,0,0,0,0,0,0,0,0,0,0,2,2,0.0,0.0,0.0,0.0,1.0,0.0,0.0,9,36,1.0,0.0,1.0,0.08,0.0,0.0,0.0,0.0,anomaly,normal,anomaly
12430,0,udp,private,SF,105,0,0,0,0,0,0,0,0,0,0,0,0,0,0,0,0,0,1,1,0.0,0.0,0.0,0.0,1.0,0.0,0.0,40,4,0.1,0.05,0.03,0.0,0.0,0.0,0.0,0.0,normal,anomaly,normal
24503,0,tcp,telnet,S1,5173,7962,0,0,0,0,0,1,0,0,0,0,11,0,1,0,0,0,1,1,1.0,1.0,0.0,0.0,1.0,0.0,0.0,88,9,0.1,0.06,0.01,0.0,0.02,0.22,0.0,0.0,normal,anomaly,normal
3017,0,tcp,http,REJ,0,0,0,0,0,0,0,0,0,0,0,0,0,0,0,0,0,0,1,1,0.0,0.0,1.0,1.0,1.0,0.0,0.0,1,23,1.0,0.0,1.0,0.35,0.0,0.0,1.0,1.0,normal,anomaly,normal
24256,0,icmp,eco_i,SF,8,0,0,0,0,0,0,0,0,0,0,0,0,0,0,0,0,0,1,22,0.0,0.0,0.0,0.0,1.0,0.0,1.0,2,80,1.0,0.0,1.0,0.26,0.0,0.0,0.0,0.0,anomaly,normal,anomaly
18268,0,tcp,smtp,S0,0,0,0,0,0,0,0,0,0,0,0,0,0,0,0,0,0,0,18,20,1.0,0.9,0.0,0.0,1.0,0.0,0.15,160,138,0.49,0.01,0.01,0.01,0.99,0.57,0.0,0.0,anomaly,normal,anomaly
21517,0,icmp,eco_i,SF,8,0,0,0,0,0,0,0,0,0,0,0,0,0,0,0,0,0,1,2,0.0,0.0,0.0,0.0,1.0,0.0,1.0,2,129,1.0,0.0,1.0,0.5,0.0,0.0,0.0,0.0,anomaly,normal,anomaly
12698,0,tcp,pop_3,SF,35,130,0,0,0,0,0,1,0,0,0,0,0,0,0,0,0,0,1,1,0.0,0.0,0.0,0.0,1.0,0.0,0.0,45,5,0.04,0.09,0.02,0.4,0.0,0.0,0.0,0.0,normal,anomaly,normal
3908,0,icmp,eco_i,SF,8,0,0,0,0,0,0,0,0,0,0,0,0,0,0,0,0,0,1,3,0.0,0.0,0.0,0.0,1.0,0.0,1.0,4,48,1.0,0.0,1.0,0.25,0.0,0.0,0.0,0.0,anomaly,normal,anomaly
4774,0,tcp,finger,S0,0,0,0,0,0,0,0,0,0,0,0,0,0,0,0,0,0,0,19,5,1.0,1.0,0.0,0.0,0.26,0.21,0.0,255,64,0.25,0.02,0.02,0.0,1.0,1.0,0.0,0.0,anomaly,normal,anomaly
24021,0,icmp,eco_i,SF,8,0,0,0,0,0,0,0,0,0,0,0,0,0,0,0,0,0,1,27,0.0,0.0,0.0,0.0,1.0,0.0,1.0,2,60,1.0,0.0,1.0,0.5,0.0,0.0,0.0,0.0,anomaly,normal,anomaly
16702,13805,udp,other,SF,147,105,0,0,0,0,0,0,0,0,0,0,0,0,0,0,0,0,1,1,0.0,0.0,0.0,0.0,1.0,0.0,0.0,255,1,0.0,0.69,0.95,0.0,0.0,0.0,0.0,0.0,normal,anomaly,normal
2587,0,icmp,eco_i,SF,8,0,0,0,0,0,0,0,0,0,0,0,0,0,0,0,0,0,1,8,0.0,0.0,0.0,0.0,1.0,0.0,1.0,1,33,1.0,0.0,1.0,0.52,0.0,0.0,0.0,0.0,anomaly,normal,anomaly
6693,5044,tcp,ftp_data,SF,5131424,0,0,0,0,1,0,1,0,0,0,0,0,0,0,0,0,0,1,1,0.0,0.0,0.0,0.0,1.0,0.0,0.0,6,39,1.0,0.0,1.0,0.13,0.0,0.0,0.0,0.0,anomaly,normal,anomaly
11099,32,tcp,telnet,RSTO,154,251,0,0,0,0,3,0,0,0,0,0,0,0,0,0,0,0,1,1,0.0,0.0,1.0,1.0,1.0,0.0,0.0,57,16,0.28,0.11,0.02,0.0,0.02,0.06,0.05,0.19,normal,anomaly,normal
16775,0,tcp,ftp_data,SF,334,0,0,0,0,0,0,1,0,0,0,0,0,0,0,0,0,0,1,1,0.0,0.0,0.0,0.0,1.0,0.0,0.0,3,7,1.0,0.0,1.0,0.29,0.0,0.0,0.0,0.0,anomaly,normal,anomaly
6055,0,tcp,ftp_data,S0,0,0,0,0,0,0,0,0,0,0,0,0,0,0,0,0,0,0,11,11,1.0,1.0,0.0,0.0,1.0,0.0,0.0,255,58,0.23,0.02,0.0,0.0,1.0,1.0,0.0,0.0,anomaly,normal,anomaly
21538,7158,udp,other,SF,147,105,0,0,0,0,0,0,0,0,0,0,0,0,0,0,0,0,6,2,0.0,0.0,0.0,0.0,0.33,0.5,0.0,255,2,0.01,0.42,0.93,0.0,0.0,0.0,0.0,0.0,normal,anomaly,normal
8160,0,tcp,ftp_data,SF,334,0,0,0,0,0,0,1,0,0,0,0,0,0,0,0,0,0,1,1,0.0,0.0,0.0,0.0,1.0,0.0,0.0,8,45,1.0,0.0,1.0,0.07,0.0,0.02,0.0,0.0,anomaly,normal,anomaly
14417,0,icmp,eco_i,SF,8,0,0,0,0,0,0,0,0,0,0,0,0,0,0,0,0,0,1,13,0.0,0.0,0.0,0.0,1.0,0.0,1.0,3,80,1.0,0.0,1.0,0.26,0.0,0.0,0.0,0.0,anomaly,normal,anomaly
3538,0,icmp,eco_i,SF,8,0,0,0,0,0,0,0,0,0,0,0,0,0,0,0,0,0,1,4,0.0,0.0,0.0,0.0,1.0,0.0,1.0,2,98,1.0,0.0,1.0,0.26,0.0,0.0,0.0,0.0,anomaly,normal,anomaly
17595,0,tcp,http,SF,54540,8314,0,0,0,2,0,1,1,0,0,0,0,0,0,0,0,0,3,3,0.0,0.0,0.0,0.0,1.0,0.0,0.0,85,85,1.0,0.0,0.01,0.0,0.0,0.0,0.01,0.01,anomaly,normal,anomaly
12896,0,icmp,eco_i,SF,18,0,0,0,0,0,0,0,0,0,0,0,0,0,0,0,0,0,1,1,0.0,0.0,0.0,0.0,1.0,0.0,0.0,1,193,1.0,0.0,1.0,0.25,0.0,0.0,0.0,0.0,anomaly,normal,anomaly
12666,0,icmp,eco_i,SF,18,0,0,0,0,0,0,0,0,0,0,0,0,0,0,0,0,0,2,1,0.0,0.0,0.0,0.0,0.5,1.0,0.0,3,27,1.0,0.0,1.0,0.26,0.0,0.0,0.0,0.0,anomaly,normal,anomaly
7539,0,icmp,ecr_i,SF,520,0,0,0,0,0,0,0,0,0,0,0,0,0,0,0,0,0,238,238,0.0,0.0,0.0,0.0,1.0,0.0,0.0,255,255,1.0,0.0,1.0,0.0,0.0,0.0,0.0,0.0,anomaly,normal,anomaly
18045,0,icmp,eco_i,SF,8,0,0,0,0,0,0,0,0,0,0,0,0,0,0,0,0,0,1,50,0.0,0.0,0.0,0.0,1.0,0.0,1.0,2,20,1.0,0.0,1.0,0.5,0.0,0.0,0.0,0.0,anomaly,normal,anomaly
18078,0,tcp,smtp,SF,618,492,0,0,0,0,0,1,0,0,0,0,0,0,0,0,0,0,1,1,0.0,0.0,0.0,0.0,1.0,0.0,0.0,255,3,0.01,0.01,0.0,0.0,0.0,0.0,0.0,0.0,normal,anomaly,normal
3391,0,icmp,ecr_i,SF,520,0,0,0,0,0,0,0,0,0,0,0,0,0,0,0,0,0,248,248,0.0,0.0,0.0,0.0,1.0,0.0,0.0,255,255,1.0,0.0,1.0,0.0,0.0,0.0,0.0,0.0,anomaly,normal,anomaly
15182,0,tcp,time,S2,0,0,0,0,0,1,0,0,0,0,0,0,0,0,0,0,0,0,2,2,1.0,1.0,0.0,0.0,1.0,0.0,0.0,22,22,1.0,0.0,0.09,0.0,0.09,0.09,0.05,0.05,normal,anomaly,normal
2243,0,tcp,ftp,SF,1230,2449,0,0,0,28,0,1,0,0,0,0,0,0,0,0,0,1,1,1,0.0,0.0,0.0,0.0,1.0,0.0,0.0,173,1,0.01,0.03,0.01,0.0,0.01,0.0,0.01,0.0,anomaly,normal,anomaly
16743,0,icmp,eco_i,SF,8,0,0,0,0,0,0,0,0,0,0,0,0,0,0,0,0,0,1,27,0.0,0.0,0.0,0.0,1.0,0.0,1.0,1,155,1.0,0.0,1.0,0.5,0.0,0.0,0.0,0.0,anomaly,normal,anomaly
20107,0,icmp,eco_i,SF,8,0,0,0,0,0,0,0,0,0,0,0,0,0,0,0,0,0,1,30,0.0,0.0,0.0,0.0,1.0,0.0,1.0,2,42,1.0,0.0,1.0,0.5,0.0,0.0,0.0,0.0,anomaly,normal,anomaly
1468,0,udp,private,SF,28,0,0,3,0,0,0,0,0,0,0,0,0,0,0,0,0,0,81,81,0.0,0.0,0.0,0.0,1.0,0.0,0.0,255,81,0.32,0.02,0.32,0.0,0.0,0.0,0.0,0.0,anomaly,normal,anomaly
23553,0,udp,private,SF,1,0,0,0,0,0,0,0,0,0,0,0,0,0,0,0,0,0,6,6,0.0,0.0,0.0,0.0,1.0,0.0,0.0,255,77,0.3,0.12,0.93,0.0,0.0,0.0,0.07,0.0,anomaly,normal,anomaly
17366,0,icmp,eco_i,SF,8,0,0,0,0,0,0,0,0,0,0,0,0,0,0,0,0,0,1,16,0.0,0.0,0.0,0.0,1.0,0.0,1.0,2,25,1.0,0.0,1.0,0.52,0.0,0.0,0.0,0.0,anomaly,normal,anomaly
12393,0,icmp,ecr_i,SF,1032,0,0,0,0,0,0,0,0,0,0,0,0,0,0,0,0,0,43,43,0.0,0.0,0.0,0.0,1.0,0.0,0.0,255,43,0.17,0.02,0.17,0.0,0.0,0.0,0.0,0.0,anomaly,normal,anomaly
16841,0,udp,domain_u,SF,43,129,0,0,0,0,0,0,0,0,0,0,0,0,0,0,0,0,205,204,0.0,0.0,0.0,0.0,1.0,0.01,0.0,94,61,0.65,0.02,0.01,0.0,0.0,0.0,0.0,0.0,normal,anomaly,normal
10936,0,tcp,http,S0,0,0,0,0,0,0,0,0,0,0,0,0,0,0,0,0,0,0,5,3,1.0,1.0,0.0,0.0,0.6,0.6,0.0,255,65,0.25,0.02,0.0,0.0,1.0,1.0,0.0,0.0,anomaly,normal,anomaly
4770,0,icmp,eco_i,SF,8,0,0,0,0,0,0,0,0,0,0,0,0,0,0,0,0,0,1,50,0.0,0.0,0.0,0.0,1.0,0.0,1.0,1,255,1.0,0.0,1.0,0.5,0.0,0.0,0.0,0.0,anomaly,normal,anomaly
12335,2580,udp,other,SF,146,105,0,0,0,0,0,0,0,0,0,0,0,0,0,0,0,0,4,2,0.0,0.0,0.0,0.0,0.5,0.5,0.0,255,2,0.01,0.87,0.98,0.0,0.0,0.0,0.0,0.0,normal,anomaly,normal
15072,0,udp,private,SF,28,0,0,3,0,0,0,0,0,0,0,0,0,0,0,0,0,0,89,89,0.0,0.0,0.0,0.0,1.0,0.0,0.0,255,89,0.35,0.01,0.35,0.0,0.0,0.0,0.0,0.0,anomaly,normal,anomaly
10883,0,udp,private,SF,28,0,0,3,0,0,0,0,0,0,0,0,0,0,0,0,0,0,99,99,0.0,0.0,0.0,0.0,1.0,0.0,0.0,255,99,0.39,0.02,0.39,0.0,0.0,0.0,0.0,0.0,anomaly,normal,anomaly
23016,40,tcp,telnet,SF,127,10471,0,0,0,0,0,1,0,0,0,0,0,0,0,0,0,0,1,1,0.0,0.0,0.0,0.0,1.0,0.0,0.0,83,3,0.01,0.11,0.01,0.67,0.01,0.0,0.0,0.0,normal,anomaly,normal
2115,0,udp,private,SF,1,0,0,0,0,0,0,0,0,0,0,0,0,0,0,0,0,0,10,10,0.0,0.0,0.0,0.0,1.0,0.0,0.0,255,81,0.32,0.11,0.95,0.0,0.0,0.0,0.05,0.0,anomaly,normal,anomaly
6547,0,icmp,eco_i,SF,8,0,0,0,0,0,0,0,0,0,0,0,0,0,0,0,0,0,1,29,0.0,0.0,0.0,0.0,1.0,0.0,1.0,1,217,1.0,0.0,1.0,0.25,0.0,0.0,0.0,0.0,anomaly,normal,anomaly
12851,0,icmp,eco_i,SF,18,0,0,0,0,0,0,0,0,0,0,0,0,0,0,0,0,0,1,1,0.0,0.0,0.0,0.0,1.0,0.0,0.0,1,239,1.0,0.0,1.0,1.0,0.0,0.0,0.0,0.0,anomaly,normal,anomaly
17463,0,icmp,eco_i,SF,8,0,0,0,0,0,0,0,0,0,0,0,0,0,0,0,0,0,1,29,0.0,0.0,0.0,0.0,1.0,0.0,1.0,2,102,1.0,0.0,1.0,0.25,0.0,0.0,0.0,0.0,anomaly,normal,anomaly
9781,0,icmp,eco_i,SF,18,0,0,0,0,0,0,0,0,0,0,0,0,0,0,0,0,0,1,1,0.0,0.0,0.0,0.0,1.0,0.0,0.0,1,167,1.0,0.0,1.0,1.0,0.0,0.0,0.0,0.0,anomaly,normal,anomaly
23739,0,tcp,ftp_data,S0,0,0,0,0,0,0,0,0,0,0,0,0,0,0,0,0,0,0,22,2,1.0,1.0,0.0,0.0,0.09,0.18,0.0,255,61,0.24,0.02,0.01,0.0,1.0,1.0,0.0,0.0,anomaly,normal,anomaly
2918,0,icmp,urp_i,SF,81,0,0,0,0,0,0,0,0,0,0,0,0,0,0,0,0,0,1,1,0.0,0.0,0.0,0.0,1.0,0.0,0.0,255,3,0.01,0.01,0.01,0.0,0.0,0.0,0.0,0.0,normal,anomaly,normal
24723,0,tcp,efs,S0,0,0,0,0,0,0,0,0,0,0,0,0,0,0,0,0,0,0,15,14,1.0,1.0,0.0,0.0,0.93,0.13,0.0,255,14,0.05,0.07,0.0,0.0,1.0,1.0,0.0,0.0,anomaly,normal,anomaly
21165,20,tcp,telnet,SF,117,8172,0,0,0,0,0,1,0,0,0,0,0,0,0,0,0,0,1,1,0.0,0.0,0.0,0.0,1.0,0.0,0.0,255,1,0.0,0.03,0.0,0.0,0.0,0.0,0.0,0.0,normal,anomaly,normal
1482,0,tcp,http,SF,54540,8314,0,0,0,2,0,1,1,0,0,0,0,0,0,0,0,0,4,4,0.0,0.0,0.0,0.0,1.0,0.0,0.0,80,80,1.0,0.0,0.01,0.0,0.0,0.0,0.04,0.04,anomaly,normal,anomaly
1362,0,icmp,ecr_i,SF,520,0,0,0,0,0,0,0,0,0,0,0,0,0,0,0,0,0,52,52,0.0,0.0,0.0,0.0,1.0,0.0,0.0,255,255,1.0,0.0,1.0,0.0,0.0,0.0,0.0,0.0,anomaly,normal,anomaly
755,0,tcp,http,SF,54540,8314,0,0,0,2,0,1,1,0,0,0,0,0,0,0,0,0,2,2,0.0,0.0,0.0,0.0,1.0,0.0,0.0,118,118,1.0,0.0,0.01,0.0,0.0,0.0,0.02,0.02,anomaly,normal,anomaly
23024,0,icmp,eco_i,SF,8,0,0,0,0,0,0,0,0,0,0,0,0,0,0,0,0,0,1,7,0.0,0.0,0.0,0.0,1.0,0.0,1.0,2,32,1.0,0.0,1.0,0.5,0.0,0.0,0.0,0.0,anomaly,normal,anomaly
14470,12160,tcp,telnet,SF,339,1729,0,0,0,0,0,1,0,0,0,0,0,0,0,0,0,0,1,1,0.0,0.0,0.0,0.0,1.0,0.0,0.0,255,9,0.04,0.07,0.0,0.0,0.78,0.11,0.0,0.0,normal,anomaly,normal
6115,1,tcp,smtp,SF,647,331,0,0,0,0,0,1,0,0,0,0,0,0,0,0,0,0,1,2,0.0,0.0,0.0,0.0,1.0,0.0,1.0,13,11,0.85,0.15,0.08,0.0,0.0,0.0,0.0,0.0,normal,anomaly,normal
16029,0,icmp,eco_i,SF,8,0,0,0,0,0,0,0,0,0,0,0,0,0,0,0,0,0,1,40,0.0,0.0,0.0,0.0,1.0,0.0,1.0,1,89,1.0,0.0,1.0,0.51,0.0,0.0,0.0,0.0,anomaly,normal,anomaly
13210,0,tcp,finger,S0,0,0,1,0,0,0,0,0,0,0,0,0,0,0,0,0,0,0,1,2,1.0,1.0,0.0,0.0,1.0,0.0,1.0,1,5,1.0,0.0,1.0,1.0,1.0,1.0,0.0,0.0,normal,anomaly,normal
1044,0,tcp,http,REJ,0,0,0,0,0,0,0,0,0,0,0,0,0,0,0,0,0,0,1,1,0.0,0.0,1.0,1.0,1.0,0.0,0.0,18,4,0.22,0.28,0.06,0.0,0.06,0.0,0.22,1.0,normal,anomaly,normal
12951,0,tcp,http,SF,54540,8314,0,0,0,2,0,1,1,0,0,0,0,0,0,0,0,0,2,2,0.0,0.0,0.0,0.0,1.0,0.0,0.0,32,32,1.0,0.0,0.03,0.0,0.03,0.03,0.03,0.03,anomaly,normal,anomaly
13299,5,tcp,telnet,SF,203,4267,0,0,0,0,0,1,0,0,0,0,0,0,0,0,0,0,1,1,0.0,0.0,0.0,0.0,1.0,0.0,0.0,211,18,0.09,0.02,0.0,0.0,0.0,0.0,0.03,0.11,normal,anomaly,normal
8227,0,icmp,ecr_i,SF,520,0,0,0,0,0,0,0,0,0,0,0,0,0,0,0,0,0,28,28,0.0,0.0,0.0,0.0,1.0,0.0,0.0,255,255,1.0,0.0,1.0,0.0,0.0,0.0,0.0,0.0,anomaly,normal,anomaly
138,0,icmp,ecr_i,SF,1032,0,0,0,0,0,0,0,0,0,0,0,0,0,0,0,0,0,263,263,0.0,0.0,0.0,0.0,1.0,0.0,0.0,255,255,1.0,0.0,1.0,0.0,0.0,0.0,0.0,0.0,anomaly,normal,anomaly
10229,0,tcp,ftp_data,S0,0,0,0,0,0,0,0,0,0,0,0,0,0,0,0,0,0,0,12,2,1.0,1.0,0.0,0.0,0.17,0.33,0.0,174,45,0.24,0.02,0.01,0.04,0.99,0.93,0.0,0.0,anomaly,normal,anomaly
1232,0,icmp,eco_i,SF,8,0,0,0,0,0,0,0,0,0,0,0,0,0,0,0,0,0,1,30,0.0,0.0,0.0,0.0,1.0,0.0,1.0,1,117,1.0,0.0,1.0,0.5,0.0,0.0,0.0,0.0,anomaly,normal,anomaly
23426,0,tcp,other,SF,965,0,0,0,0,0,0,1,0,0,0,0,0,0,0,0,0,0,4,1,0.0,0.0,0.0,0.0,0.25,1.0,0.0,222,1,0.0,0.09,0.41,0.0,0.0,0.0,0.0,0.0,normal,anomaly,normal
14338,0,udp,private,SF,28,0,0,3,0,0,0,0,0,0,0,0,0,0,0,0,0,0,45,45,0.0,0.0,0.0,0.0,1.0,0.0,0.0,255,45,0.18,0.64,0.18,0.0,0.01,0.0,0.52,0.0,anomaly,normal,anomaly
5480,0,tcp,finger,S0,0,0,0,0,0,0,0,0,0,0,0,0,0,0,0,0,0,0,14,7,1.0,1.0,0.0,0.0,0.5,0.14,0.0,174,50,0.27,0.02,0.01,0.04,1.0,0.94,0.0,0.0,anomaly,normal,anomaly
12439,0,icmp,ecr_i,SF,8,0,0,0,0,0,0,0,0,0,0,0,0,0,0,0,0,0,1,1,0.0,0.0,0.0,0.0,1.0,0.0,0.0,2,2,1.0,0.0,1.0,0.0,0.0,0.0,0.0,0.0,anomaly,normal,anomaly
11409,0,icmp,ecr_i,SF,1480,0,0,1,0,0,0,0,0,0,0,0,0,0,0,0,0,0,2,2,0.0,0.0,0.0,0.0,1.0,0.0,0.0,86,2,0.02,0.05,0.02,0.0,0.0,0.0,0.0,0.0,anomaly,normal,anomaly
20668,0,tcp,http,RSTR,53208,7300,0,0,0,1,0,1,0,0,0,0,0,0,0,0,0,0,4,3,0.0,0.0,0.25,0.33,0.75,0.5,0.0,72,72,1.0,0.0,0.01,0.0,0.0,0.0,0.04,0.04,anomaly,normal,anomaly
15497,7,tcp,telnet,SF,105,2138,0,0,0,0,0,1,0,0,0,0,0,0,0,0,0,0,1,1,0.0,0.0,0.0,0.0,1.0,0.0,0.0,44,1,0.02,0.11,0.02,0.0,0.0,0.0,0.0,0.0,normal,anomaly,normal
1577,2,tcp,telnet,SF,104,1608,0,0,0,0,0,1,0,0,0,0,0,0,0,0,0,0,1,1,0.0,0.0,0.0,0.0,1.0,0.0,0.0,13,1,0.08,0.31,0.08,0.0,0.0,0.0,0.0,0.0,normal,anomaly,normal
22438,0,tcp,http,SF,54540,8314,0,0,0,2,0,1,1,0,0,0,0,0,0,0,0,0,5,6,0.0,0.0,0.0,0.17,1.0,0.0,0.33,255,255,1.0,0.0,0.0,0.0,0.01,0.01,0.02,0.02,anomaly,normal,anomaly
5262,0,icmp,eco_i,SF,8,0,0,0,0,0,0,0,0,0,0,0,0,0,0,0,0,0,1,33,0.0,0.0,0.0,0.0,1.0,0.0,1.0,1,37,1.0,0.0,1.0,0.51,0.0,0.0,0.0,0.0,anomaly,normal,anomaly
13745,0,icmp,urp_i,SF,181,0,0,0,0,0,0,0,0,0,0,0,0,0,0,0,0,0,2,1,0.0,0.0,0.0,0.0,0.5,1.0,0.0,255,15,0.06,0.01,0.08,0.0,0.0,0.0,0.0,0.0,normal,anomaly,normal
21999,0,tcp,finger,S0,0,0,0,0,0,0,0,0,0,0,0,0,0,0,0,0,0,0,8,8,1.0,1.0,0.0,0.0,1.0,0.0,0.0,68,14,0.12,0.06,0.01,0.14,1.0,0.57,0.0,0.0,anomaly,normal,anomaly
24713,0,icmp,eco_i,SF,8,0,0,0,0,0,0,0,0,0,0,0,0,0,0,0,0,0,1,49,0.0,0.0,0.0,0.0,1.0,0.0,1.0,1,135,1.0,0.0,1.0,0.5,0.0,0.0,0.0,0.0,anomaly,normal,anomaly
10216,0,tcp,ftp_data,SF,334,0,0,0,0,0,0,1,0,0,0,0,0,0,0,0,0,0,2,2,0.0,0.0,0.0,0.0,1.0,0.0,0.0,255,85,0.33,0.07,0.35,0.0,0.01,0.04,0.0,0.0,anomaly,normal,anomaly
5525,0,icmp,ecr_i,SF,1480,0,0,1,0,0,0,0,0,0,0,0,0,0,0,0,0,0,11,11,0.0,0.0,0.0,0.0,1.0,0.0,0.0,95,11,0.12,0.04,0.12,0.0,0.0,0.0,0.0,0.0,anomaly,normal,anomaly
20810,0,icmp,urp_i,SF,78,0,0,0,0,0,0,0,0,0,0,0,0,0,0,0,0,0,24,2,0.0,0.0,0.0,0.0,0.08,0.08,0.0,255,9,0.04,0.01,0.04,0.0,0.0,0.0,0.0,0.0,normal,anomaly,normal
12469,0,icmp,eco_i,SF,18,0,0,0,0,0,0,0,0,0,0,0,0,0,0,0,0,0,1,1,0.0,0.0,0.0,0.0,1.0,0.0,0.0,1,83,1.0,0.0,1.0,1.0,0.0,0.0,0.0,0.0,anomaly,normal,anomaly
48,0,tcp,ftp_data,SF,334,0,0,0,0,0,0,1,0,0,0,0,0,0,0,0,0,0,2,2,0.0,0.0,0.0,0.0,1.0,0.0,0.0,4,38,1.0,0.0,1.0,0.18,0.0,0.0,0.0,0.0,anomaly,normal,anomaly
23683,0,icmp,eco_i,SF,8,0,0,0,0,0,0,0,0,0,0,0,0,0,0,0,0,0,1,4,0.0,0.0,0.0,0.0,1.0,0.0,1.0,1,125,1.0,0.0,1.0,0.26,0.0,0.0,0.0,0.0,anomaly,normal,anomaly
23504,0,icmp,eco_i,SF,18,0,0,0,0,0,0,0,0,0,0,0,0,0,0,0,0,0,1,1,0.0,0.0,0.0,0.0,1.0,0.0,0.0,3,3,1.0,0.0,1.0,0.0,0.0,0.0,0.0,0.0,anomaly,normal,anomaly
7004,0,udp,private,SF,207,0,0,0,0,0,0,0,0,0,0,0,0,0,0,0,0,0,2,2,0.0,0.0,0.0,0.0,1.0,0.0,0.0,74,66,0.89,0.03,0.89,0.0,0.0,0.0,0.0,0.0,anomaly,normal,anomaly
43,9052,udp,other,SF,146,105,0,0,0,0,0,0,0,0,0,0,0,0,0,0,0,0,4,2,0.0,0.0,0.0,0.0,0.5,0.5,0.0,255,2,0.01,0.66,0.99,0.0,0.0,0.0,0.0,0.0,normal,anomaly,normal
5720,0,udp,private,SF,28,0,0,3,0,0,0,0,0,0,0,0,0,0,0,0,0,0,38,38,0.0,0.0,0.0,0.0,1.0,0.0,0.0,241,38,0.16,0.05,0.16,0.0,0.02,0.0,0.0,0.0,anomaly,normal,anomaly
14579,0,icmp,eco_i,SF,8,0,0,0,0,0,0,0,0,0,0,0,0,0,0,0,0,0,1,11,0.0,0.0,0.0,0.0,1.0,0.0,1.0,2,86,1.0,0.0,1.0,0.5,0.0,0.0,0.0,0.0,anomaly,normal,anomaly
17842,0,icmp,eco_i,SF,8,0,0,0,0,0,0,0,0,0,0,0,0,0,0,0,0,0,1,51,0.0,0.0,0.0,0.0,1.0,0.0,1.0,1,67,1.0,0.0,1.0,0.51,0.0,0.0,0.0,0.0,anomaly,normal,anomaly
802,0,tcp,other,SF,6601,0,0,0,0,0,0,1,0,0,0,0,0,0,0,0,0,0,21,1,0.05,0.0,0.0,0.0,0.05,0.38,0.0,173,1,0.01,0.06,0.32,0.0,0.01,0.0,0.0,0.0,normal,anomaly,normal
2242,6,tcp,gopher,SF,0,0,0,0,0,0,0,0,0,0,0,0,0,0,0,0,0,0,1,1,0.0,0.0,0.0,0.0,1.0,0.0,0.0,51,2,0.02,1.0,0.02,1.0,0.0,0.0,0.92,0.5,anomaly,normal,anomaly
12905,0,tcp,http,SF,54540,8314,0,0,0,2,0,1,1,0,0,0,0,0,0,0,0,0,5,5,0.0,0.0,0.2,0.2,1.0,0.0,0.0,135,135,1.0,0.0,0.01,0.0,0.0,0.0,0.05,0.05,anomaly,normal,anomaly
18825,0,icmp,eco_i,SF,8,0,0,0,0,0,0,0,0,0,0,0,0,0,0,0,0,0,1,46,0.0,0.0,0.0,0.0,1.0,0.0,1.0,3,203,1.0,0.0,1.0,0.25,0.0,0.0,0.0,0.0,anomaly,normal,anomaly
4767,1,tcp,ftp,SF,1190,2447,0,0,0,28,0,1,0,0,0,0,0,0,0,0,0,1,1,1,0.0,0.0,0.0,0.0,1.0,0.0,0.0,255,133,0.52,0.02,0.0,0.0,0.0,0.0,0.0,0.0,anomaly,normal,anomaly
17251,0,tcp,pop_3,SF,52,1163,0,0,0,0,0,1,0,0,0,0,0,0,0,0,0,0,1,1,0.0,0.0,0.0,0.0,1.0,0.0,0.0,1,1,1.0,0.0,1.0,0.0,0.0,0.0,0.0,0.0,normal,anomaly,normal
18731,0,icmp,eco_i,SF,8,0,0,0,0,0,0,0,0,0,0,0,0,0,0,0,0,0,1,35,0.0,0.0,0.0,0.0,1.0,0.0,1.0,2,212,1.0,0.0,1.0,0.5,0.0,0.0,0.0,0.0,anomaly,normal,anomaly
9513,0,tcp,ftp_data,SF,63,0,0,0,0,0,0,1,0,0,0,0,0,0,0,0,0,0,152,2,0.99,0.0,0.0,0.0,0.01,0.07,0.0,255,2,0.01,0.06,0.01,0.0,0.99,0.0,0.0,0.0,normal,anomaly,normal
2409,0,icmp,eco_i,SF,8,0,0,0,0,0,0,0,0,0,0,0,0,0,0,0,0,0,1,26,0.0,0.0,0.0,0.0,1.0,0.0,1.0,4,108,1.0,0.0,1.0,0.25,0.0,0.0,0.0,0.0,anomaly,normal,anomaly
12514,0,udp,private,SF,28,0,0,3,0,0,0,0,0,0,0,0,0,0,0,0,0,0,48,48,0.0,0.0,0.0,0.0,1.0,0.0,0.0,255,148,0.58,0.42,0.58,0.0,0.09,0.0,0.33,0.0,anomaly,normal,anomaly
11215,0,icmp,eco_i,SF,18,0,0,0,0,0,0,0,0,0,0,0,0,0,0,0,0,0,2,1,0.0,0.0,0.5,0.0,0.5,1.0,0.0,14,245,0.29,0.14,0.29,0.25,0.0,0.0,0.07,0.0,anomaly,normal,anomaly
5220,7034,udp,other,SF,147,105,0,0,0,0,0,0,0,0,0,0,0,0,0,0,0,0,1,1,0.0,0.0,0.0,0.0,1.0,0.0,0.0,255,1,0.0,0.82,0.99,0.0,0.0,0.0,0.0,0.0,normal,anomaly,normal
18532,5,tcp,telnet,SF,109,5573,0,0,0,0,0,1,0,0,0,0,0,0,0,0,0,0,1,1,0.0,0.0,0.0,0.0,1.0,0.0,0.0,156,3,0.02,0.04,0.01,0.0,0.01,0.0,0.0,0.0,normal,anomaly,normal
11766,0,tcp,finger,S0,0,0,0,0,0,0,0,0,0,0,0,0,0,0,0,0,0,0,18,5,1.0,1.0,0.0,0.0,0.28,0.22,0.0,255,65,0.25,0.02,0.0,0.0,1.0,1.0,0.0,0.0,anomaly,normal,anomaly
21198,0,tcp,other,SF,4763,0,0,0,0,0,0,1,0,0,0,0,0,0,0,0,0,0,10,1,0.1,0.0,0.0,0.0,0.1,0.2,0.0,223,1,0.0,0.02,0.25,0.0,0.0,0.0,0.0,0.0,normal,anomaly,normal
7067,0,tcp,http,SF,54540,8314,0,0,0,2,0,1,1,0,0,0,0,0,0,0,0,0,4,4,0.0,0.0,0.0,0.0,1.0,0.0,0.0,38,38,1.0,0.0,0.03,0.0,0.03,0.03,0.03,0.03,anomaly,normal,anomaly
2012,0,tcp,http,SF,54540,8314,0,0,0,2,0,1,1,0,0,0,0,0,0,0,0,0,5,5,0.0,0.0,0.0,0.0,1.0,0.0,0.0,13,13,1.0,0.0,0.08,0.0,0.0,0.0,0.08,0.08,anomaly,normal,anomaly
3331,0,icmp,ecr_i,SF,1032,0,0,0,0,0,0,0,0,0,0,0,0,0,0,0,0,0,229,229,0.0,0.0,0.0,0.0,1.0,0.0,0.0,255,229,0.9,0.01,0.9,0.0,0.0,0.0,0.0,0.0,anomaly,normal,anomaly
14519,0,udp,domain_u,SF,44,131,0,0,0,0,0,0,0,0,0,0,0,0,0,0,0,0,159,159,0.0,0.0,0.0,0.0,1.0,0.0,0.0,84,45,0.54,0.04,0.01,0.0,0.0,0.0,0.0,0.0,normal,anomaly,normal
7512,0,icmp,eco_i,SF,8,0,0,0,0,0,0,0,0,0,0,0,0,0,0,0,0,0,1,32,0.0,0.0,0.0,0.0,1.0,0.0,1.0,1,27,1.0,0.0,1.0,0.52,0.0,0.0,0.0,0.0,anomaly,normal,anomaly
5831,0,tcp,ftp_data,SF,0,5828,0,0,0,0,0,1,0,0,0,0,0,0,0,0,0,0,2,2,0.0,0.0,0.0,0.0,1.0,0.0,0.0,2,2,1.0,0.0,1.0,0.0,0.0,0.0,0.0,0.0,anomaly,normal,anomaly
13136,0,tcp,smtp,SF,1247,365,0,0,0,0,0,1,0,0,0,0,0,0,0,0,0,0,1,2,0.0,0.0,0.0,0.0,1.0,0.0,1.0,20,1,0.05,0.15,0.05,0.0,0.0,0.0,0.0,0.0,normal,anomaly,normal
24314,0,icmp,ecr_i,SF,1032,0,0,0,0,0,0,0,0,0,0,0,0,0,0,0,0,0,64,64,0.0,0.0,0.0,0.0,1.0,0.0,0.0,176,82,0.47,0.04,0.47,0.0,0.01,0.0,0.36,0.0,anomaly,normal,anomaly
14301,0,udp,private,SF,28,0,0,3,0,0,0,0,0,0,0,0,0,0,0,0,0,0,79,79,0.0,0.0,0.0,0.0,1.0,0.0,0.0,255,79,0.31,0.01,0.31,0.0,0.0,0.0,0.0,0.0,anomaly,normal,anomaly
17512,0,icmp,eco_i,SF,8,0,0,0,0,0,0,0,0,0,0,0,0,0,0,0,0,0,1,25,0.0,0.0,0.0,0.0,1.0,0.0,1.0,1,73,1.0,0.0,1.0,0.51,0.0,0.0,0.0,0.0,anomaly,normal,anomaly
12433,0,icmp,eco_i,SF,8,0,0,0,0,0,0,0,0,0,0,0,0,0,0,0,0,0,1,18,0.0,0.0,0.0,0.0,1.0,0.0,1.0,1,89,1.0,0.0,1.0,0.51,0.0,0.0,0.0,0.0,anomaly,normal,anomaly
20938,0,icmp,urp_i,SF,181,0,0,0,0,0,0,0,0,0,0,0,0,0,0,0,0,0,2,1,0.0,0.0,0.0,0.0,0.5,1.0,0.0,255,30,0.12,0.01,0.13,0.0,0.0,0.0,0.0,0.0,normal,anomaly,normal
21452,4,tcp,ftp_data,SF,832,0,0,0,0,0,0,1,0,0,0,0,0,0,0,0,0,0,1,1,0.0,0.0,0.0,0.0,1.0,0.0,0.0,3,15,1.0,0.0,1.0,0.27,0.0,0.0,0.0,0.0,anomaly,normal,anomaly
759,0,icmp,eco_i,SF,8,0,0,0,0,0,0,0,0,0,0,0,0,0,0,0,0,0,1,36,0.0,0.0,0.0,0.0,1.0,0.0,1.0,1,183,1.0,0.0,1.0,0.5,0.0,0.0,0.0,0.0,anomaly,normal,anomaly
13545,0,udp,private,SF,215,0,0,0,0,0,0,0,0,0,0,0,0,0,0,0,0,0,1,1,0.0,0.0,0.0,0.0,1.0,0.0,0.0,51,43,0.84,0.04,0.84,0.0,0.0,0.0,0.0,0.0,anomaly,normal,anomaly
10174,0,icmp,eco_i,SF,8,0,0,0,0,0,0,0,0,0,0,0,0,0,0,0,0,0,1,6,0.0,0.0,0.0,0.0,1.0,0.0,1.0,1,205,1.0,0.0,1.0,0.25,0.0,0.0,0.0,0.0,anomaly,normal,anomaly
8657,0,icmp,eco_i,SF,8,0,0,0,0,0,0,0,0,0,0,0,0,0,0,0,0,0,1,37,0.0,0.0,0.0,0.0,1.0,0.0,1.0,2,98,1.0,0.0,1.0,0.5,0.0,0.0,0.0,0.0,anomaly,normal,anomaly
25181,0,icmp,eco_i,SF,8,0,0,0,0,0,0,0,0,0,0,0,0,0,0,0,0,0,1,50,0.0,0.0,0.0,0.0,1.0,0.0,1.0,2,246,1.0,0.0,1.0,0.5,0.0,0.0,0.0,0.0,anomaly,normal,anomaly
21532,0,icmp,eco_i,SF,8,0,0,0,0,0,0,0,0,0,0,0,0,0,0,0,0,0,1,52,0.0,0.0,0.0,0.0,1.0,0.0,1.0,2,78,1.0,0.0,1.0,0.26,0.0,0.0,0.0,0.0,anomaly,normal,anomaly
11666,0,icmp,eco_i,SF,8,0,0,0,0,0,0,0,0,0,0,0,0,0,0,0,0,0,1,42,0.0,0.0,0.0,0.0,1.0,0.0,1.0,2,46,1.0,0.0,1.0,0.5,0.0,0.0,0.0,0.0,anomaly,normal,anomaly
20125,0,tcp,http,SF,54540,8314,0,0,0,2,0,1,1,0,0,0,0,0,0,0,0,0,2,2,0.0,0.0,0.0,0.0,1.0,0.0,0.0,167,167,1.0,0.0,0.01,0.0,0.0,0.0,0.01,0.01,anomaly,normal,anomaly
8213,0,icmp,urp_i,SF,183,0,0,0,0,0,0,0,0,0,0,0,0,0,0,0,0,0,2,1,0.0,0.0,0.0,0.0,0.5,1.0,0.0,255,22,0.09,0.01,0.1,0.0,0.0,0.0,0.0,0.0,normal,anomaly,normal
666,0,udp,private,SF,28,0,0,3,0,0,0,0,0,0,0,0,0,0,0,0,0,0,88,88,0.0,0.0,0.0,0.0,1.0,0.0,0.0,255,88,0.35,0.02,0.35,0.0,0.0,0.0,0.0,0.0,anomaly,normal,anomaly
4025,0,icmp,eco_i,SF,8,0,0,0,0,0,0,0,0,0,0,0,0,0,0,0,0,0,1,51,0.0,0.0,0.0,0.0,1.0,0.0,1.0,4,28,1.0,0.0,1.0,0.25,0.0,0.0,0.0,0.0,anomaly,normal,anomaly
8984,0,tcp,ftp_data,SF,334,0,0,0,0,0,0,1,0,0,0,0,0,0,0,0,0,0,1,1,0.0,0.0,0.0,0.0,1.0,0.0,0.0,7,33,1.0,0.0,1.0,0.18,0.0,0.0,0.0,0.0,anomaly,normal,anomaly
15577,0,tcp,finger,S0,0,0,0,0,0,0,0,0,0,0,0,0,0,0,0,0,0,0,18,4,1.0,1.0,0.0,0.0,0.22,0.22,0.0,255,63,0.25,0.02,0.01,0.0,1.0,1.0,0.0,0.0,anomaly,normal,anomaly
22802,12,tcp,ftp_data,SF,7045,0,0,0,0,0,0,1,0,0,0,0,0,0,0,0,0,0,3,2,0.0,0.0,0.0,0.0,0.67,0.67,0.0,255,83,0.33,0.07,0.35,0.0,0.02,0.05,0.0,0.0,anomaly,normal,anomaly
19567,2814,udp,other,SF,146,105,0,0,0,0,0,0,0,0,0,0,0,0,0,0,0,0,1,1,0.0,0.0,0.0,0.0,1.0,0.0,0.0,255,1,0.0,0.66,0.97,0.0,0.0,0.0,0.0,0.0,normal,anomaly,normal
7659,0,tcp,http,SF,54540,8314,0,0,0,2,0,1,1,0,0,0,0,0,0,0,0,0,3,3,0.0,0.0,0.33,0.33,1.0,0.0,0.0,3,3,1.0,0.0,0.33,0.0,0.0,0.0,0.33,0.33,anomaly,normal,anomaly
19786,0,udp,private,SF,1,0,0,0,0,0,0,0,0,0,0,0,0,0,0,0,0,0,143,133,0.0,0.0,0.0,0.0,0.93,0.01,0.0,255,201,0.79,0.03,1.0,0.0,0.0,0.0,0.0,0.0,anomaly,normal,anomaly
7915,18888,udp,other,SF,147,105,0,0,0,0,0,0,0,0,0,0,0,0,0,0,0,0,5,1,0.0,0.0,0.0,0.0,0.2,0.6,0.0,255,2,0.01,0.46,0.89,0.0,0.0,0.0,0.0,0.0,normal,anomaly,normal
20819,1,tcp,time,SF,0,4,0,0,0,0,0,0,0,0,0,0,0,0,0,0,0,0,1,1,0.0,0.0,0.0,0.0,1.0,0.0,0.0,11,11,1.0,0.0,0.09,0.0,0.0,0.0,0.0,0.0,normal,anomaly,normal
2043,0,icmp,urp_i,SF,182,0,0,0,0,0,0,0,0,0,0,0,0,0,0,0,0,0,1,1,0.0,0.0,0.0,0.0,1.0,0.0,0.0,4,1,0.25,0.5,0.25,0.0,0.0,0.0,0.0,0.0,normal,anomaly,normal
9484,0,udp,other,SF,147,0,0,0,0,0,0,0,0,0,0,0,0,0,0,0,0,0,4,1,0.0,0.0,0.0,0.0,0.25,0.75,0.0,255,1,0.0,0.73,0.99,0.0,0.0,0.0,0.0,0.0,normal,anomaly,normal
897,0,icmp,eco_i,SF,8,0,0,0,0,0,0,0,0,0,0,0,0,0,0,0,0,0,1,17,0.0,0.0,0.0,0.0,1.0,0.0,1.0,3,80,1.0,0.0,1.0,0.26,0.0,0.0,0.0,0.0,anomaly,normal,anomaly
7763,36,tcp,telnet,SF,124,11058,0,0,0,0,0,1,0,0,0,0,0,0,0,0,0,0,1,1,0.0,0.0,0.0,0.0,1.0,0.0,0.0,255,1,0.0,0.55,0.0,0.0,0.0,0.0,0.0,0.0,normal,anomaly,normal
23348,0,tcp,daytime,RSTR,0,0,0,0,0,0,0,0,0,0,0,0,0,0,0,0,0,0,1,1,0.0,0.0,1.0,1.0,1.0,0.0,0.0,172,1,0.01,0.05,0.02,0.0,0.0,0.0,0.03,1.0,anomaly,normal,anomaly
21604,0,icmp,eco_i,SF,8,0,0,0,0,0,0,0,0,0,0,0,0,0,0,0,0,0,1,18,0.0,0.0,0.0,0.0,1.0,0.0,1.0,1,21,1.0,0.0,1.0,0.52,0.0,0.0,0.0,0.0,anomaly,normal,anomaly
18715,20,tcp,telnet,SF,115,12486,0,0,0,0,0,1,0,0,0,0,0,0,0,0,0,0,1,1,0.0,0.0,0.0,0.0,1.0,0.0,0.0,63,3,0.02,0.11,0.02,0.67,0.0,0.0,0.0,0.0,normal,anomaly,normal
9789,0,icmp,eco_i,SF,8,0,0,0,0,0,0,0,0,0,0,0,0,0,0,0,0,0,1,19,0.0,0.0,0.0,0.0,1.0,0.0,1.0,2,26,1.0,0.0,1.0,0.5,0.0,0.0,0.0,0.0,anomaly,normal,anomaly
23102,0,udp,other,SF,1,0,0,0,0,0,0,0,0,0,0,0,0,0,0,0,0,0,8,8,0.0,0.0,0.0,0.0,1.0,0.0,0.0,255,8,0.03,0.15,0.42,0.0,0.0,0.0,0.5,0.0,anomaly,normal,anomaly
6497,2586,udp,other,SF,146,105,0,0,0,0,0,0,0,0,0,0,0,0,0,0,0,0,5,1,0.0,0.0,0.0,0.0,0.2,0.6,0.0,255,1,0.0,0.86,0.98,0.0,0.0,0.0,0.0,0.0,normal,anomaly,normal
4053,0,icmp,eco_i,SF,8,0,0,0,0,0,0,0,0,0,0,0,0,0,0,0,0,0,1,23,0.0,0.0,0.0,0.0,1.0,0.0,1.0,1,23,1.0,0.0,1.0,0.52,0.0,0.0,0.0,0.0,anomaly,normal,anomaly
24370,8337,udp,other,SF,147,105,0,0,0,0,0,0,0,0,0,0,0,0,0,0,0,0,2,2,0.0,0.0,0.0,0.0,1.0,0.0,0.0,255,2,0.01,0.65,0.88,0.0,0.0,0.0,0.0,0.0,normal,anomaly,normal
22199,0,icmp,eco_i,SF,8,0,0,0,0,0,0,0,0,0,0,0,0,0,0,0,0,0,1,7,0.0,0.0,0.0,0.0,1.0,0.0,1.0,1,41,1.0,0.0,1.0,0.51,0.0,0.0,0.0,0.0,anomaly,normal,anomaly
21486,0,icmp,urp_i,SF,182,0,0,0,0,0,0,0,0,0,0,0,0,0,0,0,0,0,2,1,0.0,0.0,0.0,0.0,0.5,1.0,0.0,65,3,0.05,0.05,0.08,0.0,0.0,0.0,0.0,0.0,normal,anomaly,normal
23423,0,tcp,smtp,S0,0,0,0,0,0,0,0,0,0,0,0,0,0,0,0,0,0,0,8,8,1.0,1.0,0.0,0.0,1.0,0.0,0.0,110,130,0.44,0.02,0.01,0.02,0.98,0.37,0.0,0.0,anomaly,normal,anomaly
3158,0,icmp,ecr_i,SF,520,0,0,0,0,0,0,0,0,0,0,0,0,0,0,0,0,0,273,273,0.0,0.0,0.0,0.0,1.0,0.0,0.0,255,255,1.0,0.0,1.0,0.0,0.0,0.0,0.0,0.0,anomaly,normal,anomaly
13263,0,icmp,ecr_i,SF,520,0,0,0,0,0,0,0,0,0,0,0,0,0,0,0,0,0,168,168,0.0,0.0,0.0,0.0,1.0,0.0,0.0,255,255,1.0,0.0,1.0,0.0,0.0,0.0,0.0,0.0,anomaly,normal,anomaly
24810,0,tcp,finger,SF,9,196,0,0,0,1,0,0,0,0,0,0,0,0,0,0,0,0,5,5,0.0,0.0,0.0,0.0,1.0,0.0,0.0,155,7,0.05,0.06,0.01,0.0,0.01,0.0,0.0,0.0,anomaly,normal,anomaly
5308,0,tcp,http,SF,54540,8314,0,0,0,2,0,1,1,0,0,0,0,0,0,0,0,0,4,4,0.0,0.0,0.0,0.0,1.0,0.0,0.0,179,179,1.0,0.0,0.01,0.0,0.0,0.0,0.06,0.06,anomaly,normal,anomaly
19108,0,tcp,smtp,S0,0,0,0,0,0,0,0,0,0,0,0,0,0,0,0,0,0,0,19,21,1.0,0.9,0.0,0.0,1.0,0.0,0.14,41,153,0.46,0.05,0.02,0.01,0.95,0.12,0.0,0.0,anomaly,normal,anomaly
24985,0,tcp,other,SF,8325,0,0,0,0,0,0,1,0,0,0,0,0,0,0,0,0,0,20,1,0.05,0.0,0.0,0.0,0.05,0.35,0.0,172,1,0.01,0.06,0.31,0.0,0.01,0.0,0.0,0.0,normal,anomaly,normal
4741,0,icmp,eco_i,SF,8,0,0,0,0,0,0,0,0,0,0,0,0,0,0,0,0,0,1,20,0.0,0.0,0.0,0.0,1.0,0.0,1.0,1,25,1.0,0.0,1.0,0.28,0.0,0.0,0.0,0.0,anomaly,normal,anomaly
3530,0,icmp,eco_i,SF,8,0,0,0,0,0,0,0,0,0,0,0,0,0,0,0,0,0,1,36,0.0,0.0,0.0,0.0,1.0,0.0,1.0,1,39,1.0,0.0,1.0,0.51,0.0,0.0,0.0,0.0,anomaly,normal,anomaly
14371,0,tcp,telnet,S1,91,2832,0,0,0,0,0,1,0,0,0,0,0,0,0,0,0,0,1,1,1.0,1.0,0.0,0.0,1.0,0.0,0.0,158,31,0.2,0.45,0.01,0.0,0.09,0.48,0.42,0.03,normal,anomaly,normal
19309,0,udp,other,SF,516,4,0,0,0,0,0,0,0,0,0,0,0,0,0,0,0,0,337,337,0.0,0.0,0.0,0.0,1.0,0.0,0.0,255,255,1.0,0.0,1.0,0.0,0.0,0.0,0.0,0.0,normal,anomaly,normal
14991,4,tcp,http,SF,54540,8314,0,0,0,2,0,1,1,0,0,0,0,0,0,0,0,0,4,4,0.0,0.0,0.0,0.0,1.0,0.0,0.0,32,32,1.0,0.0,0.03,0.0,0.0,0.0,0.34,0.34,anomaly,normal,anomaly
11541,0,udp,private,SF,100,0,0,0,0,0,0,0,0,0,0,0,0,0,0,0,0,0,1,1,0.0,0.0,0.0,0.0,1.0,0.0,0.0,227,37,0.16,0.01,0.16,0.0,0.0,0.0,0.0,0.0,anomaly,normal,anomaly
21892,0,tcp,http,SF,54540,8314,0,0,0,2,0,1,1,0,0,0,0,0,0,0,0,0,9,9,0.0,0.0,0.0,0.0,1.0,0.0,0.0,255,255,1.0,0.0,0.0,0.0,0.0,0.0,0.04,0.04,anomaly,normal,anomaly
12954,0,icmp,eco_i,SF,8,0,0,0,0,0,0,0,0,0,0,0,0,0,0,0,0,0,1,49,0.0,0.0,0.0,0.0,1.0,0.0,1.0,2,255,1.0,0.0,1.0,0.5,0.0,0.0,0.0,0.0,anomaly,normal,anomaly
9733,0,icmp,eco_i,SF,8,0,0,0,0,0,0,0,0,0,0,0,0,0,0,0,0,0,1,42,0.0,0.0,0.0,0.0,1.0,0.0,1.0,2,2,1.0,0.0,1.0,0.0,0.0,0.0,0.0,0.0,anomaly,normal,anomaly
11131,0,tcp,http,SF,54540,8314,0,0,0,2,0,1,1,0,0,0,0,0,0,0,0,0,1,2,0.0,0.0,0.0,0.5,1.0,0.0,1.0,255,255,1.0,0.0,0.0,0.0,0.01,0.01,0.03,0.03,anomaly,normal,anomaly
17655,0,tcp,other,SF,4539,0,0,0,0,0,0,1,0,0,0,0,0,0,0,0,0,0,20,1,0.05,0.0,0.0,0.0,0.05,0.3,0.0,202,1,0.0,0.1,0.4,0.0,0.02,0.0,0.0,0.0,normal,anomaly,normal
9492,0,icmp,eco_i,SF,8,0,0,0,0,0,0,0,0,0,0,0,0,0,0,0,0,0,1,25,0.0,0.0,0.0,0.0,1.0,0.0,1.0,2,68,1.0,0.0,1.0,0.5,0.0,0.0,0.0,0.0,anomaly,normal,anomaly
7653,0,tcp,http,RSTR,54540,8314,0,0,0,2,0,1,1,0,0,0,0,0,0,0,0,0,4,4,0.0,0.0,0.25,0.25,1.0,0.0,0.0,144,144,1.0,0.0,0.01,0.0,0.0,0.0,0.06,0.06,anomaly,normal,anomaly
2928,0,icmp,ecr_i,SF,1032,0,0,0,0,0,0,0,0,0,0,0,0,0,0,0,0,0,83,83,0.0,0.0,0.0,0.0,1.0,0.0,0.0,255,255,1.0,0.0,1.0,0.0,0.0,0.0,0.0,0.0,anomaly,normal,anomaly
3787,0,icmp,eco_i,SF,8,0,0,0,0,0,0,0,0,0,0,0,0,0,0,0,0,0,1,32,0.0,0.0,0.0,0.0,1.0,0.0,1.0,2,70,1.0,0.0,1.0,0.5,0.0,0.0,0.0,0.0,anomaly,normal,anomaly
16520,0,tcp,http,SF,54540,8314,0,0,0,2,0,1,1,0,0,0,0,0,0,0,0,0,6,8,0.0,0.0,0.0,0.25,1.0,0.0,0.38,255,255,1.0,0.0,0.0,0.0,0.0,0.0,0.03,0.03,anomaly,normal,anomaly
5021,0,tcp,ftp_data,SF,334,0,0,0,0,0,0,1,0,0,0,0,0,0,0,0,0,0,1,1,0.0,0.0,0.0,0.0,1.0,0.0,0.0,14,46,0.93,0.14,1.0,0.11,0.0,0.0,0.0,0.0,anomaly,normal,anomaly
18651,0,tcp,http,SF,54540,8314,0,0,0,2,0,1,1,0,0,0,0,0,0,0,0,0,2,3,0.0,0.0,0.0,0.33,1.0,0.0,0.67,240,240,1.0,0.0,0.0,0.0,0.0,0.0,0.02,0.02,anomaly,normal,anomaly
9771,0,udp,other,SF,516,4,0,0,0,0,0,0,0,0,0,0,0,0,0,0,0,0,407,407,0.0,0.0,0.0,0.0,1.0,0.0,0.0,255,255,1.0,0.0,1.0,0.0,0.0,0.0,0.0,0.0,normal,anomaly,normal
24761,0,tcp,finger,S0,0,0,0,0,0,0,0,0,0,0,0,0,0,0,0,0,0,0,22,11,1.0,1.0,0.0,0.0,0.5,0.09,0.0,255,59,0.23,0.04,0.0,0.0,1.0,1.0,0.0,0.0,anomaly,normal,anomaly
22349,0,icmp,eco_i,SF,18,0,0,0,0,0,0,0,0,0,0,0,0,0,0,0,0,0,1,1,0.0,0.0,0.0,0.0,1.0,0.0,0.0,3,107,1.0,0.0,1.0,0.25,0.0,0.0,0.0,0.0,anomaly,normal,anomaly
22107,103,tcp,telnet,SF,179,24566,0,0,0,0,0,1,0,0,0,0,0,0,0,0,0,0,1,1,0.0,0.0,0.0,0.0,1.0,0.0,0.0,1,6,1.0,0.0,1.0,0.5,0.0,0.17,0.0,0.17,normal,anomaly,normal
17314,13535,tcp,telnet,SF,10606,17797,0,0,0,0,0,1,4,0,0,2,40,0,0,0,0,0,1,1,0.0,0.0,0.0,0.0,1.0,0.0,0.0,255,12,0.05,0.06,0.0,0.0,0.76,0.08,0.0,0.0,normal,anomaly,normal
9036,0,tcp,domain,SF,48,48,0,0,0,0,0,0,0,0,0,0,0,0,0,0,0,0,108,1,0.0,0.0,0.0,0.0,0.01,0.02,0.0,255,1,0.0,0.01,0.0,0.0,0.0,0.0,0.0,0.0,normal,anomaly,normal
24722,4576,udp,other,SF,147,105,0,0,0,0,0,0,0,0,0,0,0,0,0,0,0,0,1,1,0.0,0.0,0.0,0.0,1.0,0.0,0.0,255,3,0.01,0.47,0.91,0.0,0.0,0.0,0.0,0.0,normal,anomaly,normal
5156,0,icmp,urp_i,SF,78,0,0,0,0,0,0,0,0,0,0,0,0,0,0,0,0,0,10,3,0.0,0.0,0.0,0.0,0.3,0.2,0.0,255,29,0.11,0.01,0.11,0.0,0.0,0.0,0.0,0.0,normal,anomaly,normal
20613,0,icmp,eco_i,SF,8,0,0,0,0,0,0,0,0,0,0,0,0,0,0,0,0,0,1,15,0.0,0.0,0.0,0.0,1.0,0.0,1.0,2,32,1.0,0.0,1.0,0.5,0.0,0.0,0.0,0.0,anomaly,normal,anomaly
24935,0,tcp,ftp_data,SF,334,0,0,0,0,0,0,1,0,0,0,0,0,0,0,0,0,0,2,2,0.0,0.0,0.0,0.0,1.0,0.0,0.0,2,8,1.0,0.0,1.0,0.25,0.0,0.0,0.0,0.0,anomaly,normal,anomaly
4488,0,icmp,eco_i,SF,8,0,0,0,0,0,0,0,0,0,0,0,0,0,0,0,0,0,1,24,0.0,0.0,0.0,0.0,1.0,0.0,1.0,3,55,1.0,0.0,1.0,0.25,0.0,0.0,0.0,0.0,anomaly,normal,anomaly
18831,0,icmp,eco_i,SF,8,0,0,0,0,0,0,0,0,0,0,0,0,0,0,0,0,0,1,5,0.0,0.0,0.0,0.0,1.0,0.0,1.0,2,134,1.0,0.0,1.0,0.5,0.0,0.0,0.0,0.0,anomaly,normal,anomaly
8126,0,icmp,eco_i,SF,8,0,0,0,0,0,0,0,0,0,0,0,0,0,0,0,0,0,1,17,0.0,0.0,0.0,0.0,1.0,0.0,1.0,2,15,1.0,0.0,1.0,0.53,0.0,0.0,0.0,0.0,anomaly,normal,anomaly
11557,0,icmp,ecr_i,SF,1032,0,0,0,0,0,0,0,0,0,0,0,0,0,0,0,0,0,225,225,0.0,0.0,0.0,0.0,1.0,0.0,0.0,255,255,1.0,0.0,1.0,0.0,0.0,0.0,0.0,0.0,anomaly,normal,anomaly
13838,0,tcp,discard,RSTR,0,0,0,0,0,0,0,0,0,0,0,0,0,0,0,0,0,0,1,1,0.0,0.0,1.0,1.0,1.0,0.0,0.0,255,1,0.0,0.05,0.04,0.0,0.0,0.0,0.04,1.0,anomaly,normal,anomaly
2521,0,icmp,eco_i,SF,8,0,0,0,0,0,0,0,0,0,0,0,0,0,0,0,0,0,1,45,0.0,0.0,0.0,0.0,1.0,0.0,1.0,1,69,1.0,0.0,1.0,0.26,0.0,0.0,0.0,0.0,anomaly,normal,anomaly
5084,13501,tcp,telnet,RSTO,299,3769,0,0,0,0,0,1,0,0,0,0,1,0,0,0,0,0,1,1,0.0,0.0,1.0,1.0,1.0,0.0,0.0,59,18,0.31,0.1,0.02,0.0,0.02,0.06,0.08,0.28,normal,anomaly,normal
10062,0,tcp,http,S0,0,0,0,0,0,0,0,0,0,0,0,0,0,0,0,0,0,0,8,7,0.75,0.86,0.25,0.14,0.75,0.38,0.29,255,47,0.18,0.04,0.0,0.0,1.0,1.0,0.0,0.0,anomaly,normal,anomaly
24537,0,icmp,eco_i,SF,8,0,0,0,0,0,0,0,0,0,0,0,0,0,0,0,0,0,1,11,0.0,0.0,0.0,0.0,1.0,0.0,1.0,1,157,1.0,0.0,1.0,0.25,0.0,0.0,0.0,0.0,anomaly,normal,anomaly
4812,0,udp,private,SF,100,0,0,0,0,0,0,0,0,0,0,0,0,0,0,0,0,0,2,2,0.0,0.0,0.0,0.0,1.0,0.0,0.0,80,10,0.12,0.03,0.12,0.0,0.0,0.0,0.0,0.0,anomaly,normal,anomaly
7157,0,icmp,eco_i,SF,8,0,0,0,0,0,0,0,0,0,0,0,0,0,0,0,0,0,1,17,0.0,0.0,0.0,0.0,1.0,0.0,1.0,1,135,1.0,0.0,1.0,0.5,0.0,0.0,0.0,0.0,anomaly,normal,anomaly
17361,33,tcp,telnet,SF,127,12525,0,0,0,0,0,1,0,0,0,0,0,0,0,0,0,0,1,1,0.0,0.0,0.0,0.0,1.0,0.0,0.0,194,2,0.01,0.04,0.01,0.0,0.01,0.0,0.0,0.0,normal,anomaly,normal
12121,0,icmp,eco_i,SF,8,0,0,0,0,0,0,0,0,0,0,0,0,0,0,0,0,0,1,28,0.0,0.0,0.0,0.0,1.0,0.0,1.0,2,38,1.0,0.0,1.0,0.5,0.0,0.0,0.0,0.0,anomaly,normal,anomaly
21697,0,udp,other,SF,147,0,0,0,0,0,0,0,0,0,0,0,0,0,0,0,0,0,1,1,0.0,0.0,0.0,0.0,1.0,0.0,0.0,6,1,0.17,0.67,0.83,0.0,0.0,0.0,0.0,0.0,normal,anomaly,normal
8927,0,tcp,ftp_data,SF,334,0,0,0,0,0,0,1,0,0,0,0,0,0,0,0,0,0,2,2,0.0,0.0,0.0,0.0,1.0,0.0,0.0,4,48,1.0,0.0,1.0,0.08,0.0,0.0,0.0,0.0,anomaly,normal,anomaly
3616,0,tcp,ftp_data,SF,334,0,0,0,0,0,0,1,0,0,0,0,0,0,0,0,0,0,2,2,0.0,0.0,0.0,0.0,1.0,0.0,0.0,14,25,1.0,0.0,1.0,0.08,0.0,0.0,0.0,0.0,anomaly,normal,anomaly
15681,0,icmp,eco_i,SF,8,0,0,0,0,0,0,0,0,0,0,0,0,0,0,0,0,0,1,29,0.0,0.0,0.0,0.0,1.0,0.0,1.0,2,178,1.0,0.0,1.0,0.5,0.0,0.0,0.0,0.0,anomaly,normal,anomaly
16220,0,icmp,urp_i,SF,182,0,0,0,0,0,0,0,0,0,0,0,0,0,0,0,0,0,2,1,0.0,0.0,0.0,0.0,0.5,1.0,0.0,255,12,0.05,0.01,0.06,0.0,0.0,0.0,0.0,0.0,normal,anomaly,normal
15731,0,icmp,eco_i,SF,18,0,0,0,0,0,0,0,0,0,0,0,0,0,0,0,0,0,1,1,0.0,0.0,0.0,0.0,1.0,0.0,0.0,1,161,1.0,0.0,1.0,0.25,0.0,0.0,0.0,0.0,anomaly,normal,anomaly
12664,0,icmp,eco_i,SF,8,0,0,0,0,0,0,0,0,0,0,0,0,0,0,0,0,0,1,22,0.0,0.0,0.0,0.0,1.0,0.0,1.0,2,98,1.0,0.0,1.0,0.5,0.0,0.0,0.0,0.0,anomaly,normal,anomaly
23188,0,icmp,eco_i,SF,8,0,0,0,0,0,0,0,0,0,0,0,0,0,0,0,0,0,1,16,0.0,0.0,0.0,0.0,1.0,0.0,1.0,2,86,1.0,0.0,1.0,0.5,0.0,0.0,0.0,0.0,anomaly,normal,anomaly
15487,0,icmp,ecr_i,SF,520,0,0,0,0,0,0,0,0,0,0,0,0,0,0,0,0,0,277,277,0.0,0.0,0.0,0.0,1.0,0.0,0.0,255,255,1.0,0.0,1.0,0.0,0.0,0.0,0.0,0.0,anomaly,normal,anomaly
1826,0,icmp,eco_i,SF,8,0,0,0,0,0,0,0,0,0,0,0,0,0,0,0,0,0,1,11,0.0,0.0,0.0,0.0,1.0,0.0,1.0,1,39,1.0,0.0,1.0,0.54,0.0,0.0,0.0,0.0,anomaly,normal,anomaly
19165,19025,udp,other,SF,146,105,0,0,0,0,0,0,0,0,0,0,0,0,0,0,0,0,1,1,0.0,0.0,0.0,0.0,1.0,0.0,0.0,255,1,0.0,0.59,0.91,0.0,0.0,0.0,0.0,0.0,normal,anomaly,normal
16975,0,icmp,ecr_i,SF,1032,0,0,0,0,0,0,0,0,0,0,0,0,0,0,0,0,0,105,105,0.0,0.0,0.0,0.0,1.0,0.0,0.0,255,105,0.41,0.02,0.41,0.0,0.0,0.0,0.0,0.0,anomaly,normal,anomaly
25147,0,tcp,finger,S0,0,0,0,0,0,0,0,0,0,0,0,0,0,0,0,0,0,0,18,8,1.0,1.0,0.0,0.0,0.44,0.22,0.0,255,68,0.27,0.03,0.01,0.0,1.0,1.0,0.0,0.0,anomaly,normal,anomaly
3392,0,icmp,eco_i,SF,8,0,0,0,0,0,0,0,0,0,0,0,0,0,0,0,0,0,1,5,0.0,0.0,0.0,0.0,1.0,0.0,1.0,1,37,1.0,0.0,1.0,0.51,0.0,0.0,0.0,0.0,anomaly,normal,anomaly
22814,0,icmp,eco_i,SF,8,0,0,0,0,0,0,0,0,0,0,0,0,0,0,0,0,0,1,29,0.0,0.0,0.0,0.0,1.0,0.0,1.0,2,114,1.0,0.0,1.0,0.5,0.0,0.0,0.0,0.0,anomaly,normal,anomaly
11054,0,tcp,ftp_data,SF,30,0,0,0,0,0,0,1,0,0,0,0,0,0,0,0,0,0,1,1,0.0,0.0,0.0,0.0,1.0,0.0,0.0,5,39,1.0,0.0,1.0,0.15,0.0,0.03,0.0,0.0,anomaly,normal,anomaly
13272,0,icmp,ecr_i,SF,8,0,0,0,0,0,0,0,0,0,0,0,0,0,0,0,0,0,1,1,0.0,0.0,0.0,0.0,1.0,0.0,0.0,6,6,1.0,0.0,1.0,0.0,0.0,0.0,0.0,0.0,anomaly,normal,anomaly
10597,0,icmp,eco_i,SF,8,0,0,0,0,0,0,0,0,0,0,0,0,0,0,0,0,0,1,12,0.0,0.0,0.0,0.0,1.0,0.0,1.0,1,147,1.0,0.0,1.0,0.5,0.0,0.0,0.0,0.0,anomaly,normal,anomaly
10954,0,tcp,smtp,SF,3389,494,0,0,0,0,0,1,0,0,0,0,0,0,0,0,0,0,1,1,0.0,0.0,0.0,0.0,1.0,0.0,0.0,255,7,0.03,0.01,0.0,0.0,0.0,0.0,0.02,0.0,normal,anomaly,normal
5408,0,icmp,ecr_i,SF,520,0,0,0,0,0,0,0,0,0,0,0,0,0,0,0,0,0,108,108,0.0,0.0,0.0,0.0,1.0,0.0,0.0,255,255,1.0,0.0,1.0,0.0,0.0,0.0,0.0,0.0,anomaly,normal,anomaly
17949,6719,udp,other,SF,147,105,0,0,0,0,0,0,0,0,0,0,0,0,0,0,0,0,1,1,0.0,0.0,0.0,0.0,1.0,0.0,0.0,255,1,0.0,0.77,0.98,0.0,0.0,0.0,0.0,0.0,normal,anomaly,normal
10347,0,tcp,http,SF,54540,8314,0,0,0,2,0,1,1,0,0,0,0,0,0,0,0,0,1,1,0.0,0.0,0.0,0.0,1.0,0.0,0.0,203,203,1.0,0.0,0.0,0.0,0.0,0.0,0.01,0.01,anomaly,normal,anomaly
7353,0,tcp,telnet,S1,0,0,0,0,0,0,0,0,0,0,0,0,0,0,0,0,0,0,2,1,0.5,1.0,0.0,0.0,0.5,1.0,0.0,255,1,0.0,0.85,0.0,0.0,0.0,1.0,0.0,0.0,normal,anomaly,normal
14476,0,tcp,http,S2,54540,8315,0,0,0,1,0,1,0,0,0,0,0,0,0,0,0,0,6,6,0.17,0.17,0.0,0.0,1.0,0.0,0.0,255,255,1.0,0.0,0.0,0.0,0.01,0.01,0.04,0.04,anomaly,normal,anomaly
20585,0,icmp,eco_i,SF,8,0,0,0,0,0,0,0,0,0,0,0,0,0,0,0,0,0,1,39,0.0,0.0,0.0,0.0,1.0,0.0,1.0,1,86,1.0,0.0,1.0,0.51,0.0,0.0,0.0,0.0,anomaly,normal,anomaly
19268,0,icmp,eco_i,SF,8,0,0,0,0,0,0,0,0,0,0,0,0,0,0,0,0,0,1,3,0.0,0.0,0.0,0.0,1.0,0.0,1.0,1,86,1.0,0.0,1.0,0.51,0.0,0.0,0.0,0.0,anomaly,normal,anomaly
1408,2,tcp,ftp,SF,1218,2449,0,0,0,28,0,1,0,0,0,0,0,0,0,0,0,1,1,1,0.0,0.0,0.0,0.0,1.0,0.0,0.0,255,125,0.49,0.02,0.01,0.0,0.0,0.0,0.01,0.0,anomaly,normal,anomaly
2274,0,udp,private,SF,1,0,0,0,0,0,0,0,0,0,0,0,0,0,0,0,0,0,2,2,0.0,0.0,0.0,0.0,1.0,0.0,0.0,255,33,0.13,0.45,0.67,0.0,0.03,0.0,0.31,0.0,anomaly,normal,anomaly
20016,0,icmp,ecr_i,SF,1032,0,0,0,0,0,0,0,0,0,0,0,0,0,0,0,0,0,54,54,0.0,0.0,0.0,0.0,1.0,0.0,0.0,255,255,1.0,0.0,1.0,0.0,0.0,0.0,0.0,0.0,anomaly,normal,anomaly
14561,1,tcp,ftp,SF,1246,2449,0,0,0,28,0,1,0,0,0,0,0,0,0,0,0,1,1,1,0.0,0.0,0.0,0.0,1.0,0.0,0.0,255,136,0.53,0.02,0.0,0.0,0.0,0.0,0.0,0.0,anomaly,normal,anomaly
8534,0,tcp,http,SF,54540,8314,0,0,0,2,0,1,1,0,0,0,0,0,0,0,0,0,1,1,0.0,0.0,0.0,0.0,1.0,0.0,0.0,1,1,1.0,0.0,1.0,0.0,0.0,0.0,0.0,0.0,anomaly,normal,anomaly
1012,0,tcp,daytime,S0,0,0,0,0,0,0,0,0,0,0,0,0,0,0,0,0,0,0,4,1,1.0,1.0,0.0,0.0,0.25,0.75,0.0,255,1,0.0,0.09,0.0,0.0,1.0,1.0,0.0,0.0,anomaly,normal,anomaly
24947,0,icmp,ecr_i,SF,1480,0,0,1,0,0,0,0,0,0,0,0,0,0,0,0,0,0,19,19,0.0,0.0,0.0,0.0,1.0,0.0,0.0,103,19,0.18,0.04,0.18,0.0,0.0,0.0,0.0,0.0,anomaly,normal,anomaly
19955,0,icmp,eco_i,SF,8,0,0,0,0,0,0,0,0,0,0,0,0,0,0,0,0,0,1,16,0.0,0.0,0.0,0.0,1.0,0.0,1.0,2,96,1.0,0.0,1.0,0.5,0.0,0.0,0.0,0.0,anomaly,normal,anomaly
9247,0,udp,private,SF,215,0,0,0,0,0,0,0,0,0,0,0,0,0,0,0,0,0,1,1,0.0,0.0,0.0,0.0,1.0,0.0,0.0,121,105,0.87,0.02,0.87,0.0,0.0,0.0,0.0,0.0,anomaly,normal,anomaly
17557,0,tcp,other,SF,59,0,0,0,0,0,0,1,0,0,0,0,0,0,0,0,0,0,17,1,0.06,0.0,0.0,0.0,0.06,0.41,0.0,86,1,0.01,0.1,0.27,0.0,0.01,0.0,0.0,0.0,normal,anomaly,normal
3269,0,tcp,ftp_data,SF,334,0,0,0,0,0,0,1,0,0,0,0,0,0,0,0,0,0,1,1,0.0,0.0,0.0,0.0,1.0,0.0,0.0,3,23,1.0,0.0,1.0,0.13,0.0,0.0,0.0,0.0,anomaly,normal,anomaly
11546,914,tcp,telnet,SF,765,25284,0,0,0,0,0,1,4,0,0,0,0,0,0,0,0,0,1,1,0.0,0.0,0.0,0.0,1.0,0.0,0.0,255,6,0.02,0.07,0.0,0.0,0.94,0.0,0.0,0.0,normal,anomaly,normal
9337,2713,udp,other,SF,147,105,0,0,0,0,0,0,0,0,0,0,0,0,0,0,0,0,2,2,0.0,0.0,0.0,0.0,1.0,0.0,0.0,255,3,0.01,0.78,0.99,0.0,0.0,0.0,0.0,0.0,normal,anomaly,normal
21737,0,icmp,eco_i,SF,8,0,0,0,0,0,0,0,0,0,0,0,0,0,0,0,0,0,1,52,0.0,0.0,0.0,0.0,1.0,0.0,1.0,2,10,1.0,0.0,1.0,0.5,0.0,0.0,0.0,0.0,anomaly,normal,anomaly
21223,0,icmp,eco_i,SF,18,0,0,0,0,0,0,0,0,0,0,0,0,0,0,0,0,0,1,1,0.0,0.0,0.0,0.0,1.0,0.0,0.0,1,37,1.0,0.0,1.0,1.0,0.0,0.0,0.0,0.0,anomaly,normal,anomaly
14637,0,udp,other,SF,147,0,0,0,0,0,0,0,0,0,0,0,0,0,0,0,0,0,5,1,0.0,0.0,0.0,0.0,0.2,0.6,0.0,255,4,0.02,0.51,0.95,0.0,0.0,0.0,0.0,0.0,normal,anomaly,normal
6091,0,tcp,http,S0,0,0,0,0,0,0,0,0,0,0,0,0,0,0,0,0,0,0,11,8,1.0,1.0,0.0,0.0,0.73,0.18,0.0,255,59,0.23,0.04,0.0,0.0,1.0,1.0,0.0,0.0,anomaly,normal,anomaly
17466,0,tcp,other,SF,4539,0,0,0,0,0,0,1,0,0,0,0,0,0,0,0,0,0,18,1,0.06,0.0,0.0,0.0,0.06,0.28,0.0,194,1,0.01,0.08,0.24,0.0,0.01,0.0,0.0,0.0,normal,anomaly,normal
12318,0,tcp,ftp_data,SF,334,0,0,0,0,0,0,1,0,0,0,0,0,0,0,0,0,0,2,2,0.0,0.0,0.0,0.0,1.0,0.0,0.0,4,4,1.0,0.0,1.0,0.0,0.0,0.0,0.0,0.0,anomaly,normal,anomaly
7598,0,icmp,ecr_i,SF,1032,0,0,0,0,0,0,0,0,0,0,0,0,0,0,0,0,0,158,158,0.0,0.0,0.0,0.0,1.0,0.0,0.0,255,158,0.62,0.01,0.62,0.0,0.0,0.0,0.0,0.0,anomaly,normal,anomaly
14883,0,icmp,eco_i,SF,8,0,0,0,0,0,0,0,0,0,0,0,0,0,0,0,0,0,1,7,0.0,0.0,0.0,0.0,1.0,0.0,1.0,3,207,1.0,0.0,1.0,0.25,0.0,0.0,0.0,0.0,anomaly,normal,anomaly
18388,0,tcp,http,SF,54540,8314,0,0,0,2,0,1,1,0,0,0,0,0,0,0,0,0,5,6,0.0,0.0,0.0,0.17,1.0,0.0,0.33,128,128,1.0,0.0,0.01,0.0,0.0,0.0,0.05,0.05,anomaly,normal,anomaly
25000,0,icmp,eco_i,SF,8,0,0,0,0,0,0,0,0,0,0,0,0,0,0,0,0,0,1,10,0.0,0.0,0.0,0.0,1.0,0.0,1.0,3,19,1.0,0.0,1.0,0.26,0.0,0.0,0.0,0.0,anomaly,normal,anomaly
19415,0,tcp,ftp_data,S0,0,0,0,0,0,0,0,0,0,0,0,0,0,0,0,0,0,0,18,8,1.0,1.0,0.0,0.0,0.44,0.11,0.0,255,56,0.22,0.02,0.01,0.0,1.0,1.0,0.0,0.0,anomaly,normal,anomaly
21258,0,icmp,eco_i,SF,18,0,0,0,0,0,0,0,0,0,0,0,0,0,0,0,0,0,1,1,0.0,0.0,0.0,0.0,1.0,0.0,0.0,2,110,1.0,0.0,1.0,0.25,0.0,0.0,0.0,0.0,anomaly,normal,anomaly
15304,4263,udp,other,SF,147,105,0,0,0,0,0,0,0,0,0,0,0,0,0,0,0,0,5,1,0.0,0.0,0.0,0.0,0.2,0.6,0.0,169,2,0.01,0.57,0.87,0.0,0.0,0.0,0.0,0.0,normal,anomaly,normal
5388,0,icmp,eco_i,SF,8,0,0,0,0,0,0,0,0,0,0,0,0,0,0,0,0,0,1,33,0.0,0.0,0.0,0.0,1.0,0.0,1.0,2,50,1.0,0.0,1.0,0.52,0.0,0.0,0.0,0.0,anomaly,normal,anomaly
23035,0,tcp,http,SF,54540,8314,0,0,0,2,0,1,1,0,0,0,0,0,0,0,0,0,4,4,0.0,0.0,0.0,0.0,1.0,0.0,0.0,50,50,1.0,0.0,0.02,0.0,0.0,0.0,0.04,0.04,anomaly,normal,anomaly
11468,1,tcp,ftp,SF,1183,2447,0,0,0,28,0,1,0,0,0,0,0,0,0,0,0,1,1,1,0.0,0.0,0.0,0.0,1.0,0.0,0.0,255,130,0.51,0.02,0.0,0.0,0.0,0.0,0.0,0.0,anomaly,normal,anomaly
4378,0,tcp,smtp,SF,2546,388,0,0,0,0,0,1,0,0,0,0,0,0,0,0,0,0,1,1,0.0,0.0,0.0,0.0,1.0,0.0,0.0,255,3,0.01,0.02,0.0,0.0,0.98,0.0,0.0,0.0,normal,anomaly,normal
22646,891,udp,other,SF,146,105,0,0,0,0,0,0,0,0,0,0,0,0,0,0,0,0,3,2,0.0,0.0,0.0,0.0,0.67,0.67,0.0,255,2,0.01,0.64,0.98,0.0,0.0,0.0,0.0,0.0,normal,anomaly,normal
1517,0,icmp,eco_i,SF,8,0,0,0,0,0,0,0,0,0,0,0,0,0,0,0,0,0,1,23,0.0,0.0,0.0,0.0,1.0,0.0,1.0,4,112,1.0,0.0,1.0,0.25,0.0,0.0,0.0,0.0,anomaly,normal,anomaly
17537,0,icmp,ecr_i,SF,520,0,0,0,0,0,0,0,0,0,0,0,0,0,0,0,0,0,174,174,0.0,0.0,0.0,0.0,1.0,0.0,0.0,255,255,1.0,0.0,1.0,0.0,0.0,0.0,0.0,0.0,anomaly,normal,anomaly
8924,0,tcp,ftp,SF,1248,2449,0,0,0,28,0,1,0,0,0,0,0,0,0,0,0,1,1,1,0.0,0.0,0.0,0.0,1.0,0.0,0.0,255,87,0.34,0.02,0.0,0.0,0.0,0.0,0.01,0.0,anomaly,normal,anomaly
18862,0,tcp,ftp_data,SF,12324,0,0,0,0,0,0,1,0,0,0,0,0,0,1,0,0,0,117,3,0.98,0.0,0.0,0.0,0.02,0.07,0.67,255,20,0.08,0.09,0.1,0.0,0.76,0.0,0.01,0.0,normal,anomaly,normal
24977,0,icmp,eco_i,SF,18,0,0,0,0,0,0,0,0,0,0,0,0,0,0,0,0,0,1,1,0.0,0.0,0.0,0.0,1.0,0.0,0.0,1,35,1.0,0.0,1.0,1.0,0.0,0.0,0.0,0.0,anomaly,normal,anomaly
17885,0,tcp,smtp,S0,0,0,0,0,0,0,0,0,0,0,0,0,0,0,0,0,0,0,2,2,0.5,0.5,0.0,0.0,1.0,0.0,0.0,255,9,0.04,0.64,0.01,0.0,0.0,0.11,0.0,0.0,normal,anomaly,normal
13512,0,icmp,eco_i,SF,8,0,0,0,0,0,0,0,0,0,0,0,0,0,0,0,0,0,1,5,0.0,0.0,0.0,0.0,1.0,0.0,1.0,2,148,1.0,0.0,1.0,0.5,0.0,0.0,0.0,0.0,anomaly,normal,anomaly
8441,0,udp,private,SF,28,0,0,3,0,0,0,0,0,0,0,0,0,0,0,0,0,0,43,43,0.0,0.0,0.0,0.0,1.0,0.0,0.0,255,43,0.17,0.01,0.17,0.0,0.0,0.0,0.0,0.0,anomaly,normal,anomaly
6478,0,icmp,eco_i,SF,18,0,0,0,0,0,0,0,0,0,0,0,0,0,0,0,0,0,1,1,0.0,0.0,0.0,0.0,1.0,0.0,0.0,4,156,1.0,0.0,1.0,0.25,0.0,0.0,0.0,0.0,anomaly,normal,anomaly
14715,0,tcp,smtp,SF,1546,336,0,0,0,0,0,1,0,0,0,0,0,0,0,0,0,0,2,3,0.0,0.0,0.0,0.0,1.0,0.0,0.67,255,6,0.02,0.73,0.0,0.0,0.0,0.0,0.0,0.0,normal,anomaly,normal
17881,0,udp,other,SF,516,4,0,0,0,0,0,0,0,0,0,0,0,0,0,0,0,0,327,327,0.0,0.0,0.0,0.0,1.0,0.0,0.0,255,255,1.0,0.0,1.0,0.0,0.0,0.0,0.0,0.0,normal,anomaly,normal
5563,0,tcp,http,SF,54540,8314,0,0,0,2,0,1,1,0,0,0,0,0,0,0,0,0,4,4,0.0,0.0,0.25,0.25,1.0,0.0,0.0,255,255,1.0,0.0,0.0,0.0,0.0,0.0,0.03,0.03,anomaly,normal,anomaly
10660,0,icmp,urp_i,SF,63,0,0,0,0,0,0,0,0,0,0,0,0,0,0,0,0,0,6,2,0.0,0.0,0.0,0.0,0.33,0.33,0.0,255,24,0.09,0.01,0.09,0.0,0.0,0.0,0.0,0.0,normal,anomaly,normal
8820,0,tcp,http,SF,54540,8314,0,0,0,2,0,1,1,0,0,0,0,0,0,0,0,0,4,4,0.0,0.0,0.0,0.0,1.0,0.0,0.0,110,110,1.0,0.0,0.01,0.0,0.0,0.0,0.05,0.05,anomaly,normal,anomaly
2358,0,tcp,finger,S0,0,0,0,0,0,0,0,0,0,0,0,0,0,0,0,0,0,0,10,3,1.0,1.0,0.0,0.0,0.3,0.4,0.0,255,63,0.25,0.02,0.02,0.0,1.0,1.0,0.0,0.0,anomaly,normal,anomaly
13060,5061,tcp,ftp_data,SF,5133876,0,0,0,0,5,0,1,0,0,0,0,0,0,0,0,0,0,1,1,0.0,0.0,0.0,0.0,1.0,0.0,0.0,4,41,1.0,0.0,1.0,0.07,0.0,0.02,0.0,0.0,anomaly,normal,anomaly
12274,0,icmp,eco_i,SF,8,0,0,0,0,0,0,0,0,0,0,0,0,0,0,0,0,0,1,13,0.0,0.0,0.0,0.0,1.0,0.0,1.0,2,58,1.0,0.0,1.0,0.5,0.0,0.0,0.0,0.0,anomaly,normal,anomaly
15261,0,tcp,finger,S0,0,0,0,0,0,0,0,0,0,0,0,0,0,0,0,0,0,0,4,2,1.0,1.0,0.0,0.0,0.5,0.75,0.0,255,42,0.16,0.05,0.0,0.0,1.0,1.0,0.0,0.0,anomaly,normal,anomaly
18066,0,udp,domain_u,SF,44,132,0,0,0,0,0,0,0,0,0,0,0,0,0,0,0,0,194,194,0.0,0.0,0.0,0.0,1.0,0.0,0.0,119,80,0.67,0.03,0.01,0.0,0.0,0.0,0.0,0.0,normal,anomaly,normal
148,0,tcp,ftp_data,SF,334,0,0,0,0,0,0,1,0,0,0,0,0,0,0,0,0,0,2,2,0.0,0.0,0.0,0.0,1.0,0.0,0.0,6,26,1.0,0.0,1.0,0.19,0.0,0.0,0.0,0.0,anomaly,normal,anomaly
8663,0,icmp,eco_i,SF,8,0,0,0,0,0,0,0,0,0,0,0,0,0,0,0,0,0,1,51,0.0,0.0,0.0,0.0,1.0,0.0,1.0,2,10,1.0,0.0,1.0,0.6,0.0,0.0,0.0,0.0,anomaly,normal,anomaly
22672,0,icmp,eco_i,SF,8,0,0,0,0,0,0,0,0,0,0,0,0,0,0,0,0,0,1,17,0.0,0.0,0.0,0.0,1.0,0.0,1.0,2,100,1.0,0.0,1.0,0.5,0.0,0.0,0.0,0.0,anomaly,normal,anomaly
13030,0,tcp,finger,S0,0,0,0,0,0,0,0,0,0,0,0,0,0,0,0,0,0,0,26,13,1.0,1.0,0.0,0.0,0.5,0.08,0.0,186,56,0.28,0.02,0.01,0.04,1.0,0.95,0.0,0.0,anomaly,normal,anomaly
19055,0,tcp,http,SF,54540,8314,0,0,0,2,0,1,1,0,0,0,0,0,0,0,0,0,1,2,0.0,0.0,0.0,0.5,1.0,0.0,1.0,255,255,1.0,0.0,0.0,0.0,0.0,0.0,0.04,0.04,anomaly,normal,anomaly
18992,0,icmp,eco_i,SF,8,0,0,0,0,0,0,0,0,0,0,0,0,0,0,0,0,0,1,27,0.0,0.0,0.0,0.0,1.0,0.0,1.0,4,120,1.0,0.0,1.0,0.25,0.0,0.0,0.0,0.0,anomaly,normal,anomaly
21656,0,tcp,http,RSTR,54540,8314,0,0,0,2,0,1,1,0,0,0,0,0,0,0,0,0,4,6,0.0,0.0,0.5,0.67,1.0,0.0,0.5,255,255,1.0,0.0,0.01,0.0,0.01,0.01,0.04,0.04,anomaly,normal,anomaly
17870,3355,udp,other,SF,145,105,0,0,0,0,0,0,0,0,0,0,0,0,0,0,0,0,2,2,0.0,0.0,0.0,0.0,1.0,0.0,0.0,255,2,0.01,0.4,0.75,0.0,0.0,0.0,0.0,0.0,normal,anomaly,normal
22283,0,icmp,eco_i,SF,8,0,0,0,0,0,0,0,0,0,0,0,0,0,0,0,0,0,1,26,0.0,0.0,0.0,0.0,1.0,0.0,1.0,2,48,1.0,0.0,1.0,0.5,0.0,0.0,0.0,0.0,anomaly,normal,anomaly
8530,0,tcp,other,SF,852,0,0,0,0,0,0,1,0,0,0,0,0,0,0,0,0,0,5,1,0.2,0.0,0.0,0.0,0.2,0.6,0.0,255,1,0.0,0.02,0.22,0.0,0.0,0.0,0.0,0.0,normal,anomaly,normal
8987,0,tcp,ftp_data,SF,334,0,0,0,0,0,0,1,0,0,0,0,0,0,0,0,0,0,1,1,0.0,0.0,0.0,0.0,1.0,0.0,0.0,3,9,1.0,0.0,1.0,0.44,0.0,0.0,0.0,0.0,anomaly,normal,anomaly
5479,0,tcp,ftp,SF,1242,2449,0,0,0,28,0,1,0,0,0,0,0,0,0,0,0,1,1,1,0.0,0.0,0.0,0.0,1.0,0.0,0.0,109,7,0.06,0.06,0.01,0.0,0.02,0.0,0.07,0.0,anomaly,normal,anomaly
13928,0,tcp,domain,SF,48,487,0,0,0,0,0,1,0,0,0,0,0,0,0,0,0,0,69,1,0.0,0.0,0.0,0.0,0.01,0.03,0.0,255,1,0.0,0.01,0.0,0.0,0.0,0.0,0.0,0.0,normal,anomaly,normal
9828,0,tcp,http,SF,54540,8314,0,0,0,2,0,1,1,0,0,0,0,0,0,0,0,0,3,5,0.0,0.0,0.0,0.4,1.0,0.0,0.6,255,255,1.0,0.0,0.0,0.0,0.01,0.01,0.04,0.04,anomaly,normal,anomaly
9923,0,icmp,eco_i,SF,8,0,0,0,0,0,0,0,0,0,0,0,0,0,0,0,0,0,1,49,0.0,0.0,0.0,0.0,1.0,0.0,1.0,1,25,1.0,0.0,1.0,0.56,0.0,0.0,0.0,0.0,anomaly,normal,anomaly
1165,0,icmp,eco_i,SF,8,0,0,0,0,0,0,0,0,0,0,0,0,0,0,0,0,0,1,9,0.0,0.0,0.0,0.0,1.0,0.0,1.0,2,106,1.0,0.0,1.0,0.51,0.0,0.0,0.0,0.0,anomaly,normal,anomaly
1770,0,udp,private,SF,28,0,0,3,0,0,0,0,0,0,0,0,0,0,0,0,0,0,49,49,0.0,0.0,0.0,0.0,1.0,0.0,0.0,252,49,0.19,0.04,0.19,0.0,0.02,0.0,0.0,0.0,anomaly,normal,anomaly
18353,0,tcp,finger,S0,0,0,0,0,0,0,0,0,0,0,0,0,0,0,0,0,0,0,24,6,1.0,1.0,0.0,0.0,0.25,0.17,0.0,255,64,0.25,0.02,0.01,0.0,1.0,1.0,0.0,0.0,anomaly,normal,anomaly
17342,0,icmp,eco_i,SF,8,0,0,0,0,0,0,0,0,0,0,0,0,0,0,0,0,0,1,18,0.0,0.0,0.0,0.0,1.0,0.0,1.0,1,201,1.0,0.0,1.0,0.5,0.0,0.0,0.0,0.0,anomaly,normal,anomaly
16368,0,icmp,eco_i,SF,8,0,0,0,0,0,0,0,0,0,0,0,0,0,0,0,0,0,1,4,0.0,0.0,0.0,0.0,1.0,0.0,1.0,2,138,1.0,0.0,1.0,0.5,0.0,0.0,0.0,0.0,anomaly,normal,anomaly
16223,0,icmp,ecr_i,SF,520,0,0,0,0,0,0,0,0,0,0,0,0,0,0,0,0,0,209,209,0.0,0.0,0.0,0.0,1.0,0.0,0.0,255,255,1.0,0.0,1.0,0.0,0.0,0.0,0.0,0.0,anomaly,normal,anomaly
22327,0,icmp,eco_i,SF,8,0,0,0,0,0,0,0,0,0,0,0,0,0,0,0,0,0,1,51,0.0,0.0,0.0,0.0,1.0,0.0,1.0,1,119,1.0,0.0,1.0,0.5,0.0,0.0,0.0,0.0,anomaly,normal,anomaly
2947,0,icmp,eco_i,SF,18,0,0,0,0,0,0,0,0,0,0,0,0,0,0,0,0,0,1,1,0.0,0.0,0.0,0.0,1.0,0.0,0.0,1,156,1.0,0.0,1.0,1.0,0.0,0.0,0.0,0.0,anomaly,normal,anomaly
18259,0,udp,private,SF,1,0,0,0,0,0,0,0,0,0,0,0,0,0,0,0,0,0,7,3,0.0,0.0,0.0,0.0,0.43,0.29,0.0,255,46,0.18,0.31,1.0,0.0,0.0,0.0,0.0,0.0,anomaly,normal,anomaly
5857,0,udp,private,SF,207,0,0,0,0,0,0,0,0,0,0,0,0,0,0,0,0,0,2,2,0.0,0.0,0.0,0.0,1.0,0.0,0.0,106,90,0.85,0.02,0.85,0.0,0.0,0.0,0.0,0.0,anomaly,normal,anomaly
3821,0,tcp,http,SF,54540,8314,0,0,0,2,0,1,1,0,0,0,0,0,0,0,0,0,1,1,0.0,0.0,0.0,0.0,1.0,0.0,0.0,219,219,1.0,0.0,0.0,0.0,0.0,0.0,0.01,0.01,anomaly,normal,anomaly
20399,0,tcp,http,RSTR,21048,8314,0,0,0,2,0,1,1,0,0,0,0,0,0,0,0,0,3,3,0.0,0.0,0.33,0.33,1.0,0.0,0.0,94,94,1.0,0.0,0.01,0.0,0.0,0.0,0.16,0.16,anomaly,normal,anomaly
16903,0,tcp,http,S0,0,0,0,0,0,0,0,0,0,0,0,0,0,0,0,0,0,0,22,9,1.0,1.0,0.0,0.0,0.41,0.18,0.0,255,62,0.24,0.02,0.02,0.0,1.0,1.0,0.0,0.0,anomaly,normal,anomaly
3968,0,icmp,eco_i,SF,18,0,0,0,0,0,0,0,0,0,0,0,0,0,0,0,0,0,1,1,0.0,0.0,0.0,0.0,1.0,0.0,0.0,1,172,1.0,0.0,1.0,1.0,0.0,0.0,0.0,0.0,anomaly,normal,anomaly
11972,0,icmp,eco_i,SF,20,0,0,0,0,0,0,0,0,0,0,0,0,0,0,0,0,0,1,1,0.0,0.0,0.0,0.0,1.0,0.0,0.0,255,1,0.0,0.31,0.0,0.0,0.0,0.0,0.15,0.0,anomaly,normal,anomaly
24742,0,tcp,telnet,S1,2107,12642,0,0,0,0,0,1,1,0,0,0,8,0,0,0,0,0,1,1,1.0,1.0,0.0,0.0,1.0,0.0,0.0,109,24,0.21,0.04,0.01,0.08,0.17,0.79,0.0,0.0,normal,anomaly,normal
20625,2269,udp,other,SF,147,105,0,0,0,0,0,0,0,0,0,0,0,0,0,0,0,0,1,1,0.0,0.0,0.0,0.0,1.0,0.0,0.0,255,1,0.0,0.85,0.97,0.0,0.0,0.0,0.0,0.0,normal,anomaly,normal
1703,0,tcp,domain,SF,48,486,0,0,0,0,0,1,0,0,0,0,0,0,0,0,0,0,55,1,0.0,0.0,0.0,0.0,0.02,0.04,0.0,255,1,0.0,0.01,0.0,0.0,0.0,0.0,0.0,0.0,normal,anomaly,normal
9595,0,tcp,http,S0,0,0,0,0,0,0,0,0,0,0,0,0,0,0,0,0,0,0,6,3,1.0,1.0,0.0,0.0,0.5,0.33,0.0,255,58,0.23,0.04,0.0,0.0,1.0,1.0,0.0,0.0,anomaly,normal,anomaly
22424,0,tcp,other,SF,3468,0,0,0,0,0,0,1,0,0,0,0,0,0,0,0,0,0,24,1,0.04,0.0,0.0,0.0,0.04,0.42,0.0,206,1,0.0,0.12,0.41,0.0,0.02,0.0,0.0,0.0,normal,anomaly,normal
4533,0,icmp,eco_i,SF,8,0,0,0,0,0,0,0,0,0,0,0,0,0,0,0,0,0,1,28,0.0,0.0,0.0,0.0,1.0,0.0,1.0,4,148,1.0,0.0,1.0,0.25,0.0,0.0,0.0,0.0,anomaly,normal,anomaly
6285,0,tcp,other,SF,10261,0,0,0,0,0,0,1,0,0,0,0,0,0,0,0,0,0,12,1,0.0,0.0,0.0,0.0,0.08,0.67,0.0,135,1,0.01,0.07,0.44,0.0,0.0,0.0,0.0,0.0,normal,anomaly,normal
8577,0,udp,domain_u,SF,126,44,0,0,0,0,0,0,0,0,0,0,0,0,0,0,0,0,251,250,0.0,0.0,0.0,0.0,1.0,0.01,0.0,140,107,0.76,0.01,0.24,0.0,0.0,0.0,0.0,0.0,normal,anomaly,normal
19475,57,tcp,telnet,SF,122,7475,0,0,0,0,0,1,0,0,0,0,0,0,0,0,0,0,1,1,0.0,0.0,0.0,0.0,1.0,0.0,0.0,255,2,0.01,0.02,0.0,0.0,0.0,0.0,0.0,0.0,normal,anomaly,normal
19604,2015,udp,other,SF,145,105,0,0,0,0,0,0,0,0,0,0,0,0,0,0,0,0,5,2,0.0,0.0,0.0,0.0,0.4,0.6,0.0,255,4,0.02,0.58,0.95,0.0,0.0,0.0,0.0,0.0,normal,anomaly,normal
4400,0,icmp,eco_i,SF,8,0,0,0,0,0,0,0,0,0,0,0,0,0,0,0,0,0,1,8,0.0,0.0,0.0,0.0,1.0,0.0,1.0,2,152,1.0,0.0,1.0,0.5,0.0,0.0,0.0,0.0,anomaly,normal,anomaly
9327,0,icmp,eco_i,SF,8,0,0,0,0,0,0,0,0,0,0,0,0,0,0,0,0,0,1,51,0.0,0.0,0.0,0.0,1.0,0.0,1.0,1,129,1.0,0.0,1.0,0.51,0.0,0.0,0.0,0.0,anomaly,normal,anomaly
14473,15168,tcp,ftp,SF,365,1202,0,0,0,5,0,1,0,0,0,0,0,0,0,0,0,1,1,1,0.0,0.0,0.0,0.0,1.0,0.0,0.0,255,3,0.01,0.02,0.0,0.0,0.21,0.0,0.0,0.0,anomaly,normal,anomaly
10946,4816,udp,other,SF,147,105,0,0,0,0,0,0,0,0,0,0,0,0,0,0,0,0,4,2,0.0,0.0,0.0,0.0,0.5,0.5,0.0,255,3,0.01,0.56,0.94,0.0,0.0,0.0,0.0,0.0,normal,anomaly,normal
2709,0,icmp,urp_i,SF,78,0,0,0,0,0,0,0,0,0,0,0,0,0,0,0,0,0,2,1,0.0,0.0,0.0,0.0,0.5,1.0,0.0,255,29,0.11,0.01,0.11,0.0,0.0,0.0,0.0,0.0,normal,anomaly,normal
8523,0,icmp,eco_i,SF,8,0,0,0,0,0,0,0,0,0,0,0,0,0,0,0,0,0,1,48,0.0,0.0,0.0,0.0,1.0,0.0,1.0,2,26,1.0,0.0,1.0,0.5,0.0,0.0,0.0,0.0,anomaly,normal,anomaly
22081,3977,udp,other,SF,147,105,0,0,0,0,0,0,0,0,0,0,0,0,0,0,0,0,6,2,0.0,0.0,0.0,0.0,0.33,0.5,0.0,255,2,0.01,0.43,0.93,0.0,0.0,0.0,0.0,0.0,normal,anomaly,normal
24106,0,tcp,smtp,S0,0,0,0,0,0,0,0,0,0,0,0,0,0,0,0,0,0,0,4,4,1.0,1.0,0.0,0.0,1.0,0.0,0.0,66,136,0.36,0.03,0.02,0.01,0.97,0.18,0.0,0.0,anomaly,normal,anomaly
22885,0,icmp,eco_i,SF,8,0,0,0,0,0,0,0,0,0,0,0,0,0,0,0,0,0,1,5,0.0,0.0,0.0,0.0,1.0,0.0,1.0,2,50,1.0,0.0,1.0,0.26,0.0,0.0,0.0,0.0,anomaly,normal,anomaly
16603,0,icmp,eco_i,SF,8,0,0,0,0,0,0,0,0,0,0,0,0,0,0,0,0,0,1,23,0.0,0.0,0.0,0.0,1.0,0.0,1.0,2,26,1.0,0.0,1.0,0.5,0.0,0.0,0.0,0.0,anomaly,normal,anomaly
21781,0,icmp,eco_i,SF,8,0,0,0,0,0,0,0,0,0,0,0,0,0,0,0,0,0,1,42,0.0,0.0,0.0,0.0,1.0,0.0,1.0,1,17,1.0,0.0,1.0,0.53,0.0,0.0,0.0,0.0,anomaly,normal,anomaly
3944,0,icmp,eco_i,SF,18,0,0,0,0,0,0,0,0,0,0,0,0,0,0,0,0,0,1,1,0.0,0.0,0.0,0.0,1.0,0.0,0.0,1,28,1.0,0.0,1.0,1.0,0.0,0.0,0.0,0.0,anomaly,normal,anomaly
22827,2,tcp,ftp,SF,1250,2451,0,0,0,28,0,1,0,0,0,0,0,0,0,0,0,1,1,1,0.0,0.0,0.0,0.0,1.0,0.0,0.0,255,135,0.53,0.02,0.01,0.0,0.0,0.0,0.0,0.0,anomaly,normal,anomaly
10221,0,icmp,eco_i,SF,8,0,0,0,0,0,0,0,0,0,0,0,0,0,0,0,0,0,1,29,0.0,0.0,0.0,0.0,1.0,0.0,1.0,2,18,1.0,0.0,1.0,0.5,0.0,0.0,0.0,0.0,anomaly,normal,anomaly
16572,0,tcp,finger,S0,0,0,0,0,0,0,0,0,0,0,0,0,0,0,0,0,0,0,17,9,1.0,1.0,0.0,0.0,0.53,0.12,0.0,255,69,0.27,0.02,0.01,0.0,1.0,1.0,0.0,0.0,anomaly,normal,anomaly
14881,0,tcp,smtp,SF,1288,388,0,0,0,0,0,1,0,0,0,0,0,0,0,0,0,0,1,1,0.0,0.0,0.0,0.0,1.0,0.0,0.0,255,1,0.0,0.02,0.0,0.0,1.0,0.0,0.0,0.0,normal,anomaly,normal
3073,6,tcp,telnet,SF,103,1026,0,0,0,0,0,1,0,0,0,0,0,0,0,0,0,0,2,1,0.0,0.0,0.0,0.0,0.5,1.0,0.0,187,1,0.01,0.03,0.01,0.0,0.0,0.0,0.0,0.0,normal,anomaly,normal
6769,0,icmp,ecr_i,SF,1032,0,0,0,0,0,0,0,0,0,0,0,0,0,0,0,0,0,240,240,0.0,0.0,0.0,0.0,1.0,0.0,0.0,255,255,1.0,0.0,1.0,0.0,0.0,0.0,0.0,0.0,anomaly,normal,anomaly
2811,10656,udp,other,SF,147,105,0,0,0,0,0,0,0,0,0,0,0,0,0,0,0,0,1,1,0.0,0.0,0.0,0.0,1.0,0.0,0.0,255,2,0.01,0.63,0.93,0.0,0.0,0.0,0.0,0.0,normal,anomaly,normal
2971,0,udp,private,SF,207,0,0,0,0,0,0,0,0,0,0,0,0,0,0,0,0,0,2,2,0.0,0.0,0.0,0.0,1.0,0.0,0.0,52,44,0.85,0.04,0.85,0.0,0.0,0.0,0.0,0.0,anomaly,normal,anomaly
21728,0,icmp,urp_i,SF,78,0,0,0,0,0,0,0,0,0,0,0,0,0,0,0,0,0,7,5,0.0,0.0,0.0,0.0,0.14,0.29,0.4,255,23,0.09,0.01,0.09,0.0,0.0,0.0,0.0,0.0,normal,anomaly,normal
3024,0,tcp,csnet_ns,RSTR,0,0,0,0,0,0,0,0,0,0,0,0,0,0,0,0,0,0,1,1,0.0,0.0,1.0,1.0,1.0,0.0,0.0,255,1,0.0,1.0,1.0,0.0,0.0,0.0,1.0,1.0,anomaly,normal,anomaly
7694,0,tcp,ftp_data,S0,0,0,0,0,0,0,0,0,0,0,0,0,0,0,0,0,0,0,3,3,1.0,1.0,0.0,0.0,1.0,0.0,0.0,255,52,0.2,0.02,0.0,0.0,1.0,1.0,0.0,0.0,anomaly,normal,anomaly
16441,0,tcp,http,SF,54540,8314,0,0,0,2,0,1,1,0,0,0,0,0,0,0,0,0,3,3,0.0,0.0,0.0,0.0,1.0,0.0,0.0,52,52,1.0,0.0,0.02,0.0,0.02,0.02,0.02,0.02,anomaly,normal,anomaly
6445,0,icmp,eco_i,SF,8,0,0,0,0,0,0,0,0,0,0,0,0,0,0,0,0,0,1,31,0.0,0.0,0.0,0.0,1.0,0.0,1.0,1,233,1.0,0.0,1.0,0.25,0.0,0.0,0.0,0.0,anomaly,normal,anomaly
6142,0,icmp,eco_i,SF,8,0,0,0,0,0,0,0,0,0,0,0,0,0,0,0,0,0,1,22,0.0,0.0,0.0,0.0,1.0,0.0,1.0,3,95,1.0,0.0,1.0,0.25,0.0,0.0,0.0,0.0,anomaly,normal,anomaly
9001,0,tcp,smtp,SF,1887,391,0,0,0,0,0,1,0,0,0,0,0,0,0,0,0,0,2,1,0.0,0.0,0.0,0.0,0.5,1.0,0.0,255,11,0.04,0.06,0.0,0.0,0.0,0.0,0.95,0.0,normal,anomaly,normal
511,4,tcp,smtp,SF,1308,328,0,0,0,0,0,1,0,0,0,0,0,0,0,0,0,0,1,1,0.0,0.0,0.0,0.0,1.0,0.0,0.0,2,14,1.0,0.0,0.5,0.14,0.0,0.0,0.0,0.0,normal,anomaly,normal
