,duration,protocol_type,service,flag,src_bytes,dst_bytes,land,wrong_fragment,urgent,hot,num_failed_logins,logged_in,num_compromised,root_shell,su_attempted,num_root,num_file_creations,num_shells,num_access_files,num_outbound_cmds,is_host_login,is_guest_login,count,srv_count,serror_rate,srv_serror_rate,rerror_rate,srv_rerror_rate,same_srv_rate,diff_srv_rate,srv_diff_host_rate,dst_host_count,dst_host_srv_count,dst_host_same_srv_rate,dst_host_diff_srv_rate,dst_host_same_src_port_rate,dst_host_srv_diff_host_rate,dst_host_serror_rate,dst_host_srv_serror_rate,dst_host_rerror_rate,dst_host_srv_rerror_rate,class,Prediction,Actual
21247,0,tcp,private,S0,0,0,0,0,0,0,0,0,0,0,0,0,0,0,0,0,0,0,248,9,1.0,1.0,0.0,0.0,0.04,0.05,0.0,255,9,0.04,0.07,0.0,0.0,1.0,1.0,0.0,0.0,anomaly,normal,anomaly
7688,0,tcp,private,SH,0,0,0,0,0,0,0,0,0,0,0,0,0,0,0,0,0,0,1,1,1.0,1.0,0.0,0.0,1.0,0.0,0.0,65,1,0.02,0.85,0.88,0.0,0.88,1.0,0.0,0.0,anomaly,normal,anomaly
9932,0,tcp,imap4,REJ,0,0,0,0,0,0,0,0,0,0,0,0,0,0,0,0,0,0,128,9,0.0,0.0,1.0,1.0,0.07,0.06,0.0,255,9,0.04,0.08,0.0,0.0,0.0,0.0,1.0,1.0,anomaly,normal,anomaly
1819,0,tcp,private,S0,0,0,0,0,0,0,0,0,0,0,0,0,0,0,0,0,0,0,267,4,1.0,1.0,0.0,0.0,0.01,0.06,0.0,255,1,0.0,0.04,0.0,0.0,1.0,1.0,0.0,0.0,anomaly,normal,anomaly
19782,0,tcp,nnsp,S0,0,0,0,0,0,0,0,0,0,0,0,0,0,0,0,0,0,0,143,14,1.0,1.0,0.0,0.0,0.1,0.06,0.0,255,10,0.04,0.06,0.0,0.0,1.0,1.0,0.0,0.0,anomaly,normal,anomaly
22201,0,tcp,private,S0,0,0,0,0,0,0,0,0,0,0,0,0,0,0,0,0,0,0,284,17,1.0,1.0,0.0,0.0,0.06,0.05,0.0,255,14,0.05,0.07,0.0,0.0,1.0,1.0,0.0,0.0,anomaly,normal,anomaly
19531,0,tcp,time,S0,0,0,0,0,0,0,0,0,0,0,0,0,0,0,0,0,0,0,187,5,1.0,1.0,0.0,0.0,0.03,0.06,0.0,255,5,0.02,0.07,0.0,0.0,1.0,1.0,0.0,0.0,anomaly,normal,anomaly
24901,0,icmp,eco_i,SF,8,0,0,0,0,0,0,0,0,0,0,0,0,0,0,0,0,0,1,35,0.0,0.0,0.0,0.0,1.0,0.0,1.0,2,130,1.0,0.0,1.0,0.5,0.0,0.0,0.0,0.0,anomaly,normal,anomaly
2632,0,tcp,private,S0,0,0,0,0,0,0,0,0,0,0,0,0,0,0,0,0,0,0,216,8,1.0,1.0,0.0,0.0,0.04,0.06,0.0,255,13,0.05,0.06,0.0,0.0,1.0,1.0,0.0,0.0,anomaly,normal,anomaly
3917,0,tcp,csnet_ns,S0,0,0,0,0,0,0,0,0,0,0,0,0,0,0,0,0,0,0,197,6,1.0,1.0,0.0,0.0,0.03,0.05,0.0,255,6,0.02,0.05,0.0,0.0,1.0,1.0,0.0,0.0,anomaly,normal,anomaly
14465,0,icmp,ecr_i,SF,1480,0,0,1,0,0,0,0,0,0,0,0,0,0,0,0,0,0,17,17,0.0,0.0,0.0,0.0,1.0,0.0,0.0,255,19,0.07,0.02,0.07,0.0,0.0,0.0,0.0,0.0,anomaly,normal,anomaly
19821,0,tcp,bgp,S0,0,0,0,0,0,0,0,0,0,0,0,0,0,0,0,0,0,0,276,16,1.0,1.0,0.0,0.0,0.06,0.06,0.0,255,16,0.06,0.07,0.0,0.0,1.0,1.0,0.0,0.0,anomaly,normal,anomaly
6749,0,tcp,private,S0,0,0,0,0,0,0,0,0,0,0,0,0,0,0,0,0,0,0,174,4,1.0,1.0,0.0,0.0,0.02,0.05,0.0,255,4,0.02,0.05,0.0,0.0,1.0,1.0,0.0,0.0,anomaly,normal,anomaly
18880,0,icmp,eco_i,SF,8,0,0,0,0,0,0,0,0,0,0,0,0,0,0,0,0,0,1,40,0.0,0.0,0.0,0.0,1.0,0.0,1.0,1,255,1.0,0.0,1.0,0.25,0.0,0.0,0.0,0.0,anomaly,normal,anomaly
16661,0,tcp,private,S0,0,0,0,0,0,0,0,0,0,0,0,0,0,0,0,0,0,0,231,17,1.0,1.0,0.0,0.0,0.07,0.04,0.0,91,17,0.19,0.09,0.01,0.0,0.98,1.0,0.0,0.0,anomaly,normal,anomaly
3356,0,tcp,ldap,S0,0,0,0,0,0,0,0,0,0,0,0,0,0,0,0,0,0,0,253,22,1.0,1.0,0.0,0.0,0.09,0.05,0.0,255,22,0.09,0.05,0.0,0.0,1.0,1.0,0.0,0.0,anomaly,normal,anomaly
1190,0,tcp,remote_job,REJ,0,0,0,0,0,0,0,0,0,0,0,0,0,0,0,0,0,0,281,11,0.0,0.0,1.0,1.0,0.04,0.06,0.0,255,11,0.04,0.07,0.0,0.0,0.0,0.0,1.0,1.0,anomaly,normal,anomaly
23598,0,tcp,systat,S0,0,0,0,0,0,0,0,0,0,0,0,0,0,0,0,0,0,0,150,9,1.0,1.0,0.0,0.0,0.06,0.07,0.0,255,9,0.04,0.07,0.0,0.0,1.0,1.0,0.0,0.0,anomaly,normal,anomaly
4764,0,tcp,private,SH,0,0,0,0,0,0,0,0,0,0,0,0,0,0,0,0,0,0,1,1,1.0,1.0,0.0,0.0,1.0,0.0,0.0,129,1,0.01,0.92,0.94,0.0,0.94,1.0,0.0,0.0,anomaly,normal,anomaly
16343,0,tcp,private,REJ,0,0,0,0,0,0,0,0,0,0,0,0,0,0,0,0,0,0,74,5,0.0,0.0,1.0,1.0,0.07,0.07,0.0,255,5,0.02,0.07,0.0,0.0,0.0,0.0,1.0,1.0,anomaly,normal,anomaly
12816,0,tcp,nntp,RSTO,0,0,0,0,0,0,0,0,0,0,0,0,0,0,0,0,0,0,195,10,0.0,0.0,1.0,1.0,0.05,0.07,0.0,255,10,0.04,0.07,0.0,0.0,0.0,0.0,1.0,1.0,anomaly,normal,anomaly
14894,0,tcp,netbios_ssn,REJ,0,0,0,0,0,0,0,0,0,0,0,0,0,0,0,0,0,0,243,19,0.0,0.0,1.0,1.0,0.08,0.07,0.0,255,19,0.07,0.07,0.0,0.0,0.0,0.0,1.0,1.0,anomaly,normal,anomaly
21761,0,tcp,ftp_data,S0,0,0,0,0,0,0,0,0,0,0,0,0,0,0,0,0,0,0,6,6,1.0,1.0,0.0,0.0,1.0,0.0,0.0,255,57,0.22,0.04,0.0,0.0,1.0,1.0,0.0,0.0,anomaly,normal,anomaly
1764,0,tcp,private,S0,0,0,0,0,0,0,0,0,0,0,0,0,0,0,0,0,0,0,289,17,1.0,1.0,0.0,0.0,0.06,0.05,0.0,255,17,0.07,0.05,0.0,0.0,1.0,1.0,0.0,0.0,anomaly,normal,anomaly
1373,0,udp,private,SF,1,0,0,0,0,0,0,0,0,0,0,0,0,0,0,0,0,0,2,2,0.0,0.0,0.0,0.0,1.0,0.0,0.0,255,2,0.01,0.55,0.5,0.0,0.05,0.0,0.45,0.0,anomaly,normal,anomaly
9769,0,tcp,whois,S0,0,0,0,0,0,0,0,0,0,0,0,0,0,0,0,0,0,0,212,12,1.0,1.0,0.0,0.0,0.06,0.07,0.0,255,12,0.05,0.07,0.0,0.0,1.0,1.0,0.0,0.0,anomaly,normal,anomaly
17224,0,tcp,private,S0,0,0,0,0,0,0,0,0,0,0,0,0,0,0,0,0,0,0,208,8,1.0,1.0,0.0,0.0,0.04,0.06,0.0,255,8,0.03,0.06,0.0,0.0,1.0,1.0,0.0,0.0,anomaly,normal,anomaly
7718,0,tcp,courier,S0,0,0,0,0,0,0,0,0,0,0,0,0,0,0,0,0,0,0,125,1,1.0,1.0,0.0,0.0,0.01,0.06,0.0,255,1,0.0,0.07,0.0,0.0,1.0,1.0,0.0,0.0,anomaly,normal,anomaly
4090,0,tcp,private,S0,0,0,0,0,0,0,0,0,0,0,0,0,0,0,0,0,0,0,112,19,1.0,1.0,0.0,0.0,0.17,0.05,0.0,255,35,0.14,0.06,0.0,0.0,1.0,1.0,0.0,0.0,anomaly,normal,anomaly
22898,10249,udp,other,SF,145,105,0,0,0,0,0,0,0,0,0,0,0,0,0,0,0,0,1,1,0.0,0.0,0.0,0.0,1.0,0.0,0.0,255,3,0.01,0.21,0.38,0.0,0.0,0.0,0.0,0.0,normal,anomaly,normal
12689,0,tcp,private,S0,0,0,0,0,0,0,0,0,0,0,0,0,0,0,0,0,0,0,280,3,1.0,1.0,0.0,0.0,0.01,0.06,0.0,255,5,0.02,0.08,0.0,0.0,1.0,1.0,0.0,0.0,anomaly,normal,anomaly
21495,0,tcp,netbios_dgm,S0,0,0,0,0,0,0,0,0,0,0,0,0,0,0,0,0,0,0,81,6,1.0,1.0,0.0,0.0,0.07,0.07,0.0,255,2,0.01,0.08,0.0,0.0,1.0,1.0,0.0,0.0,anomaly,normal,anomaly
6063,0,icmp,eco_i,SF,8,0,0,0,0,0,0,0,0,0,0,0,0,0,0,0,0,0,1,46,0.0,0.0,0.0,0.0,1.0,0.0,1.0,2,129,1.0,0.0,1.0,0.5,0.0,0.0,0.0,0.0,anomaly,normal,anomaly
24733,0,tcp,private,S0,0,0,0,0,0,0,0,0,0,0,0,0,0,0,0,0,0,0,223,13,1.0,1.0,0.0,0.0,0.06,0.06,0.0,255,12,0.05,0.08,0.0,0.0,1.0,1.0,0.0,0.0,anomaly,normal,anomaly
3608,0,tcp,vmnet,S0,0,0,0,0,0,0,0,0,0,0,0,0,0,0,0,0,0,0,289,24,1.0,1.0,0.0,0.0,0.08,0.04,0.0,255,18,0.07,0.05,0.0,0.0,1.0,1.0,0.0,0.0,anomaly,normal,anomaly
12873,2289,tcp,X11,SF,7665876,1281000,0,0,0,0,0,0,0,0,0,0,0,0,0,0,0,0,1,1,0.0,0.0,0.0,0.0,1.0,0.0,0.0,150,1,0.01,0.04,0.01,0.0,0.0,0.0,0.0,0.0,normal,anomaly,normal
15920,0,tcp,telnet,S0,0,0,0,0,0,0,0,0,0,0,0,0,0,0,0,0,0,0,12,12,1.0,1.0,0.0,0.0,1.0,0.0,0.0,94,54,0.57,0.02,0.01,0.0,0.98,0.96,0.0,0.0,anomaly,normal,anomaly
15188,113,tcp,telnet,SF,6274,16771,0,0,0,5,0,1,2,1,0,0,0,0,0,0,0,0,1,1,0.0,0.0,0.0,0.0,1.0,0.0,0.0,1,1,1.0,0.0,1.0,0.0,0.0,0.0,0.0,0.0,anomaly,normal,anomaly
18171,0,tcp,iso_tsap,S0,0,0,0,0,0,0,0,0,0,0,0,0,0,0,0,0,0,0,205,19,1.0,1.0,0.0,0.0,0.09,0.06,0.0,255,19,0.07,0.05,0.0,0.0,1.0,1.0,0.0,0.0,anomaly,normal,anomaly
7957,0,udp,private,SF,1,0,0,0,0,0,0,0,0,0,0,0,0,0,0,0,0,0,17,1,0.0,0.0,0.0,0.0,0.06,0.18,0.0,255,1,0.0,0.53,0.5,0.0,0.16,0.0,0.35,0.0,anomaly,normal,anomaly
13755,0,tcp,auth,S0,0,0,0,0,0,0,0,0,0,0,0,0,0,0,0,0,0,0,217,17,1.0,1.0,0.0,0.0,0.08,0.06,0.0,255,17,0.07,0.07,0.0,0.0,1.0,1.0,0.0,0.0,anomaly,normal,anomaly
11228,0,tcp,login,RSTO,0,0,0,0,0,0,0,0,0,0,0,0,0,0,0,0,0,0,145,10,0.0,0.0,1.0,1.0,0.07,0.06,0.0,255,10,0.04,0.07,0.0,0.0,0.0,0.0,1.0,1.0,anomaly,normal,anomaly
16968,0,tcp,private,S0,0,0,0,0,0,0,0,0,0,0,0,0,0,0,0,0,0,0,112,4,1.0,1.0,0.0,0.0,0.04,0.08,0.0,255,4,0.02,0.07,0.0,0.0,1.0,1.0,0.0,0.0,anomaly,normal,anomaly
1957,0,tcp,nnsp,S0,0,0,0,0,0,0,0,0,0,0,0,0,0,0,0,0,0,0,103,9,1.0,1.0,0.0,0.0,0.09,0.07,0.0,211,9,0.04,0.07,0.0,0.0,1.0,1.0,0.0,0.0,anomaly,normal,anomaly
13385,0,tcp,private,S0,0,0,0,0,0,0,0,0,0,0,0,0,0,0,0,0,0,0,239,20,1.0,1.0,0.0,0.0,0.08,0.06,0.0,255,2,0.01,0.06,0.0,0.0,1.0,1.0,0.0,0.0,anomaly,normal,anomaly
19858,0,tcp,name,S0,0,0,0,0,0,0,0,0,0,0,0,0,0,0,0,0,0,0,131,19,1.0,1.0,0.0,0.0,0.15,0.07,0.0,255,18,0.07,0.06,0.0,0.0,1.0,1.0,0.0,0.0,anomaly,normal,anomaly
16404,0,tcp,Z39_50,S0,0,0,0,0,0,0,0,0,0,0,0,0,0,0,0,0,0,0,217,7,1.0,1.0,0.0,0.0,0.03,0.06,0.0,255,7,0.03,0.07,0.0,0.0,1.0,1.0,0.0,0.0,anomaly,normal,anomaly
21657,0,tcp,private,S0,0,0,0,0,0,0,0,0,0,0,0,0,0,0,0,0,0,0,202,13,1.0,1.0,0.0,0.0,0.06,0.05,0.0,255,13,0.05,0.05,0.0,0.0,1.0,1.0,0.0,0.0,anomaly,normal,anomaly
11419,0,tcp,pop_3,RSTO,0,0,0,0,0,0,0,0,0,0,0,0,0,0,0,0,0,0,162,18,0.0,0.0,1.0,1.0,0.11,0.07,0.0,255,18,0.07,0.07,0.0,0.0,0.0,0.0,1.0,1.0,anomaly,normal,anomaly
6991,0,udp,private,SF,28,0,0,3,0,0,0,0,0,0,0,0,0,0,0,0,0,0,17,17,0.0,0.0,0.0,0.0,1.0,0.0,0.0,230,17,0.07,0.71,0.07,0.0,0.03,0.0,0.57,0.0,anomaly,normal,anomaly
11709,0,tcp,courier,S0,0,0,0,0,0,0,0,0,0,0,0,0,0,0,0,0,0,0,110,2,1.0,1.0,0.0,0.0,0.02,0.07,0.0,255,2,0.01,0.07,0.0,0.0,1.0,1.0,0.0,0.0,anomaly,normal,anomaly
20070,0,tcp,login,S0,0,0,0,0,0,0,0,0,0,0,0,0,0,0,0,0,0,0,148,11,1.0,1.0,0.0,0.0,0.07,0.05,0.0,255,11,0.04,0.04,0.0,0.0,1.0,1.0,0.0,0.0,anomaly,normal,anomaly
7860,4,tcp,ftp,SF,1240,2449,0,0,0,28,0,1,0,0,0,0,0,0,0,0,0,1,1,1,0.0,0.0,0.0,0.0,1.0,0.0,0.0,213,41,0.19,0.02,0.0,0.0,0.0,0.0,0.01,0.0,anomaly,normal,anomaly
19343,0,tcp,http,RSTR,43232,7300,0,0,0,1,0,1,0,0,0,0,0,0,0,0,0,0,5,5,0.0,0.0,0.4,0.4,1.0,0.0,0.0,255,255,1.0,0.0,0.0,0.0,0.0,0.0,0.03,0.03,anomaly,normal,anomaly
10489,0,tcp,private,S0,0,0,0,0,0,0,0,0,0,0,0,0,0,0,0,0,0,0,113,13,1.0,1.0,0.0,0.0,0.12,0.06,0.0,60,12,0.2,0.1,0.02,0.0,1.0,1.0,0.0,0.0,anomaly,normal,anomaly
5874,0,tcp,private,S0,0,0,0,0,0,0,0,0,0,0,0,0,0,0,0,0,0,0,198,13,1.0,1.0,0.0,0.0,0.07,0.06,0.0,255,13,0.05,0.06,0.0,0.0,1.0,1.0,0.0,0.0,anomaly,normal,anomaly
14948,0,tcp,uucp_path,S0,0,0,0,0,0,0,0,0,0,0,0,0,0,0,0,0,0,0,254,3,1.0,1.0,0.0,0.0,0.01,0.06,0.0,255,14,0.05,0.07,0.0,0.0,1.0,1.0,0.0,0.0,anomaly,normal,anomaly
10908,0,tcp,private,S0,0,0,0,0,0,0,0,0,0,0,0,0,0,0,0,0,0,0,209,10,1.0,1.0,0.0,0.0,0.05,0.06,0.0,255,17,0.07,0.07,0.0,0.0,1.0,1.0,0.0,0.0,anomaly,normal,anomaly
24233,0,tcp,finger,S0,0,0,0,0,0,0,0,0,0,0,0,0,0,0,0,0,0,0,269,17,1.0,1.0,0.0,0.0,0.06,0.07,0.0,255,17,0.07,0.06,0.0,0.0,1.0,1.0,0.0,0.0,anomaly,normal,anomaly
13137,0,tcp,gopher,S0,0,0,0,0,0,0,0,0,0,0,0,0,0,0,0,0,0,0,268,25,1.0,1.0,0.0,0.0,0.09,0.05,0.0,255,25,0.1,0.05,0.0,0.0,1.0,1.0,0.0,0.0,anomaly,normal,anomaly
17169,0,tcp,private,S0,0,0,0,0,0,0,0,0,0,0,0,0,0,0,0,0,0,0,288,18,1.0,1.0,0.0,0.0,0.06,0.06,0.0,255,1,0.0,0.07,0.0,0.0,1.0,1.0,0.0,0.0,anomaly,normal,anomaly
3441,0,tcp,telnet,S0,0,0,0,0,0,0,0,0,0,0,0,0,0,0,0,0,0,0,11,11,1.0,1.0,0.0,0.0,1.0,0.0,0.0,53,33,0.62,0.04,0.02,0.0,0.96,0.94,0.0,0.0,anomaly,normal,anomaly
12200,0,tcp,ftp_data,SF,334,0,0,0,0,0,0,1,0,0,0,0,0,0,0,0,0,0,2,2,0.0,0.0,0.0,0.0,1.0,0.0,0.0,10,20,1.0,0.0,1.0,0.15,0.0,0.0,0.0,0.0,anomaly,normal,anomaly
20020,0,udp,private,SF,1,0,0,0,0,0,0,0,0,0,0,0,0,0,0,0,0,0,18,4,0.0,0.0,0.0,0.0,0.22,0.28,0.0,255,24,0.09,0.68,0.42,0.0,0.0,0.0,0.58,0.0,anomaly,normal,anomaly
10359,0,tcp,iso_tsap,REJ,0,0,0,0,0,0,0,0,0,0,0,0,0,0,0,0,0,0,237,14,0.0,0.0,1.0,1.0,0.06,0.06,0.0,255,14,0.05,0.07,0.0,0.0,0.0,0.0,1.0,1.0,anomaly,normal,anomaly
5734,0,tcp,private,S0,0,0,0,0,0,0,0,0,0,0,0,0,0,0,0,0,0,0,97,11,1.0,1.0,0.0,0.0,0.11,0.06,0.0,255,5,0.02,0.07,0.0,0.0,1.0,1.0,0.0,0.0,anomaly,normal,anomaly
14556,0,tcp,ftp_data,S0,0,0,0,0,0,0,0,0,0,0,0,0,0,0,0,0,0,0,4,1,1.0,1.0,0.0,0.0,0.25,0.75,0.0,244,61,0.25,0.02,0.0,0.0,1.0,1.0,0.0,0.0,anomaly,normal,anomaly
23249,0,tcp,login,S0,0,0,0,0,0,0,0,0,0,0,0,0,0,0,0,0,0,0,117,17,1.0,1.0,0.0,0.0,0.15,0.07,0.0,255,10,0.04,0.06,0.0,0.0,1.0,1.0,0.0,0.0,anomaly,normal,anomaly
881,0,tcp,gopher,S0,0,0,0,0,0,0,0,0,0,0,0,0,0,0,0,0,0,0,232,3,1.0,1.0,0.0,0.0,0.01,0.06,0.0,255,3,0.01,0.06,0.0,0.0,1.0,1.0,0.0,0.0,anomaly,normal,anomaly
19602,0,tcp,ftp_data,SF,334,0,0,0,0,0,0,1,0,0,0,0,0,0,0,0,0,0,2,2,0.0,0.0,0.0,0.0,1.0,0.0,0.0,5,30,1.0,0.0,1.0,0.17,0.0,0.03,0.0,0.0,anomaly,normal,anomaly
3176,0,tcp,http,SF,54540,8314,0,0,0,2,0,1,1,0,0,0,0,0,0,0,0,0,5,5,0.0,0.0,0.0,0.0,1.0,0.0,0.0,255,255,1.0,0.0,0.0,0.0,0.0,0.0,0.06,0.06,anomaly,normal,anomaly
23272,0,tcp,bgp,S0,0,0,0,0,0,0,0,0,0,0,0,0,0,0,0,0,0,0,271,8,1.0,1.0,0.0,0.0,0.03,0.06,0.0,255,8,0.03,0.06,0.0,0.0,1.0,1.0,0.0,0.0,anomaly,normal,anomaly
6701,0,icmp,eco_i,SF,8,0,0,0,0,0,0,0,0,0,0,0,0,0,0,0,0,0,1,29,0.0,0.0,0.0,0.0,1.0,0.0,1.0,3,147,1.0,0.0,1.0,0.25,0.0,0.0,0.0,0.0,anomaly,normal,anomaly
4716,0,tcp,http,S0,0,0,0,0,0,0,0,0,0,0,0,0,0,0,0,0,0,0,16,7,1.0,1.0,0.0,0.0,0.44,0.25,0.0,255,40,0.16,0.04,0.01,0.0,1.0,1.0,0.0,0.0,anomaly,normal,anomaly
24169,0,tcp,finger,S0,0,0,0,0,0,0,0,0,0,0,0,0,0,0,0,0,0,0,283,9,1.0,1.0,0.0,0.0,0.03,0.06,0.0,255,9,0.04,0.09,0.0,0.0,1.0,1.0,0.0,0.0,anomaly,normal,anomaly
6873,0,tcp,imap4,S0,0,0,0,0,0,0,0,0,0,0,0,0,0,0,0,0,0,0,217,4,1.0,1.0,0.0,0.0,0.02,0.07,0.0,255,20,0.08,0.08,0.0,0.0,1.0,1.0,0.0,0.0,anomaly,normal,anomaly
11448,708,tcp,telnet,SF,1727,24080,0,0,0,0,0,1,6,0,0,7,0,0,0,0,0,0,1,1,0.0,0.0,0.0,0.0,1.0,0.0,0.0,255,3,0.01,0.02,0.0,0.0,0.0,0.0,0.0,0.0,anomaly,normal,anomaly
9251,0,icmp,eco_i,SF,8,0,0,0,0,0,0,0,0,0,0,0,0,0,0,0,0,0,1,52,0.0,0.0,0.0,0.0,1.0,0.0,1.0,1,101,1.0,0.0,1.0,0.26,0.0,0.0,0.0,0.0,anomaly,normal,anomaly
25120,0,tcp,supdup,S0,0,0,0,0,0,0,0,0,0,0,0,0,0,0,0,0,0,0,110,1,1.0,1.0,0.0,0.0,0.01,0.06,0.0,255,1,0.0,0.07,0.0,0.0,1.0,1.0,0.0,0.0,anomaly,normal,anomaly
16543,0,tcp,private,S0,0,0,0,0,0,0,0,0,0,0,0,0,0,0,0,0,0,0,101,11,1.0,1.0,0.0,0.0,0.11,0.06,0.0,255,20,0.08,0.06,0.0,0.0,1.0,1.0,0.0,0.0,anomaly,normal,anomaly
18547,0,icmp,eco_i,SF,8,0,0,0,0,0,0,0,0,0,0,0,0,0,0,0,0,0,1,11,0.0,0.0,0.0,0.0,1.0,0.0,1.0,1,81,1.0,0.0,1.0,0.51,0.0,0.0,0.0,0.0,anomaly,normal,anomaly
6329,0,tcp,private,REJ,0,0,0,0,0,0,0,0,0,0,0,0,0,0,0,0,0,0,100,6,0.0,0.0,1.0,1.0,0.06,0.08,0.0,255,6,0.02,0.07,0.0,0.0,0.0,0.0,1.0,1.0,anomaly,normal,anomaly
4673,0,udp,other,SF,516,4,0,0,0,0,0,0,0,0,0,0,0,0,0,0,0,0,440,440,0.0,0.0,0.0,0.0,1.0,0.0,0.0,255,255,1.0,0.0,1.0,0.0,0.0,0.0,0.0,0.0,normal,anomaly,normal
12103,0,tcp,private,S0,0,0,0,0,0,0,0,0,0,0,0,0,0,0,0,0,0,0,223,11,1.0,1.0,0.0,0.0,0.05,0.07,0.0,255,7,0.03,0.06,0.0,0.0,1.0,1.0,0.0,0.0,anomaly,normal,anomaly
1638,0,tcp,http,S0,0,0,0,0,0,0,0,0,0,0,0,0,0,0,0,0,0,0,200,2,1.0,1.0,0.0,0.0,0.01,0.06,0.0,255,18,0.07,0.07,0.0,0.0,1.0,1.0,0.0,0.0,anomaly,normal,anomaly
1951,0,tcp,netstat,REJ,0,0,0,0,0,0,0,0,0,0,0,0,0,0,0,0,0,0,107,5,0.0,0.0,1.0,1.0,0.05,0.07,0.0,255,5,0.02,0.07,0.0,0.0,0.0,0.0,1.0,1.0,anomaly,normal,anomaly
6220,0,tcp,private,REJ,0,0,0,0,0,0,0,0,0,0,0,0,0,0,0,0,0,0,19,1,0.0,0.0,1.0,1.0,0.05,1.0,0.0,255,1,0.0,0.41,0.0,0.0,0.0,0.0,0.11,1.0,anomaly,normal,anomaly
14547,0,udp,private,SF,28,0,0,3,0,0,0,0,0,0,0,0,0,0,0,0,0,0,50,50,0.0,0.0,0.0,0.0,1.0,0.0,0.0,255,150,0.59,0.42,0.59,0.0,0.09,0.0,0.33,0.0,anomaly,normal,anomaly
1347,0,icmp,eco_i,SF,8,0,0,0,0,0,0,0,0,0,0,0,0,0,0,0,0,0,1,23,0.0,0.0,0.0,0.0,1.0,0.0,1.0,1,15,1.0,0.0,1.0,0.53,0.0,0.0,0.0,0.0,anomaly,normal,anomaly
24878,0,tcp,private,S0,0,0,0,0,0,0,0,0,0,0,0,0,0,0,0,0,0,0,252,13,1.0,1.0,0.0,0.0,0.05,0.07,0.0,255,14,0.05,0.07,0.0,0.0,1.0,1.0,0.0,0.0,anomaly,normal,anomaly
21687,0,udp,private,SF,215,0,0,0,0,0,0,0,0,0,0,0,0,0,0,0,0,0,1,1,0.0,0.0,0.0,0.0,1.0,0.0,0.0,153,129,0.84,0.01,0.84,0.0,0.0,0.0,0.0,0.0,anomaly,normal,anomaly
4809,0,tcp,netstat,S0,0,0,0,0,0,0,0,0,0,0,0,0,0,0,0,0,0,0,118,13,1.0,1.0,0.0,0.0,0.11,0.07,0.0,255,13,0.05,0.07,0.0,0.0,1.0,1.0,0.0,0.0,anomaly,normal,anomaly
1548,0,tcp,private,S0,0,0,0,0,0,0,0,0,0,0,0,0,0,0,0,0,0,0,113,4,1.0,1.0,0.0,0.0,0.04,0.06,0.0,115,4,0.03,0.07,0.01,0.0,1.0,1.0,0.0,0.0,anomaly,normal,anomaly
4118,0,tcp,discard,RSTO,0,0,0,0,0,0,0,0,0,0,0,0,0,0,0,0,0,0,269,17,0.0,0.0,1.0,1.0,0.06,0.06,0.0,255,17,0.07,0.06,0.0,0.0,0.0,0.0,1.0,1.0,anomaly,normal,anomaly
4886,0,tcp,private,S0,0,0,0,0,0,0,0,0,0,0,0,0,0,0,0,0,0,0,265,15,1.0,1.0,0.0,0.0,0.06,0.06,0.0,255,6,0.02,0.09,0.0,0.0,1.0,1.0,0.0,0.0,anomaly,normal,anomaly
14288,0,tcp,private,S0,0,0,0,0,0,0,0,0,0,0,0,0,0,0,0,0,0,0,108,14,1.0,1.0,0.0,0.0,0.13,0.06,0.0,255,1,0.0,0.06,0.0,0.0,1.0,1.0,0.0,0.0,anomaly,normal,anomaly
23173,13,tcp,netbios_ssn,RSTR,0,0,0,0,0,0,0,0,0,0,0,0,0,0,0,0,0,0,1,1,0.0,0.0,1.0,1.0,1.0,0.0,0.0,255,1,0.0,0.55,0.55,0.0,0.0,0.0,0.55,1.0,anomaly,normal,anomaly
9019,0,tcp,private,S0,0,0,0,0,0,0,0,0,0,0,0,0,0,0,0,0,0,0,77,20,1.0,1.0,0.0,0.0,0.26,0.06,0.0,255,1,0.0,0.09,0.0,0.0,1.0,1.0,0.0,0.0,anomaly,normal,anomaly
15283,0,tcp,uucp,S0,0,0,0,0,0,0,0,0,0,0,0,0,0,0,0,0,0,0,138,14,1.0,1.0,0.0,0.0,0.1,0.06,0.0,255,20,0.08,0.06,0.0,0.0,1.0,1.0,0.0,0.0,anomaly,normal,anomaly
9077,0,tcp,ftp_data,S0,0,0,0,0,0,0,0,0,0,0,0,0,0,0,0,0,0,0,31,11,1.0,1.0,0.0,0.0,0.35,0.06,0.0,33,57,0.33,0.09,0.06,0.04,0.94,0.19,0.0,0.0,anomaly,normal,anomaly
13339,0,tcp,http,S0,0,0,0,0,0,0,0,0,0,0,0,0,0,0,0,0,0,0,12,13,1.0,0.92,0.0,0.08,1.0,0.0,0.15,12,12,1.0,0.0,0.08,0.0,1.0,1.0,0.0,0.0,anomaly,normal,anomaly
21492,0,tcp,daytime,S0,0,0,0,0,0,0,0,0,0,0,0,0,0,0,0,0,0,0,168,16,1.0,1.0,0.0,0.0,0.1,0.06,0.0,255,16,0.06,0.05,0.0,0.0,1.0,1.0,0.0,0.0,anomaly,normal,anomaly
22253,0,tcp,supdup,REJ,0,0,0,0,0,0,0,0,0,0,0,0,0,0,0,0,0,0,150,20,0.0,0.0,1.0,1.0,0.13,0.05,0.0,255,15,0.06,0.06,0.0,0.0,0.0,0.0,1.0,1.0,anomaly,normal,anomaly
14305,0,tcp,private,S0,0,0,0,0,0,0,0,0,0,0,0,0,0,0,0,0,0,0,256,14,1.0,1.0,0.0,0.0,0.05,0.05,0.0,255,12,0.05,0.07,0.0,0.0,1.0,1.0,0.0,0.0,anomaly,normal,anomaly
15669,0,icmp,ecr_i,SF,1032,0,0,0,0,0,0,0,0,0,0,0,0,0,0,0,0,0,220,220,0.0,0.0,0.0,0.0,1.0,0.0,0.0,255,255,1.0,0.0,1.0,0.0,0.0,0.0,0.0,0.0,anomaly,normal,anomaly
553,0,tcp,Z39_50,S0,0,0,0,0,0,0,0,0,0,0,0,0,0,0,0,0,0,0,16,3,1.0,1.0,0.0,0.0,0.19,0.25,0.0,255,9,0.04,0.08,0.0,0.0,1.0,1.0,0.0,0.0,anomaly,normal,anomaly
15682,0,tcp,private,S0,0,0,0,0,0,0,0,0,0,0,0,0,0,0,0,0,0,0,140,4,1.0,1.0,0.0,0.0,0.03,0.06,0.0,255,24,0.09,0.06,0.0,0.0,1.0,1.0,0.0,0.0,anomaly,normal,anomaly
23853,0,tcp,netbios_ns,S0,0,0,0,0,0,0,0,0,0,0,0,0,0,0,0,0,0,0,265,11,1.0,1.0,0.0,0.0,0.04,0.05,0.0,255,11,0.04,0.05,0.0,0.0,1.0,1.0,0.0,0.0,anomaly,normal,anomaly
12444,0,tcp,private,S0,0,0,0,0,0,0,0,0,0,0,0,0,0,0,0,0,0,0,166,7,1.0,1.0,0.0,0.0,0.04,0.07,0.0,255,7,0.03,0.06,0.0,0.0,1.0,1.0,0.0,0.0,anomaly,normal,anomaly
4861,0,tcp,netbios_ns,REJ,0,0,0,0,0,0,0,0,0,0,0,0,0,0,0,0,0,0,180,15,0.0,0.0,1.0,1.0,0.08,0.07,0.0,255,15,0.06,0.07,0.0,0.0,0.0,0.0,1.0,1.0,anomaly,normal,anomaly
6585,0,tcp,ftp_data,S0,0,0,0,0,0,0,0,0,0,0,0,0,0,0,0,0,0,0,68,16,1.0,1.0,0.0,0.0,0.24,0.06,0.0,255,67,0.26,0.02,0.01,0.0,1.0,1.0,0.0,0.0,anomaly,normal,anomaly
1982,0,tcp,systat,S0,0,0,0,0,0,0,0,0,0,0,0,0,0,0,0,0,0,0,200,8,1.0,1.0,0.0,0.0,0.04,0.06,0.0,255,15,0.06,0.05,0.0,0.0,1.0,1.0,0.0,0.0,anomaly,normal,anomaly
8380,0,tcp,private,S0,0,0,0,0,0,0,0,0,0,0,0,0,0,0,0,0,0,0,93,3,1.0,1.0,0.0,0.0,0.03,0.08,0.0,255,18,0.07,0.05,0.0,0.0,1.0,1.0,0.0,0.0,anomaly,normal,anomaly
8280,0,tcp,private,S0,0,0,0,0,0,0,0,0,0,0,0,0,0,0,0,0,0,0,28,14,1.0,1.0,0.0,0.0,0.5,0.14,0.0,255,16,0.06,0.07,0.0,0.0,1.0,1.0,0.0,0.0,anomaly,normal,anomaly
14386,0,tcp,http,SF,54540,8314,0,0,0,2,0,1,1,0,0,0,0,0,0,0,0,0,2,2,0.0,0.0,0.0,0.0,1.0,0.0,0.0,57,57,1.0,0.0,0.02,0.0,0.0,0.0,0.02,0.02,anomaly,normal,anomaly
4121,0,icmp,eco_i,SF,8,0,0,0,0,0,0,0,0,0,0,0,0,0,0,0,0,0,1,40,0.0,0.0,0.0,0.0,1.0,0.0,1.0,4,212,1.0,0.0,1.0,0.25,0.0,0.0,0.0,0.0,anomaly,normal,anomaly
10029,0,tcp,gopher,S0,0,0,0,0,0,0,0,0,0,0,0,0,0,0,0,0,0,0,234,7,1.0,1.0,0.0,0.0,0.03,0.08,0.0,255,7,0.03,0.07,0.0,0.0,1.0,1.0,0.0,0.0,anomaly,normal,anomaly
24698,0,icmp,eco_i,SF,8,0,0,0,0,0,0,0,0,0,0,0,0,0,0,0,0,0,1,17,0.0,0.0,0.0,0.0,1.0,0.0,1.0,1,81,1.0,0.0,1.0,0.26,0.0,0.0,0.0,0.0,anomaly,normal,anomaly
568,0,tcp,Z39_50,S0,0,0,0,0,0,0,0,0,0,0,0,0,0,0,0,0,0,0,211,6,1.0,1.0,0.0,0.0,0.03,0.06,0.0,255,6,0.02,0.06,0.0,0.0,1.0,1.0,0.0,0.0,anomaly,normal,anomaly
8420,0,icmp,eco_i,SF,8,0,0,0,0,0,0,0,0,0,0,0,0,0,0,0,0,0,1,10,0.0,0.0,0.0,0.0,1.0,0.0,1.0,1,101,1.0,0.0,1.0,0.5,0.0,0.0,0.0,0.0,anomaly,normal,anomaly
19156,0,tcp,http,SF,54540,8314,0,0,0,2,0,1,1,0,0,0,0,0,0,0,0,0,5,5,0.0,0.0,0.0,0.0,1.0,0.0,0.0,246,246,1.0,0.0,0.0,0.0,0.0,0.0,0.05,0.05,anomaly,normal,anomaly
8807,0,tcp,private,S0,0,0,0,0,0,0,0,0,0,0,0,0,0,0,0,0,0,0,117,11,1.0,1.0,0.0,0.0,0.09,0.07,0.0,255,14,0.05,0.07,0.0,0.0,1.0,1.0,0.0,0.0,anomaly,normal,anomaly
19465,0,tcp,ftp_data,SF,501760,0,0,0,0,0,0,1,0,0,0,0,0,0,0,0,0,0,2,2,0.0,0.0,0.0,0.0,1.0,0.0,0.0,39,6,0.15,0.08,0.15,0.0,0.0,0.0,0.0,0.0,normal,anomaly,normal
2627,0,tcp,private,S0,0,0,0,0,0,0,0,0,0,0,0,0,0,0,0,0,0,0,245,2,1.0,1.0,0.0,0.0,0.01,0.06,0.0,255,6,0.02,0.08,0.0,0.0,1.0,1.0,0.0,0.0,anomaly,normal,anomaly
20447,0,tcp,ctf,REJ,0,0,0,0,0,0,0,0,0,0,0,0,0,0,0,0,0,0,237,6,0.0,0.0,1.0,1.0,0.03,0.07,0.0,255,6,0.02,0.07,0.0,0.0,0.0,0.0,1.0,1.0,anomaly,normal,anomaly
22543,0,tcp,private,REJ,0,0,0,0,0,0,0,0,0,0,0,0,0,0,0,0,0,0,103,3,0.0,0.0,1.0,1.0,0.03,0.08,0.0,128,3,0.02,0.08,0.01,0.0,0.0,0.0,1.0,1.0,anomaly,normal,anomaly
14831,0,tcp,link,S0,0,0,0,0,0,0,0,0,0,0,0,0,0,0,0,0,0,0,174,8,1.0,1.0,0.0,0.0,0.05,0.06,0.0,255,10,0.04,0.07,0.0,0.0,1.0,1.0,0.0,0.0,anomaly,normal,anomaly
2568,0,tcp,private,S0,0,0,0,0,0,0,0,0,0,0,0,0,0,0,0,0,0,0,296,15,1.0,1.0,0.0,0.0,0.05,0.05,0.0,255,13,0.05,0.06,0.0,0.0,1.0,1.0,0.0,0.0,anomaly,normal,anomaly
8904,0,tcp,private,S0,0,0,0,0,0,0,0,0,0,0,0,0,0,0,0,0,0,0,132,17,1.0,1.0,0.0,0.0,0.13,0.06,0.0,255,3,0.01,0.06,0.0,0.0,1.0,1.0,0.0,0.0,anomaly,normal,anomaly
4462,0,udp,private,SF,28,0,0,3,0,0,0,0,0,0,0,0,0,0,0,0,0,0,192,92,0.52,0.0,0.0,0.0,0.48,0.04,0.0,255,92,0.36,0.64,0.36,0.0,0.09,0.0,0.55,0.0,anomaly,normal,anomaly
3461,0,tcp,login,S0,0,0,0,0,0,0,0,0,0,0,0,0,0,0,0,0,0,0,113,2,1.0,1.0,0.0,0.0,0.02,0.07,0.0,255,15,0.06,0.08,0.0,0.0,1.0,1.0,0.0,0.0,anomaly,normal,anomaly
20714,0,icmp,eco_i,SF,8,0,0,0,0,0,0,0,0,0,0,0,0,0,0,0,0,0,1,18,0.0,0.0,0.0,0.0,1.0,0.0,1.0,4,228,1.0,0.0,1.0,0.25,0.0,0.0,0.0,0.0,anomaly,normal,anomaly
16660,0,tcp,private,S0,0,0,0,0,0,0,0,0,0,0,0,0,0,0,0,0,0,0,121,1,1.0,1.0,0.0,0.0,0.01,0.07,0.0,255,19,0.07,0.06,0.0,0.0,1.0,1.0,0.0,0.0,anomaly,normal,anomaly
9482,0,tcp,private,S0,0,0,0,0,0,0,0,0,0,0,0,0,0,0,0,0,0,0,262,14,1.0,1.0,0.0,0.0,0.05,0.06,0.0,255,10,0.04,0.07,0.0,0.0,1.0,1.0,0.0,0.0,anomaly,normal,anomaly
23399,0,tcp,private,S0,0,0,0,0,0,0,0,0,0,0,0,0,0,0,0,0,0,0,78,1,1.0,1.0,0.0,0.0,0.01,0.08,0.0,255,14,0.05,0.07,0.0,0.0,1.0,1.0,0.0,0.0,anomaly,normal,anomaly
16670,0,tcp,smtp,S0,0,0,0,0,0,0,0,0,0,0,0,0,0,0,0,0,0,0,259,1,1.0,1.0,0.0,0.0,0.0,0.06,0.0,255,1,0.0,0.08,0.0,0.0,1.0,1.0,0.0,0.0,anomaly,normal,anomaly
13177,0,tcp,private,S0,0,0,0,0,0,0,0,0,0,0,0,0,0,0,0,0,0,0,43,14,1.0,1.0,0.0,0.0,0.33,0.09,0.0,255,15,0.06,0.08,0.0,0.0,1.0,1.0,0.0,0.0,anomaly,normal,anomaly
18052,0,tcp,ftp_data,S0,0,0,0,0,0,0,0,0,0,0,0,0,0,0,0,0,0,0,233,3,1.0,1.0,0.0,0.0,0.01,0.07,0.0,255,3,0.01,0.07,0.0,0.0,1.0,1.0,0.0,0.0,anomaly,normal,anomaly
22632,0,tcp,gopher,S0,0,0,0,0,0,0,0,0,0,0,0,0,0,0,0,0,0,0,285,18,1.0,1.0,0.0,0.0,0.06,0.06,0.0,255,19,0.07,0.06,0.0,0.0,1.0,1.0,0.0,0.0,anomaly,normal,anomaly
14706,0,tcp,hostnames,S0,0,0,0,0,0,0,0,0,0,0,0,0,0,0,0,0,0,0,54,1,1.0,1.0,0.0,0.0,0.02,0.11,0.0,255,1,0.0,0.09,0.0,0.0,1.0,1.0,0.0,0.0,anomaly,normal,anomaly
11600,0,icmp,eco_i,SF,8,0,0,0,0,0,0,0,0,0,0,0,0,0,0,0,0,0,1,46,0.0,0.0,0.0,0.0,1.0,0.0,1.0,2,94,1.0,0.0,1.0,0.5,0.0,0.0,0.0,0.0,anomaly,normal,anomaly
20008,0,tcp,courier,S0,0,0,0,0,0,0,0,0,0,0,0,0,0,0,0,0,0,0,127,6,1.0,1.0,0.0,0.0,0.05,0.06,0.0,255,6,0.02,0.06,0.0,0.0,1.0,1.0,0.0,0.0,anomaly,normal,anomaly
3371,0,tcp,ldap,S0,0,0,0,0,0,0,0,0,0,0,0,0,0,0,0,0,0,0,126,16,1.0,1.0,0.0,0.0,0.13,0.06,0.0,255,16,0.06,0.07,0.0,0.0,1.0,1.0,0.0,0.0,anomaly,normal,anomaly
21052,0,tcp,private,S0,0,0,0,0,0,0,0,0,0,0,0,0,0,0,0,0,0,0,106,18,1.0,1.0,0.0,0.0,0.17,0.06,0.0,255,18,0.07,0.06,0.0,0.0,1.0,1.0,0.0,0.0,anomaly,normal,anomaly
9206,0,tcp,discard,RSTO,0,0,0,0,0,0,0,0,0,0,0,0,0,0,0,0,0,0,261,14,0.0,0.0,1.0,1.0,0.05,0.06,0.0,255,14,0.05,0.07,0.0,0.0,0.0,0.0,1.0,1.0,anomaly,normal,anomaly
17011,0,tcp,efs,S0,0,0,0,0,0,0,0,0,0,0,0,0,0,0,0,0,0,0,147,20,1.0,1.0,0.0,0.0,0.14,0.05,0.0,255,20,0.08,0.06,0.0,0.0,1.0,1.0,0.0,0.0,anomaly,normal,anomaly
10930,0,tcp,private,REJ,0,0,0,0,0,0,0,0,0,0,0,0,0,0,0,0,0,0,266,1,0.08,0.0,0.87,1.0,0.0,1.0,0.0,255,1,0.0,1.0,0.0,0.0,0.08,0.0,0.87,1.0,anomaly,normal,anomaly
23194,0,tcp,finger,S0,0,0,0,0,0,0,0,0,0,0,0,0,0,0,0,0,0,0,17,17,1.0,1.0,0.0,0.0,1.0,0.0,0.0,77,23,0.22,0.05,0.01,0.09,1.0,0.74,0.0,0.0,anomaly,normal,anomaly
9601,0,tcp,ldap,REJ,0,0,0,0,0,0,0,0,0,0,0,0,0,0,0,0,0,0,149,20,0.0,0.0,1.0,1.0,0.13,0.06,0.0,255,20,0.08,0.07,0.0,0.0,0.0,0.0,1.0,1.0,anomaly,normal,anomaly
7554,0,tcp,nnsp,S0,0,0,0,0,0,0,0,0,0,0,0,0,0,0,0,0,0,0,110,1,1.0,1.0,0.0,0.0,0.01,0.07,0.0,255,1,0.0,0.06,0.0,0.0,1.0,1.0,0.0,0.0,anomaly,normal,anomaly
9311,0,tcp,supdup,S0,0,0,0,0,0,0,0,0,0,0,0,0,0,0,0,0,0,0,244,19,1.0,1.0,0.0,0.0,0.08,0.06,0.0,255,19,0.07,0.07,0.0,0.0,1.0,1.0,0.0,0.0,anomaly,normal,anomaly
9255,0,tcp,private,S0,0,0,0,0,0,0,0,0,0,0,0,0,0,0,0,0,0,0,75,1,1.0,1.0,0.0,0.0,0.01,0.07,0.0,255,19,0.07,0.07,0.0,0.0,1.0,1.0,0.0,0.0,anomaly,normal,anomaly
13296,0,tcp,link,S0,0,0,0,0,0,0,0,0,0,0,0,0,0,0,0,0,0,0,203,11,1.0,1.0,0.0,0.0,0.05,0.05,0.0,255,11,0.04,0.05,0.0,0.0,1.0,1.0,0.0,0.0,anomaly,normal,anomaly
13283,0,icmp,ecr_i,SF,1032,0,0,0,0,0,0,0,0,0,0,0,0,0,0,0,0,0,200,200,0.0,0.0,0.0,0.0,1.0,0.0,0.0,255,255,1.0,0.0,1.0,0.0,0.0,0.0,0.0,0.0,anomaly,normal,anomaly
9227,0,tcp,domain,S0,0,0,0,0,0,0,0,0,0,0,0,0,0,0,0,0,0,0,245,5,1.0,1.0,0.0,0.0,0.02,0.05,0.0,255,5,0.02,0.05,0.0,0.0,1.0,1.0,0.0,0.0,anomaly,normal,anomaly
20284,0,tcp,hostnames,S0,0,0,0,0,0,0,0,0,0,0,0,0,0,0,0,0,0,0,290,13,1.0,1.0,0.0,0.0,0.04,0.06,0.0,255,12,0.05,0.08,0.0,0.0,1.0,1.0,0.0,0.0,anomaly,normal,anomaly
17083,0,tcp,whois,S0,0,0,0,0,0,0,0,0,0,0,0,0,0,0,0,0,0,0,52,5,1.0,1.0,0.0,0.0,0.1,0.12,0.0,255,13,0.05,0.08,0.0,0.0,1.0,1.0,0.0,0.0,anomaly,normal,anomaly
15902,0,icmp,eco_i,SF,8,0,0,0,0,0,0,0,0,0,0,0,0,0,0,0,0,0,1,17,0.0,0.0,0.0,0.0,1.0,0.0,1.0,2,108,1.0,0.0,1.0,0.5,0.0,0.0,0.0,0.0,anomaly,normal,anomaly
2016,0,tcp,hostnames,S0,0,0,0,0,0,0,0,0,0,0,0,0,0,0,0,0,0,0,298,19,1.0,1.0,0.0,0.0,0.06,0.06,0.0,255,1,0.0,0.07,0.0,0.0,1.0,1.0,0.0,0.0,anomaly,normal,anomaly
13157,0,tcp,ftp_data,S0,0,0,0,0,0,0,0,0,0,0,0,0,0,0,0,0,0,0,142,13,1.0,1.0,0.0,0.0,0.09,0.06,0.0,255,6,0.02,0.07,0.0,0.0,1.0,1.0,0.0,0.0,anomaly,normal,anomaly
10388,0,tcp,private,REJ,0,0,0,0,0,0,0,0,0,0,0,0,0,0,0,0,0,0,160,1,0.05,0.0,0.94,1.0,0.01,1.0,0.0,255,1,0.0,0.8,0.0,0.0,0.03,0.0,0.6,1.0,anomaly,normal,anomaly
24081,0,tcp,bgp,S0,0,0,0,0,0,0,0,0,0,0,0,0,0,0,0,0,0,0,102,1,1.0,1.0,0.0,0.0,0.01,0.06,0.0,255,1,0.0,0.05,0.0,0.0,1.0,1.0,0.0,0.0,anomaly,normal,anomaly
9507,0,tcp,private,S0,0,0,0,0,0,0,0,0,0,0,0,0,0,0,0,0,0,0,228,16,1.0,1.0,0.0,0.0,0.07,0.07,0.0,255,5,0.02,0.08,0.0,0.0,1.0,1.0,0.0,0.0,anomaly,normal,anomaly
5833,0,udp,private,SF,28,0,0,3,0,0,0,0,0,0,0,0,0,0,0,0,0,0,20,20,0.0,0.0,0.0,0.0,1.0,0.0,0.0,255,87,0.34,0.01,0.34,0.0,0.0,0.0,0.0,0.0,anomaly,normal,anomaly
9300,6,tcp,time,SF,0,4,0,0,0,0,0,0,0,0,0,0,0,0,0,0,0,0,1,1,0.0,0.0,0.0,0.0,1.0,0.0,0.0,18,1,0.06,1.0,0.06,0.0,0.0,0.0,0.83,0.0,anomaly,normal,anomaly
4259,0,udp,private,SF,1,0,0,0,0,0,0,0,0,0,0,0,0,0,0,0,0,0,28,12,0.0,0.0,0.0,0.0,0.43,0.11,0.0,255,12,0.05,0.62,0.43,0.0,0.05,0.0,0.52,0.0,anomaly,normal,anomaly
21355,0,tcp,gopher,S0,0,0,0,0,0,0,0,0,0,0,0,0,0,0,0,0,0,0,275,9,1.0,1.0,0.0,0.0,0.03,0.05,0.0,255,9,0.04,0.05,0.0,0.0,1.0,1.0,0.0,0.0,anomaly,normal,anomaly
1787,0,tcp,private,S0,0,0,0,0,0,0,0,0,0,0,0,0,0,0,0,0,0,0,158,25,1.0,1.0,0.0,0.0,0.16,0.05,0.0,255,25,0.1,0.05,0.0,0.0,1.0,1.0,0.0,0.0,anomaly,normal,anomaly
3317,0,tcp,private,S0,0,0,0,0,0,0,0,0,0,0,0,0,0,0,0,0,0,0,277,4,1.0,1.0,0.0,0.0,0.01,0.06,0.0,255,3,0.01,0.07,0.0,0.0,1.0,1.0,0.0,0.0,anomaly,normal,anomaly
22525,0,tcp,uucp,S0,0,0,0,0,0,0,0,0,0,0,0,0,0,0,0,0,0,0,113,15,1.0,1.0,0.0,0.0,0.13,0.07,0.0,255,15,0.06,0.07,0.0,0.0,1.0,1.0,0.0,0.0,anomaly,normal,anomaly
10989,0,tcp,ftp,S0,0,0,0,0,0,0,0,0,0,0,0,0,0,0,0,0,0,0,244,7,1.0,1.0,0.0,0.0,0.03,0.07,0.0,255,7,0.03,0.07,0.0,0.0,1.0,1.0,0.0,0.0,anomaly,normal,anomaly
5256,0,icmp,eco_i,SF,8,0,0,0,0,0,0,0,0,0,0,0,0,0,0,0,0,0,1,31,0.0,0.0,0.0,0.0,1.0,0.0,1.0,4,92,1.0,0.0,1.0,0.25,0.0,0.0,0.0,0.0,anomaly,normal,anomaly
19331,0,tcp,private,S0,0,0,0,0,0,0,0,0,0,0,0,0,0,0,0,0,0,0,174,19,1.0,1.0,0.0,0.0,0.11,0.06,0.0,255,1,0.0,0.08,0.0,0.0,1.0,1.0,0.0,0.0,anomaly,normal,anomaly
8677,0,icmp,ecr_i,SF,1032,0,0,0,0,0,0,0,0,0,0,0,0,0,0,0,0,0,189,189,0.0,0.0,0.0,0.0,1.0,0.0,0.0,224,130,0.58,0.03,0.58,0.0,0.01,0.0,0.28,0.0,anomaly,normal,anomaly
15240,0,tcp,uucp,S0,0,0,0,0,0,0,0,0,0,0,0,0,0,0,0,0,0,0,128,2,1.0,1.0,0.0,0.0,0.02,0.07,0.0,255,2,0.01,0.06,0.0,0.0,1.0,1.0,0.0,0.0,anomaly,normal,anomaly
4362,0,tcp,private,S0,0,0,0,0,0,0,0,0,0,0,0,0,0,0,0,0,0,0,189,1,1.0,1.0,0.0,0.0,0.01,0.07,0.0,255,10,0.04,0.07,0.0,0.0,1.0,1.0,0.0,0.0,anomaly,normal,anomaly
6167,0,tcp,private,S0,0,0,0,0,0,0,0,0,0,0,0,0,0,0,0,0,0,0,217,20,1.0,1.0,0.0,0.0,0.09,0.06,0.0,255,7,0.03,0.08,0.0,0.0,1.0,1.0,0.0,0.0,anomaly,normal,anomaly
8034,0,tcp,private,REJ,0,0,0,0,0,0,0,0,0,0,0,0,0,0,0,0,0,0,115,5,0.0,0.0,1.0,1.0,0.04,0.08,0.0,255,5,0.02,0.08,0.0,0.0,0.0,0.0,1.0,1.0,anomaly,normal,anomaly
11999,0,tcp,private,S0,0,0,0,0,0,0,0,0,0,0,0,0,0,0,0,0,0,0,234,5,1.0,1.0,0.0,0.0,0.02,0.05,0.0,95,5,0.05,0.11,0.01,0.0,0.85,1.0,0.01,0.0,anomaly,normal,anomaly
2898,0,tcp,vmnet,S0,0,0,0,0,0,0,0,0,0,0,0,0,0,0,0,0,0,0,284,8,1.0,1.0,0.0,0.0,0.03,0.05,0.0,255,8,0.03,0.05,0.0,0.0,1.0,1.0,0.0,0.0,anomaly,normal,anomaly
12198,0,tcp,private,REJ,0,0,0,0,0,0,0,0,0,0,0,0,0,0,0,0,0,0,52,1,0.13,0.0,0.87,1.0,0.02,1.0,0.0,255,1,0.0,0.49,0.0,0.0,0.03,0.0,0.19,1.0,anomaly,normal,anomaly
16004,0,tcp,Z39_50,S0,0,0,0,0,0,0,0,0,0,0,0,0,0,0,0,0,0,0,115,12,1.0,1.0,0.0,0.0,0.1,0.06,0.0,255,13,0.05,0.07,0.0,0.0,1.0,1.0,0.0,0.0,anomaly,normal,anomaly
9941,0,tcp,finger,RSTO,0,0,0,0,0,0,0,0,0,0,0,0,0,0,0,0,0,0,254,2,0.0,0.0,1.0,1.0,0.01,0.07,0.0,255,2,0.01,0.08,0.0,0.0,0.0,0.0,1.0,1.0,anomaly,normal,anomaly
22417,0,tcp,efs,S0,0,0,0,0,0,0,0,0,0,0,0,0,0,0,0,0,0,0,143,18,1.0,1.0,0.0,0.0,0.13,0.06,0.0,255,18,0.07,0.06,0.0,0.0,1.0,1.0,0.0,0.0,anomaly,normal,anomaly
7934,0,icmp,eco_i,SF,8,0,0,0,0,0,0,0,0,0,0,0,0,0,0,0,0,0,1,9,0.0,0.0,0.0,0.0,1.0,0.0,1.0,2,190,1.0,0.0,1.0,0.25,0.0,0.0,0.0,0.0,anomaly,normal,anomaly
2164,0,tcp,finger,S0,0,0,0,0,0,0,0,0,0,0,0,0,0,0,0,0,0,0,140,18,1.0,1.0,0.0,0.0,0.13,0.05,0.0,255,7,0.03,0.06,0.0,0.0,1.0,1.0,0.0,0.0,anomaly,normal,anomaly
14353,0,tcp,daytime,S0,0,0,0,0,0,0,0,0,0,0,0,0,0,0,0,0,0,0,189,25,1.0,1.0,0.0,0.0,0.13,0.05,0.0,255,25,0.1,0.05,0.0,0.0,1.0,1.0,0.0,0.0,anomaly,normal,anomaly
11714,0,tcp,private,S0,0,0,0,0,0,0,0,0,0,0,0,0,0,0,0,0,0,0,211,8,1.0,1.0,0.0,0.0,0.04,0.07,0.0,255,19,0.07,0.06,0.0,0.0,1.0,1.0,0.0,0.0,anomaly,normal,anomaly
23051,1,tcp,private,RSTOS0,0,0,0,0,0,0,0,0,0,0,0,0,0,0,0,0,0,0,184,2,0.66,0.5,0.34,0.5,0.01,0.4,0.0,255,2,0.01,0.29,0.72,0.0,0.48,0.5,0.24,0.5,anomaly,normal,anomaly
9095,0,tcp,ftp_data,SF,501760,0,0,0,0,0,0,1,0,0,0,0,0,0,0,0,0,0,2,2,0.0,0.0,0.0,0.0,1.0,0.0,0.0,255,109,0.43,0.01,0.43,0.0,0.0,0.0,0.0,0.0,normal,anomaly,normal
19691,0,tcp,private,S0,0,0,0,0,0,0,0,0,0,0,0,0,0,0,0,0,0,0,219,6,1.0,1.0,0.0,0.0,0.03,0.06,0.0,255,6,0.02,0.08,0.0,0.0,1.0,1.0,0.0,0.0,anomaly,normal,anomaly
1225,0,tcp,Z39_50,S0,0,0,0,0,0,0,0,0,0,0,0,0,0,0,0,0,0,0,271,20,1.0,1.0,0.0,0.0,0.07,0.06,0.0,255,1,0.0,0.08,0.0,0.0,1.0,1.0,0.0,0.0,anomaly,normal,anomaly
5914,0,tcp,ftp_data,SF,501760,0,0,0,0,0,0,1,0,0,0,0,0,0,0,0,0,0,2,2,0.0,0.0,0.0,0.0,1.0,0.0,0.0,225,106,0.47,0.02,0.47,0.02,0.0,0.0,0.0,0.0,normal,anomaly,normal
3304,0,tcp,private,S0,0,0,0,0,0,0,0,0,0,0,0,0,0,0,0,0,0,0,27,8,1.0,1.0,0.0,0.0,0.3,0.11,0.0,255,21,0.08,0.07,0.0,0.0,1.0,1.0,0.0,0.0,anomaly,normal,anomaly
24642,0,icmp,ecr_i,SF,520,0,0,0,0,0,0,0,0,0,0,0,0,0,0,0,0,0,59,59,0.0,0.0,0.0,0.0,1.0,0.0,0.0,255,255,1.0,0.0,1.0,0.0,0.0,0.0,0.0,0.0,anomaly,normal,anomaly
5380,0,tcp,ftp_data,S0,0,0,0,0,0,0,0,0,0,0,0,0,0,0,0,0,0,0,209,16,1.0,1.0,0.0,0.0,0.08,0.06,0.0,255,16,0.06,0.07,0.0,0.0,1.0,1.0,0.0,0.0,anomaly,normal,anomaly
12129,0,icmp,ecr_i,SF,1032,0,0,0,0,0,0,0,0,0,0,0,0,0,0,0,0,0,270,270,0.0,0.0,0.0,0.0,1.0,0.0,0.0,123,29,0.24,0.06,0.24,0.0,0.02,0.0,0.51,0.0,anomaly,normal,anomaly
16331,0,tcp,private,S0,0,0,0,0,0,0,0,0,0,0,0,0,0,0,0,0,0,0,240,11,1.0,1.0,0.0,0.0,0.05,0.06,0.0,255,10,0.04,0.06,0.0,0.0,1.0,1.0,0.0,0.0,anomaly,normal,anomaly
22637,0,tcp,finger,S0,0,0,0,0,0,0,0,0,0,0,0,0,0,0,0,0,0,0,26,7,1.0,1.0,0.0,0.0,0.27,0.15,0.0,255,27,0.11,0.07,0.01,0.0,1.0,1.0,0.0,0.0,anomaly,normal,anomaly
5527,0,tcp,http,S0,0,0,0,0,0,0,0,0,0,0,0,0,0,0,0,0,0,0,59,20,1.0,1.0,0.0,0.0,0.34,0.05,0.0,255,65,0.25,0.02,0.0,0.0,1.0,1.0,0.0,0.0,anomaly,normal,anomaly
12309,0,tcp,private,SH,0,0,0,0,0,0,0,0,0,0,0,0,0,0,0,0,0,0,1,1,1.0,1.0,0.0,0.0,1.0,0.0,0.0,210,1,0.0,0.95,0.96,0.0,0.96,1.0,0.0,0.0,anomaly,normal,anomaly
21021,0,tcp,private,REJ,0,0,0,0,0,0,0,0,0,0,0,0,0,0,0,0,0,0,132,15,0.0,0.0,1.0,1.0,0.11,0.06,0.0,255,12,0.05,0.07,0.0,0.0,0.0,0.0,1.0,1.0,anomaly,normal,anomaly
20600,12,tcp,http,SF,54540,8314,0,0,0,2,0,1,1,0,0,0,0,0,0,0,0,0,4,4,0.0,0.0,0.25,0.25,1.0,0.0,0.0,19,19,1.0,0.0,0.05,0.0,0.0,0.0,0.42,0.42,anomaly,normal,anomaly
15737,0,tcp,auth,REJ,0,0,0,0,0,0,0,0,0,0,0,0,0,0,0,0,0,0,251,2,0.0,0.0,1.0,1.0,0.01,0.07,0.0,255,2,0.01,0.07,0.0,0.0,0.0,0.0,1.0,1.0,anomaly,normal,anomaly
6831,0,tcp,ftp,S0,0,0,0,0,0,0,0,0,0,0,0,0,0,0,0,0,0,0,249,19,1.0,1.0,0.0,0.0,0.08,0.06,0.0,255,19,0.07,0.07,0.0,0.0,1.0,1.0,0.0,0.0,anomaly,normal,anomaly
1370,0,icmp,eco_i,SF,8,0,0,0,0,0,0,0,0,0,0,0,0,0,0,0,0,0,1,42,0.0,0.0,0.0,0.0,1.0,0.0,1.0,3,223,1.0,0.0,1.0,0.25,0.0,0.0,0.0,0.0,anomaly,normal,anomaly
1051,0,tcp,telnet,S0,0,0,0,0,0,0,0,0,0,0,0,0,0,0,0,0,0,0,67,17,1.0,1.0,0.0,0.0,0.25,0.06,0.0,255,37,0.15,0.06,0.0,0.0,1.0,1.0,0.0,0.0,anomaly,normal,anomaly
17592,0,tcp,supdup,S0,0,0,0,0,0,0,0,0,0,0,0,0,0,0,0,0,0,0,227,11,1.0,1.0,0.0,0.0,0.05,0.06,0.0,255,11,0.04,0.06,0.0,0.0,1.0,1.0,0.0,0.0,anomaly,normal,anomaly
1903,0,tcp,whois,S0,0,0,0,0,0,0,0,0,0,0,0,0,0,0,0,0,0,0,258,6,1.0,1.0,0.0,0.0,0.02,0.07,0.0,255,6,0.02,0.07,0.0,0.0,1.0,1.0,0.0,0.0,anomaly,normal,anomaly
1633,0,icmp,eco_i,SF,18,0,0,0,0,0,0,0,0,0,0,0,0,0,0,0,0,0,1,1,0.0,0.0,0.0,0.0,1.0,0.0,0.0,3,51,1.0,0.0,1.0,0.25,0.0,0.0,0.0,0.0,anomaly,normal,anomaly
6714,0,tcp,imap4,S0,0,0,0,0,0,0,0,0,0,0,0,0,0,0,0,0,0,0,205,19,1.0,1.0,0.0,0.0,0.09,0.06,0.0,255,19,0.07,0.05,0.0,0.0,1.0,1.0,0.0,0.0,anomaly,normal,anomaly
15309,0,tcp,csnet_ns,S0,0,0,0,0,0,0,0,0,0,0,0,0,0,0,0,0,0,0,265,7,1.0,1.0,0.0,0.0,0.03,0.06,0.0,255,8,0.03,0.06,0.0,0.0,1.0,1.0,0.0,0.0,anomaly,normal,anomaly
5296,0,tcp,private,S0,0,0,0,0,0,0,0,0,0,0,0,0,0,0,0,0,0,0,116,5,1.0,1.0,0.0,0.0,0.04,0.08,0.0,255,5,0.02,0.09,0.0,0.0,1.0,1.0,0.0,0.0,anomaly,normal,anomaly
19089,0,tcp,http,S0,0,0,0,0,0,0,0,0,0,0,0,0,0,0,0,0,0,0,145,16,1.0,1.0,0.0,0.0,0.11,0.06,0.0,255,16,0.06,0.08,0.0,0.0,1.0,1.0,0.0,0.0,anomaly,normal,anomaly
763,0,tcp,iso_tsap,REJ,0,0,0,0,0,0,0,0,0,0,0,0,0,0,0,0,0,0,240,10,0.0,0.0,1.0,1.0,0.04,0.06,0.0,255,10,0.04,0.07,0.0,0.0,0.0,0.0,1.0,1.0,anomaly,normal,anomaly
6265,0,tcp,private,S0,0,0,0,0,0,0,0,0,0,0,0,0,0,0,0,0,0,0,104,14,1.0,1.0,0.0,0.0,0.13,0.06,0.0,255,20,0.08,0.07,0.0,0.0,1.0,1.0,0.0,0.0,anomaly,normal,anomaly
6942,0,tcp,http,S0,0,0,0,0,0,0,0,0,0,0,0,0,0,0,0,0,0,0,245,21,1.0,1.0,0.0,0.0,0.09,0.05,0.0,255,21,0.08,0.06,0.0,0.0,1.0,1.0,0.0,0.0,anomaly,normal,anomaly
18601,0,tcp,private,S0,0,0,0,0,0,0,0,0,0,0,0,0,0,0,0,0,0,0,269,11,1.0,1.0,0.0,0.0,0.04,0.06,0.0,255,11,0.04,0.08,0.0,0.0,1.0,1.0,0.0,0.0,anomaly,normal,anomaly
10038,0,udp,private,SF,1,0,0,0,0,0,0,0,0,0,0,0,0,0,0,0,0,0,22,6,0.0,0.0,0.0,0.0,0.27,0.14,0.0,255,6,0.02,0.61,0.53,0.0,0.0,0.0,0.47,0.0,anomaly,normal,anomaly
6238,0,tcp,http,S0,0,0,0,0,0,0,0,0,0,0,0,0,0,0,0,0,0,0,295,15,1.0,1.0,0.0,0.0,0.05,0.06,0.0,255,13,0.05,0.07,0.0,0.0,1.0,1.0,0.0,0.0,anomaly,normal,anomaly
1816,0,icmp,eco_i,SF,8,0,0,0,0,0,0,0,0,0,0,0,0,0,0,0,0,0,1,12,0.0,0.0,0.0,0.0,1.0,0.0,1.0,2,24,1.0,0.0,1.0,0.5,0.0,0.0,0.0,0.0,anomaly,normal,anomaly
16153,0,tcp,link,S0,0,0,0,0,0,0,0,0,0,0,0,0,0,0,0,0,0,0,259,1,1.0,1.0,0.0,0.0,0.0,0.07,0.0,255,1,0.0,0.07,0.0,0.0,1.0,1.0,0.0,0.0,anomaly,normal,anomaly
15704,0,tcp,private,REJ,0,0,0,0,0,0,0,0,0,0,0,0,0,0,0,0,0,0,104,2,0.0,0.0,0.99,1.0,0.02,0.08,0.0,255,22,0.09,0.07,0.0,0.0,0.0,0.0,1.0,1.0,anomaly,normal,anomaly
20872,0,tcp,ldap,S0,0,0,0,0,0,0,0,0,0,0,0,0,0,0,0,0,0,0,124,6,1.0,1.0,0.0,0.0,0.05,0.06,0.0,255,1,0.0,0.07,0.0,0.0,1.0,1.0,0.0,0.0,anomaly,normal,anomaly
5345,0,tcp,private,S0,0,0,0,0,0,0,0,0,0,0,0,0,0,0,0,0,0,0,215,11,1.0,1.0,0.0,0.0,0.05,0.06,0.0,255,11,0.04,0.05,0.0,0.0,1.0,1.0,0.0,0.0,anomaly,normal,anomaly
9252,0,udp,private,SF,1,0,0,0,0,0,0,0,0,0,0,0,0,0,0,0,0,0,8,1,0.0,0.0,0.0,0.0,0.12,0.38,0.0,255,1,0.0,0.5,0.65,0.0,0.0,0.0,0.35,0.0,anomaly,normal,anomaly
23699,0,tcp,efs,S0,0,0,0,0,0,0,0,0,0,0,0,0,0,0,0,0,0,0,98,20,1.0,1.0,0.0,0.0,0.2,0.06,0.0,255,20,0.08,0.07,0.0,0.0,1.0,1.0,0.0,0.0,anomaly,normal,anomaly
18777,0,tcp,supdup,S0,0,0,0,0,0,0,0,0,0,0,0,0,0,0,0,0,0,0,268,18,1.0,1.0,0.0,0.0,0.07,0.05,0.0,255,18,0.07,0.05,0.0,0.0,1.0,1.0,0.0,0.0,anomaly,normal,anomaly
5283,0,icmp,ecr_i,SF,520,0,0,0,0,0,0,0,0,0,0,0,0,0,0,0,0,0,187,187,0.0,0.0,0.0,0.0,1.0,0.0,0.0,255,255,1.0,0.0,1.0,0.0,0.0,0.0,0.0,0.0,anomaly,normal,anomaly
1460,8625,tcp,IRC,RSTR,1788,9968,0,0,0,0,0,0,0,0,0,0,0,0,0,0,0,0,1,1,0.0,0.0,1.0,1.0,1.0,0.0,0.0,23,6,0.26,0.13,0.04,0.0,0.0,0.0,0.26,1.0,normal,anomaly,normal
21084,0,tcp,private,S0,0,0,0,0,0,0,0,0,0,0,0,0,0,0,0,0,0,0,127,16,1.0,1.0,0.0,0.0,0.13,0.06,0.0,91,6,0.07,0.12,0.01,0.0,1.0,1.0,0.0,0.0,anomaly,normal,anomaly
7239,0,tcp,courier,S0,0,0,0,0,0,0,0,0,0,0,0,0,0,0,0,0,0,0,121,4,1.0,1.0,0.0,0.0,0.03,0.07,0.0,255,4,0.02,0.08,0.0,0.0,1.0,1.0,0.0,0.0,anomaly,normal,anomaly
15653,0,tcp,login,S0,0,0,0,0,0,0,0,0,0,0,0,0,0,0,0,0,0,0,120,5,1.0,1.0,0.0,0.0,0.04,0.08,0.0,255,16,0.06,0.07,0.0,0.0,1.0,1.0,0.0,0.0,anomaly,normal,anomaly
8449,0,tcp,private,S0,0,0,0,0,0,0,0,0,0,0,0,0,0,0,0,0,0,0,70,12,1.0,1.0,0.0,0.0,0.17,0.09,0.0,255,12,0.05,0.07,0.0,0.0,1.0,1.0,0.0,0.0,anomaly,normal,anomaly
15598,0,tcp,private,S0,0,0,0,0,0,0,0,0,0,0,0,0,0,0,0,0,0,0,134,1,1.0,1.0,0.0,0.0,0.01,0.06,0.0,255,5,0.02,0.06,0.0,0.0,1.0,1.0,0.0,0.0,anomaly,normal,anomaly
1801,0,tcp,finger,SF,0,0,0,0,0,0,0,0,0,0,0,0,0,0,0,0,0,0,1,1,0.0,0.0,0.0,0.0,1.0,0.0,0.0,60,9,0.02,1.0,0.02,0.22,0.0,0.0,0.92,0.0,anomaly,normal,anomaly
13922,0,tcp,private,S0,0,0,0,0,0,0,0,0,0,0,0,0,0,0,0,0,0,0,113,15,1.0,1.0,0.0,0.0,0.13,0.05,0.0,255,8,0.03,0.06,0.0,0.0,1.0,1.0,0.0,0.0,anomaly,normal,anomaly
18819,0,icmp,eco_i,SF,8,0,0,0,0,0,0,0,0,0,0,0,0,0,0,0,0,0,1,36,0.0,0.0,0.0,0.0,1.0,0.0,1.0,2,210,1.0,0.0,1.0,0.25,0.0,0.0,0.0,0.0,anomaly,normal,anomaly
9249,831,tcp,other,RSTR,1,0,0,0,0,0,0,0,0,0,0,0,0,0,0,0,0,0,2,2,0.0,0.0,1.0,1.0,1.0,0.0,0.0,255,2,0.01,0.73,1.0,0.0,0.0,0.0,1.0,1.0,anomaly,normal,anomaly
16383,0,tcp,gopher,REJ,0,0,0,0,0,0,0,0,0,0,0,0,0,0,0,0,0,0,107,14,0.0,0.0,1.0,1.0,0.13,0.06,0.0,255,14,0.05,0.08,0.0,0.0,0.0,0.0,1.0,1.0,anomaly,normal,anomaly
2251,0,tcp,http_443,S0,0,0,0,0,0,0,0,0,0,0,0,0,0,0,0,0,0,0,150,17,1.0,1.0,0.0,0.0,0.11,0.05,0.0,255,17,0.07,0.06,0.0,0.0,1.0,1.0,0.0,0.0,anomaly,normal,anomaly
12958,0,tcp,private,REJ,0,0,0,0,0,0,0,0,0,0,0,0,0,0,0,0,0,0,87,8,0.0,0.0,1.0,1.0,0.09,0.07,0.0,255,8,0.03,0.07,0.0,0.0,0.0,0.0,1.0,1.0,anomaly,normal,anomaly
22286,0,tcp,private,S0,0,0,0,0,0,0,0,0,0,0,0,0,0,0,0,0,0,0,249,7,1.0,1.0,0.0,0.0,0.03,0.07,0.0,255,6,0.02,0.07,0.0,0.0,1.0,1.0,0.0,0.0,anomaly,normal,anomaly
6607,0,tcp,private,S0,0,0,0,0,0,0,0,0,0,0,0,0,0,0,0,0,0,0,49,13,1.0,1.0,0.0,0.0,0.27,0.12,0.0,255,13,0.05,0.09,0.0,0.0,1.0,1.0,0.0,0.0,anomaly,normal,anomaly
11162,0,tcp,vmnet,S0,0,0,0,0,0,0,0,0,0,0,0,0,0,0,0,0,0,0,245,11,1.0,1.0,0.0,0.0,0.04,0.06,0.0,255,4,0.02,0.07,0.0,0.0,1.0,1.0,0.0,0.0,anomaly,normal,anomaly
9308,0,udp,private,SF,1,0,0,0,0,0,0,0,0,0,0,0,0,0,0,0,0,0,65,19,0.0,0.0,0.0,0.0,0.29,0.08,0.0,255,42,0.16,0.22,1.0,0.0,0.0,0.0,0.0,0.0,anomaly,normal,anomaly
10900,0,tcp,ftp,S0,0,0,0,0,0,0,0,0,0,0,0,0,0,0,0,0,0,0,224,19,1.0,1.0,0.0,0.0,0.08,0.05,0.0,255,19,0.07,0.05,0.0,0.0,1.0,1.0,0.0,0.0,anomaly,normal,anomaly
22278,0,tcp,ftp_data,S0,0,0,0,0,0,0,0,0,0,0,0,0,0,0,0,0,0,0,267,18,1.0,1.0,0.0,0.0,0.07,0.07,0.0,255,18,0.07,0.08,0.0,0.0,1.0,1.0,0.0,0.0,anomaly,normal,anomaly
5739,0,tcp,private,S0,0,0,0,0,0,0,0,0,0,0,0,0,0,0,0,0,0,0,224,15,1.0,1.0,0.0,0.0,0.07,0.06,0.0,255,9,0.04,0.06,0.0,0.0,1.0,1.0,0.0,0.0,anomaly,normal,anomaly
20718,0,icmp,ecr_i,SF,1032,0,0,0,0,0,0,0,0,0,0,0,0,0,0,0,0,0,93,93,0.0,0.0,0.0,0.0,1.0,0.0,0.0,255,93,0.36,0.02,0.36,0.0,0.0,0.0,0.0,0.0,anomaly,normal,anomaly
1312,0,tcp,private,S0,0,0,0,0,0,0,0,0,0,0,0,0,0,0,0,0,0,0,280,18,1.0,1.0,0.0,0.0,0.06,0.04,0.0,140,18,0.13,0.07,0.01,0.0,0.99,1.0,0.0,0.0,anomaly,normal,anomaly
20168,0,tcp,ftp_data,S0,0,0,0,0,0,0,0,0,0,0,0,0,0,0,0,0,0,0,55,13,1.0,1.0,0.0,0.0,0.24,0.07,0.0,255,64,0.25,0.02,0.0,0.0,1.0,1.0,0.0,0.0,anomaly,normal,anomaly
9680,0,udp,private,SF,28,0,0,3,0,0,0,0,0,0,0,0,0,0,0,0,0,0,10,10,0.0,0.0,0.0,0.0,1.0,0.0,0.0,255,10,0.04,0.02,0.04,0.0,0.0,0.0,0.75,0.0,anomaly,normal,anomaly
650,0,tcp,ssh,S0,0,0,0,0,0,1,0,0,0,0,0,0,0,0,0,0,0,0,199,1,0.65,1.0,0.35,0.0,0.01,0.41,0.0,255,1,0.0,0.32,0.78,0.0,0.51,1.0,0.27,0.0,anomaly,normal,anomaly
21070,0,tcp,private,RSTR,0,0,0,0,0,0,0,0,0,0,0,0,0,0,0,0,0,0,1,1,0.0,0.0,1.0,1.0,1.0,0.0,0.0,255,1,0.0,0.61,0.61,0.0,0.0,0.0,0.61,1.0,anomaly,normal,anomaly
21951,0,tcp,smtp,S0,0,0,0,0,0,0,0,0,0,0,0,0,0,0,0,0,0,0,2,2,1.0,1.0,0.0,0.0,1.0,0.0,0.0,64,136,0.34,0.03,0.02,0.01,0.97,0.16,0.0,0.0,anomaly,normal,anomaly
13502,0,tcp,private,S0,0,0,0,0,0,0,0,0,0,0,0,0,0,0,0,0,0,0,113,13,1.0,1.0,0.0,0.0,0.12,0.08,0.0,255,13,0.05,0.07,0.0,0.0,1.0,1.0,0.0,0.0,anomaly,normal,anomaly
15425,0,tcp,private,RSTR,0,0,0,0,0,0,0,0,0,0,0,0,0,0,0,0,0,0,1,1,0.0,0.0,1.0,1.0,1.0,0.0,0.0,255,1,0.0,0.82,0.82,0.0,0.0,0.0,0.82,1.0,anomaly,normal,anomaly
13962,0,tcp,private,S0,0,0,0,0,0,0,0,0,0,0,0,0,0,0,0,0,0,0,271,16,1.0,1.0,0.0,0.0,0.06,0.06,0.0,255,15,0.06,0.07,0.0,0.0,1.0,1.0,0.0,0.0,anomaly,normal,anomaly
15938,0,tcp,private,SH,0,0,0,0,0,0,0,0,0,0,0,0,0,0,0,0,0,0,1,1,1.0,1.0,0.0,0.0,1.0,0.0,0.0,200,1,0.0,0.95,0.96,0.0,0.96,1.0,0.0,0.0,anomaly,normal,anomaly
7395,0,tcp,bgp,S0,0,0,0,0,0,0,0,0,0,0,0,0,0,0,0,0,0,0,219,17,1.0,1.0,0.0,0.0,0.08,0.06,0.0,255,4,0.02,0.09,0.0,0.0,1.0,1.0,0.0,0.0,anomaly,normal,anomaly
14876,918,tcp,X11,SF,10468,334048,0,0,0,0,0,0,0,0,0,0,0,0,0,0,0,0,1,1,0.0,0.0,0.0,0.0,1.0,0.0,0.0,163,3,0.02,0.04,0.01,0.0,0.0,0.0,0.0,0.0,normal,anomaly,normal
5087,0,tcp,private,S0,0,0,0,0,0,0,0,0,0,0,0,0,0,0,0,0,0,0,143,8,1.0,1.0,0.0,0.0,0.06,0.06,0.0,255,13,0.05,0.07,0.0,0.0,1.0,1.0,0.0,0.0,anomaly,normal,anomaly
18750,0,tcp,ftp_data,S1,2187080,0,0,0,0,0,0,1,0,0,0,0,0,0,0,0,0,0,2,2,0.5,0.5,0.0,0.0,1.0,0.0,0.0,173,101,0.58,0.07,0.64,0.0,0.01,0.02,0.0,0.0,normal,anomaly,normal
17238,20,tcp,private,RSTR,0,0,0,0,0,0,0,0,0,0,0,0,0,0,0,0,0,0,1,1,0.0,0.0,1.0,1.0,1.0,0.0,0.0,255,1,0.0,1.0,1.0,0.0,0.0,0.0,1.0,1.0,anomaly,normal,anomaly
7706,0,tcp,private,S0,0,0,0,0,0,0,0,0,0,0,0,0,0,0,0,0,0,0,132,4,1.0,1.0,0.0,0.0,0.03,0.06,0.0,255,11,0.04,0.06,0.0,0.0,1.0,1.0,0.0,0.0,anomaly,normal,anomaly
17191,0,tcp,vmnet,S0,0,0,0,0,0,0,0,0,0,0,0,0,0,0,0,0,0,0,255,20,1.0,1.0,0.0,0.0,0.08,0.06,0.0,255,9,0.04,0.07,0.0,0.0,1.0,1.0,0.0,0.0,anomaly,normal,anomaly
18158,0,tcp,telnet,S0,0,0,0,0,0,0,0,0,0,0,0,0,0,0,0,0,0,0,33,3,1.0,1.0,0.0,0.0,0.09,0.12,0.0,255,51,0.2,0.03,0.0,0.0,1.0,1.0,0.0,0.0,anomaly,normal,anomaly
1363,0,tcp,nnsp,S0,0,0,0,0,0,0,0,0,0,0,0,0,0,0,0,0,0,0,102,13,1.0,1.0,0.0,0.0,0.13,0.06,0.0,255,13,0.05,0.05,0.0,0.0,1.0,1.0,0.0,0.0,anomaly,normal,anomaly
571,0,tcp,uucp,S0,0,0,0,0,0,0,0,0,0,0,0,0,0,0,0,0,0,0,100,2,1.0,1.0,0.0,0.0,0.02,0.06,0.0,255,2,0.01,0.05,0.0,0.0,1.0,1.0,0.0,0.0,anomaly,normal,anomaly
3299,0,tcp,daytime,S0,0,0,0,0,0,0,0,0,0,0,0,0,0,0,0,0,0,0,297,11,1.0,1.0,0.0,0.0,0.04,0.05,0.0,255,11,0.04,0.07,0.0,0.0,1.0,1.0,0.0,0.0,anomaly,normal,anomaly
9524,0,tcp,time,S0,0,0,0,0,0,0,0,0,0,0,0,0,0,0,0,0,0,0,283,20,1.0,1.0,0.0,0.0,0.07,0.06,0.0,255,20,0.08,0.07,0.0,0.0,1.0,1.0,0.0,0.0,anomaly,normal,anomaly
24616,0,tcp,imap4,S0,0,0,0,0,0,0,0,0,0,0,0,0,0,0,0,0,0,0,277,10,1.0,1.0,0.0,0.0,0.04,0.06,0.0,255,10,0.04,0.08,0.0,0.0,1.0,1.0,0.0,0.0,anomaly,normal,anomaly
22234,0,icmp,eco_i,SF,8,0,0,0,0,0,0,0,0,0,0,0,0,0,0,0,0,0,1,4,0.0,0.0,0.0,0.0,1.0,0.0,1.0,2,136,1.0,0.0,1.0,0.5,0.0,0.0,0.0,0.0,anomaly,normal,anomaly
19922,0,tcp,http_443,REJ,0,0,0,0,0,0,0,0,0,0,0,0,0,0,0,0,0,0,102,2,0.0,0.0,1.0,1.0,0.02,0.07,0.0,255,2,0.01,0.06,0.0,0.0,0.0,0.0,1.0,1.0,anomaly,normal,anomaly
21600,0,tcp,finger,RSTO,0,0,0,0,0,0,0,0,0,0,0,0,0,0,0,0,0,0,245,8,0.0,0.0,1.0,1.0,0.03,0.07,0.0,255,8,0.03,0.07,0.0,0.0,0.0,0.0,1.0,1.0,anomaly,normal,anomaly
104,0,udp,private,SF,28,0,0,3,0,0,0,0,0,0,0,0,0,0,0,0,0,0,82,82,0.0,0.0,0.0,0.0,1.0,0.0,0.0,255,182,0.71,0.29,0.71,0.0,0.09,0.0,0.2,0.0,anomaly,normal,anomaly
14056,0,tcp,private,S0,0,0,0,0,0,0,0,0,0,0,0,0,0,0,0,0,0,0,192,14,1.0,1.0,0.0,0.0,0.07,0.06,0.0,255,9,0.04,0.07,0.0,0.0,1.0,1.0,0.0,0.0,anomaly,normal,anomaly
22076,0,tcp,uucp_path,S0,0,0,0,0,0,0,0,0,0,0,0,0,0,0,0,0,0,0,250,4,1.0,1.0,0.0,0.0,0.02,0.05,0.0,255,4,0.02,0.06,0.0,0.0,1.0,1.0,0.0,0.0,anomaly,normal,anomaly
13007,0,tcp,ssh,S0,0,0,0,0,0,0,0,0,0,0,0,0,0,0,0,0,0,0,101,8,1.0,1.0,0.0,0.0,0.08,0.05,0.0,255,8,0.03,0.06,0.0,0.0,1.0,1.0,0.0,0.0,anomaly,normal,anomaly
13099,0,tcp,ldap,S0,0,0,0,0,0,0,0,0,0,0,0,0,0,0,0,0,0,0,219,1,1.0,1.0,0.0,0.0,0.0,0.06,0.0,255,1,0.0,0.06,0.0,0.0,1.0,1.0,0.0,0.0,anomaly,normal,anomaly
9710,0,tcp,uucp_path,S0,0,0,0,0,0,0,0,0,0,0,0,0,0,0,0,0,0,0,275,19,1.0,1.0,0.0,0.0,0.07,0.06,0.0,255,19,0.07,0.07,0.0,0.0,1.0,1.0,0.0,0.0,anomaly,normal,anomaly
19152,0,icmp,eco_i,SF,18,0,0,0,0,0,0,0,0,0,0,0,0,0,0,0,0,0,1,1,0.0,0.0,0.0,0.0,1.0,0.0,0.0,1,219,1.0,0.0,1.0,1.0,0.0,0.0,0.0,0.0,anomaly,normal,anomaly
11152,0,icmp,eco_i,SF,18,0,0,0,0,0,0,0,0,0,0,0,0,0,0,0,0,0,1,1,0.0,0.0,0.0,0.0,1.0,0.0,0.0,1,158,1.0,0.0,1.0,1.0,0.0,0.0,0.0,0.0,anomaly,normal,anomaly
7684,0,tcp,link,S0,0,0,0,0,0,0,0,0,0,0,0,0,0,0,0,0,0,0,208,18,1.0,1.0,0.0,0.0,0.09,0.07,0.0,255,18,0.07,0.07,0.0,0.0,1.0,1.0,0.0,0.0,anomaly,normal,anomaly
8493,0,tcp,private,S0,0,0,0,0,0,0,0,0,0,0,0,0,0,0,0,0,0,0,238,18,1.0,1.0,0.0,0.0,0.08,0.06,0.0,255,18,0.07,0.08,0.0,0.0,1.0,1.0,0.0,0.0,anomaly,normal,anomaly
12752,0,tcp,http,S0,0,0,0,0,0,0,0,0,0,0,0,0,0,0,0,0,0,0,2,2,1.0,1.0,0.0,0.0,1.0,0.0,0.0,2,2,1.0,0.0,0.5,0.0,1.0,1.0,0.0,0.0,anomaly,normal,anomaly
6399,0,tcp,telnet,S0,0,0,0,0,0,0,0,0,0,0,0,0,0,0,0,0,0,0,34,14,1.0,1.0,0.0,0.0,0.41,0.06,0.0,56,18,0.29,0.05,0.05,0.11,0.96,0.78,0.0,0.0,anomaly,normal,anomaly
16319,0,tcp,whois,S0,0,0,0,0,0,0,0,0,0,0,0,0,0,0,0,0,0,0,254,17,1.0,1.0,0.0,0.0,0.07,0.06,0.0,255,17,0.07,0.05,0.0,0.0,1.0,1.0,0.0,0.0,anomaly,normal,anomaly
9406,0,tcp,private,REJ,0,0,0,0,0,0,0,0,0,0,0,0,0,0,0,0,0,0,141,11,0.0,0.0,0.99,1.0,0.08,0.06,0.0,255,6,0.02,0.07,0.0,0.0,0.0,0.0,1.0,1.0,anomaly,normal,anomaly
8945,0,tcp,netbios_ssn,S0,0,0,0,0,0,0,0,0,0,0,0,0,0,0,0,0,0,0,240,2,1.0,1.0,0.0,0.0,0.01,0.07,0.0,255,2,0.01,0.07,0.0,0.0,1.0,1.0,0.0,0.0,anomaly,normal,anomaly
7695,0,tcp,private,S0,0,0,0,0,0,0,0,0,0,0,0,0,0,0,0,0,0,0,57,20,1.0,1.0,0.0,0.0,0.35,0.05,0.0,255,18,0.07,0.06,0.0,0.0,1.0,1.0,0.0,0.0,anomaly,normal,anomaly
19837,0,tcp,private,RSTR,0,0,0,0,0,0,0,0,0,0,0,0,0,0,0,0,0,0,1,1,0.0,0.0,1.0,1.0,1.0,0.0,0.0,255,1,0.0,0.91,0.9,0.0,0.0,0.0,0.9,1.0,anomaly,normal,anomaly
18923,0,tcp,finger,S0,0,0,0,0,0,0,0,0,0,0,0,0,0,0,0,0,0,0,299,19,1.0,1.0,0.0,0.0,0.06,0.06,0.0,255,7,0.03,0.07,0.0,0.0,1.0,1.0,0.0,0.0,anomaly,normal,anomaly
3314,12705,udp,other,SF,147,105,0,0,0,0,0,0,0,0,0,0,0,0,0,0,0,0,1,1,0.0,0.0,0.0,0.0,1.0,0.0,0.0,255,1,0.0,0.77,1.0,0.0,0.0,0.0,0.0,0.0,normal,anomaly,normal
23766,0,tcp,courier,REJ,0,0,0,0,0,0,0,0,0,0,0,0,0,0,0,0,0,0,110,4,0.0,0.0,1.0,1.0,0.04,0.07,0.0,255,4,0.02,0.08,0.0,0.0,0.0,0.0,1.0,1.0,anomaly,normal,anomaly
4082,0,tcp,private,REJ,0,0,0,0,0,0,0,0,0,0,0,0,0,0,0,0,0,0,187,17,0.0,0.0,1.0,1.0,0.09,0.06,0.0,255,17,0.07,0.06,0.0,0.0,0.0,0.0,1.0,1.0,anomaly,normal,anomaly
16285,0,tcp,private,S0,0,0,0,0,0,0,0,0,0,0,0,0,0,0,0,0,0,0,133,22,1.0,1.0,0.0,0.0,0.17,0.05,0.0,255,4,0.02,0.06,0.0,0.0,1.0,1.0,0.0,0.0,anomaly,normal,anomaly
13504,0,icmp,eco_i,SF,8,0,0,0,0,0,0,0,0,0,0,0,0,0,0,0,0,0,1,29,0.0,0.0,0.0,0.0,1.0,0.0,1.0,1,86,1.0,0.0,1.0,0.51,0.0,0.0,0.0,0.0,anomaly,normal,anomaly
7241,0,tcp,private,S0,0,0,0,0,0,0,0,0,0,0,0,0,0,0,0,0,0,0,211,18,1.0,1.0,0.0,0.0,0.09,0.06,0.0,255,15,0.06,0.06,0.0,0.0,1.0,1.0,0.0,0.0,anomaly,normal,anomaly
9244,0,tcp,http_443,S0,0,0,0,0,0,0,0,0,0,0,0,0,0,0,0,0,0,0,136,13,1.0,1.0,0.0,0.0,0.1,0.07,0.0,255,13,0.05,0.06,0.0,0.0,1.0,1.0,0.0,0.0,anomaly,normal,anomaly
1611,0,icmp,eco_i,SF,8,0,0,0,0,0,0,0,0,0,0,0,0,0,0,0,0,0,1,27,0.0,0.0,0.0,0.0,1.0,0.0,1.0,1,255,1.0,0.0,1.0,0.5,0.0,0.0,0.0,0.0,anomaly,normal,anomaly
991,0,tcp,ctf,S0,0,0,0,0,0,0,0,0,0,0,0,0,0,0,0,0,0,0,270,7,1.0,1.0,0.0,0.0,0.03,0.06,0.0,255,7,0.03,0.08,0.0,0.0,1.0,1.0,0.0,0.0,anomaly,normal,anomaly
8974,0,tcp,private,S0,0,0,0,0,0,0,0,0,0,0,0,0,0,0,0,0,0,0,78,5,1.0,1.0,0.0,0.0,0.06,0.06,0.0,255,19,0.07,0.07,0.0,0.0,1.0,1.0,0.0,0.0,anomaly,normal,anomaly
21927,0,tcp,finger,S0,0,0,0,0,0,0,0,0,0,0,0,0,0,0,0,0,0,0,36,16,1.0,1.0,0.0,0.0,0.44,0.06,0.0,78,20,0.21,0.05,0.03,0.1,0.97,0.8,0.0,0.0,anomaly,normal,anomaly
20653,0,tcp,time,S0,0,0,0,0,0,0,0,0,0,0,0,0,0,0,0,0,0,0,231,19,1.0,1.0,0.0,0.0,0.08,0.06,0.0,255,17,0.07,0.07,0.0,0.0,1.0,1.0,0.0,0.0,anomaly,normal,anomaly
15421,0,tcp,http,REJ,0,0,0,0,0,0,0,0,0,0,0,0,0,0,0,0,0,0,1,1,0.0,0.0,1.0,1.0,1.0,0.0,0.0,61,2,0.02,1.0,0.02,1.0,0.0,0.0,0.95,1.0,anomaly,normal,anomaly
19383,0,tcp,private,REJ,0,0,0,0,0,0,0,0,0,0,0,0,0,0,0,0,0,0,85,17,0.0,0.0,1.0,1.0,0.2,0.07,0.0,255,17,0.07,0.06,0.0,0.0,0.0,0.0,1.0,1.0,anomaly,normal,anomaly
16948,0,tcp,private,REJ,0,0,0,0,0,0,0,0,0,0,0,0,0,0,0,0,0,0,256,19,0.0,0.0,1.0,1.0,0.07,0.06,0.0,255,19,0.07,0.09,0.0,0.0,0.0,0.0,1.0,1.0,anomaly,normal,anomaly
18933,0,tcp,http,S0,0,0,0,0,0,0,0,0,0,0,0,0,0,0,0,0,0,0,298,49,1.0,0.41,0.0,0.0,0.07,0.06,0.06,255,20,0.08,0.08,0.0,0.0,1.0,1.0,0.0,0.0,anomaly,normal,anomaly
25189,0,tcp,private,REJ,0,0,0,0,0,0,0,0,0,0,0,0,0,0,0,0,0,0,105,7,0.0,0.0,1.0,1.0,0.07,0.07,0.0,255,13,0.05,0.07,0.0,0.0,0.0,0.0,1.0,1.0,anomaly,normal,anomaly
15406,0,icmp,eco_i,SF,18,0,0,0,0,0,0,0,0,0,0,0,0,0,0,0,0,0,1,1,0.0,0.0,0.0,0.0,1.0,0.0,0.0,1,143,1.0,0.0,1.0,1.0,0.0,0.0,0.0,0.0,anomaly,normal,anomaly
10223,0,tcp,private,S0,0,0,0,0,0,0,0,0,0,0,0,0,0,0,0,0,0,0,14,1,1.0,1.0,0.0,0.0,0.07,0.36,0.0,255,1,0.0,0.09,0.0,0.0,1.0,1.0,0.0,0.0,anomaly,normal,anomaly
19230,0,udp,other,SF,1,0,0,0,0,0,0,0,0,0,0,0,0,0,0,0,0,0,24,2,0.0,0.0,0.0,0.0,0.08,0.25,0.0,255,2,0.01,0.22,0.65,0.0,0.0,0.0,0.29,0.0,anomaly,normal,anomaly
2800,0,tcp,http,SF,54540,8314,0,0,0,2,0,1,1,0,0,0,0,0,0,0,0,0,2,2,0.0,0.0,0.0,0.0,1.0,0.0,0.0,171,171,1.0,0.0,0.01,0.0,0.0,0.0,0.01,0.01,anomaly,normal,anomaly
19277,5,tcp,http,SF,54540,8314,0,0,0,2,0,1,1,0,0,0,0,0,0,0,0,0,3,3,0.0,0.0,0.0,0.0,1.0,0.0,0.0,31,31,1.0,0.0,0.03,0.0,0.0,0.0,0.35,0.35,anomaly,normal,anomaly
13003,0,tcp,ctf,S0,0,0,0,0,0,0,0,0,0,0,0,0,0,0,0,0,0,0,286,4,1.0,1.0,0.0,0.0,0.01,0.06,0.0,255,5,0.02,0.08,0.0,0.0,1.0,1.0,0.0,0.0,anomaly,normal,anomaly
14493,0,tcp,private,S0,0,0,0,0,0,0,0,0,0,0,0,0,0,0,0,0,0,0,219,2,1.0,1.0,0.0,0.0,0.01,0.05,0.0,255,2,0.01,0.06,0.0,0.0,1.0,1.0,0.0,0.0,anomaly,normal,anomaly
24067,0,tcp,hostnames,REJ,0,0,0,0,0,0,0,0,0,0,0,0,0,0,0,0,0,0,272,8,0.0,0.0,1.0,1.0,0.03,0.06,0.0,255,8,0.03,0.08,0.0,0.0,0.0,0.0,1.0,1.0,anomaly,normal,anomaly
6403,0,tcp,sunrpc,S0,0,0,0,0,0,0,0,0,0,0,0,0,0,0,0,0,0,0,134,5,1.0,1.0,0.0,0.0,0.04,0.06,0.0,255,5,0.02,0.06,0.0,0.0,1.0,1.0,0.0,0.0,anomaly,normal,anomaly
4441,0,tcp,nnsp,S0,0,0,0,0,0,0,0,0,0,0,0,0,0,0,0,0,0,0,149,19,1.0,1.0,0.0,0.0,0.13,0.05,0.0,255,19,0.07,0.05,0.0,0.0,1.0,1.0,0.0,0.0,anomaly,normal,anomaly
24978,0,tcp,systat,S0,0,0,0,0,0,0,0,0,0,0,0,0,0,0,0,0,0,0,266,5,1.0,1.0,0.0,0.0,0.02,0.06,0.0,255,3,0.01,0.09,0.0,0.0,1.0,1.0,0.0,0.0,anomaly,normal,anomaly
9295,0,tcp,auth,S0,0,0,0,0,0,0,0,0,0,0,0,0,0,0,0,0,0,0,277,10,1.0,1.0,0.0,0.0,0.04,0.06,0.0,255,10,0.04,0.07,0.0,0.0,1.0,1.0,0.0,0.0,anomaly,normal,anomaly
8054,0,tcp,time,S0,0,0,0,0,0,0,0,0,0,0,0,0,0,0,0,0,0,0,283,3,1.0,1.0,0.0,0.0,0.01,0.06,0.0,255,3,0.01,0.07,0.0,0.0,1.0,1.0,0.0,0.0,anomaly,normal,anomaly
20019,0,tcp,klogin,REJ,0,0,0,0,0,0,0,0,0,0,0,0,0,0,0,0,0,0,112,19,0.0,0.0,1.0,1.0,0.17,0.07,0.0,255,19,0.07,0.06,0.0,0.0,0.0,0.0,1.0,1.0,anomaly,normal,anomaly
19053,13500,tcp,telnet,RSTO,125,10835,0,0,0,0,0,1,0,0,0,0,0,0,0,0,0,0,1,1,0.0,0.0,1.0,1.0,1.0,0.0,0.0,28,11,0.39,0.14,0.04,0.0,0.04,0.09,0.04,0.09,normal,anomaly,normal
4878,0,tcp,hostnames,REJ,0,0,0,0,0,0,0,0,0,0,0,0,0,0,0,0,0,0,300,20,0.0,0.0,1.0,1.0,0.07,0.06,0.0,255,20,0.08,0.08,0.0,0.0,0.0,0.0,1.0,1.0,anomaly,normal,anomaly
23886,0,tcp,private,S0,0,0,0,0,0,0,0,0,0,0,0,0,0,0,0,0,0,0,115,7,1.0,1.0,0.0,0.0,0.06,0.07,0.0,255,7,0.03,0.08,0.0,0.0,1.0,1.0,0.0,0.0,anomaly,normal,anomaly
22645,0,tcp,private,REJ,0,0,0,0,0,0,0,0,0,0,0,0,0,0,0,0,0,0,229,10,0.0,0.0,1.0,1.0,0.04,0.07,0.0,255,10,0.04,0.07,0.0,0.0,0.0,0.0,1.0,1.0,anomaly,normal,anomaly
5625,0,icmp,ecr_i,SF,1480,0,0,1,0,0,0,0,0,0,0,0,0,0,0,0,0,0,2,4,0.0,0.0,0.0,0.0,1.0,0.0,0.5,5,151,0.8,0.4,0.8,0.04,0.2,0.0,0.0,0.0,anomaly,normal,anomaly
10729,0,tcp,ssh,RSTR,0,0,0,0,0,0,0,0,0,0,0,0,0,0,0,0,0,0,1,1,0.0,0.0,1.0,1.0,1.0,0.0,0.0,70,1,0.01,0.34,0.31,0.0,0.09,0.0,0.31,1.0,anomaly,normal,anomaly
3565,0,tcp,name,S0,0,0,0,0,0,0,0,0,0,0,0,0,0,0,0,0,0,0,202,20,1.0,1.0,0.0,0.0,0.1,0.06,0.0,255,20,0.08,0.09,0.0,0.0,1.0,1.0,0.0,0.0,anomaly,normal,anomaly
8070,0,tcp,pop_2,REJ,0,0,0,0,0,0,0,0,0,0,0,0,0,0,0,0,0,0,201,10,0.0,0.0,1.0,1.0,0.05,0.06,0.0,255,10,0.04,0.07,0.0,0.0,0.0,0.0,1.0,1.0,anomaly,normal,anomaly
20326,0,tcp,private,REJ,0,0,0,0,0,0,0,0,0,0,0,0,0,0,0,0,0,0,103,2,0.0,0.0,1.0,1.0,0.02,0.07,0.0,28,2,0.07,0.14,0.04,0.0,0.0,0.0,1.0,1.0,anomaly,normal,anomaly
4001,0,tcp,name,REJ,0,0,0,0,0,0,0,0,0,0,0,0,0,0,0,0,0,0,232,18,0.0,0.0,1.0,1.0,0.08,0.07,0.0,255,18,0.07,0.08,0.0,0.0,0.0,0.0,1.0,1.0,anomaly,normal,anomaly
11762,0,tcp,Z39_50,S0,0,0,0,0,0,0,0,0,0,0,0,0,0,0,0,0,0,0,225,12,1.0,1.0,0.0,0.0,0.05,0.05,0.0,255,12,0.05,0.05,0.0,0.0,1.0,1.0,0.0,0.0,anomaly,normal,anomaly
3927,0,tcp,nnsp,REJ,0,0,0,0,0,0,0,0,0,0,0,0,0,0,0,0,0,0,139,19,0.0,0.0,1.0,1.0,0.14,0.06,0.0,255,19,0.07,0.06,0.0,0.0,0.0,0.0,1.0,1.0,anomaly,normal,anomaly
6789,0,tcp,private,S0,0,0,0,0,0,0,0,0,0,0,0,0,0,0,0,0,0,0,172,4,1.0,1.0,0.0,0.0,0.02,0.07,0.0,255,15,0.06,0.07,0.0,0.0,1.0,1.0,0.0,0.0,anomaly,normal,anomaly
13290,0,icmp,eco_i,SF,8,0,0,0,0,0,0,0,0,0,0,0,0,0,0,0,0,0,1,8,0.0,0.0,0.0,0.0,1.0,0.0,1.0,1,255,1.0,0.0,1.0,0.5,0.0,0.0,0.0,0.0,anomaly,normal,anomaly
9885,0,tcp,private,S0,0,0,0,0,0,0,0,0,0,0,0,0,0,0,0,0,0,0,217,6,1.0,1.0,0.0,0.0,0.03,0.05,0.0,255,6,0.02,0.05,0.0,0.0,1.0,1.0,0.0,0.0,anomaly,normal,anomaly
20135,0,tcp,exec,S0,0,0,0,0,0,0,0,0,0,0,0,0,0,0,0,0,0,0,118,6,1.0,1.0,0.0,0.0,0.05,0.06,0.0,255,13,0.05,0.06,0.0,0.0,1.0,1.0,0.0,0.0,anomaly,normal,anomaly
547,0,tcp,ldap,S0,0,0,0,0,0,0,0,0,0,0,0,0,0,0,0,0,0,0,124,2,1.0,1.0,0.0,0.0,0.02,0.07,0.0,255,2,0.01,0.07,0.0,0.0,1.0,1.0,0.0,0.0,anomaly,normal,anomaly
8939,0,icmp,eco_i,SF,8,0,0,0,0,0,0,0,0,0,0,0,0,0,0,0,0,0,1,8,0.0,0.0,0.0,0.0,1.0,0.0,1.0,4,44,1.0,0.0,1.0,0.25,0.0,0.0,0.0,0.0,anomaly,normal,anomaly
7109,0,tcp,private,S0,0,0,0,0,0,0,0,0,0,0,0,0,0,0,0,0,0,0,141,11,1.0,1.0,0.0,0.0,0.08,0.06,0.0,255,11,0.04,0.06,0.0,0.0,1.0,1.0,0.0,0.0,anomaly,normal,anomaly
22314,0,tcp,private,S0,0,0,0,0,0,0,0,0,0,0,0,0,0,0,0,0,0,0,134,18,1.0,1.0,0.0,0.0,0.13,0.06,0.0,255,7,0.03,0.06,0.0,0.0,1.0,1.0,0.0,0.0,anomaly,normal,anomaly
8763,0,tcp,private,REJ,0,0,0,0,0,0,0,0,0,0,0,0,0,0,0,0,0,0,109,1,0.0,0.0,1.0,1.0,0.01,0.08,0.0,255,1,0.0,0.08,0.0,0.0,0.0,0.0,1.0,1.0,anomaly,normal,anomaly
6960,0,tcp,csnet_ns,S0,0,0,0,0,0,0,0,0,0,0,0,0,0,0,0,0,0,0,118,20,1.0,1.0,0.0,0.0,0.17,0.06,0.0,255,15,0.06,0.07,0.0,0.0,1.0,1.0,0.0,0.0,anomaly,normal,anomaly
23778,0,tcp,auth,S0,0,0,0,0,0,0,0,0,0,0,0,0,0,0,0,0,0,0,234,3,1.0,1.0,0.0,0.0,0.01,0.06,0.0,255,19,0.07,0.06,0.0,0.0,1.0,1.0,0.0,0.0,anomaly,normal,anomaly
10287,0,udp,private,SF,215,0,0,0,0,0,0,0,0,0,0,0,0,0,0,0,0,0,1,1,0.0,0.0,0.0,0.0,1.0,0.0,0.0,213,181,0.85,0.01,0.85,0.0,0.0,0.0,0.0,0.0,anomaly,normal,anomaly
18754,0,tcp,supdup,S0,0,0,0,0,0,0,0,0,0,0,0,0,0,0,0,0,0,0,260,15,1.0,1.0,0.0,0.0,0.06,0.05,0.0,255,15,0.06,0.05,0.0,0.0,1.0,1.0,0.0,0.0,anomaly,normal,anomaly
18520,0,tcp,telnet,S0,0,0,0,0,0,0,0,0,0,0,0,0,0,0,0,0,0,0,16,3,1.0,1.0,0.0,0.0,0.19,0.25,0.0,255,63,0.25,0.02,0.0,0.0,1.0,1.0,0.0,0.0,anomaly,normal,anomaly
12777,0,tcp,ctf,S0,0,0,0,0,0,0,0,0,0,0,0,0,0,0,0,0,0,0,123,14,1.0,1.0,0.0,0.0,0.11,0.06,0.0,255,13,0.05,0.07,0.0,0.0,1.0,1.0,0.0,0.0,anomaly,normal,anomaly
10377,0,tcp,private,S0,0,0,0,0,0,0,0,0,0,0,0,0,0,0,0,0,0,0,173,1,1.0,1.0,0.0,0.0,0.01,0.06,0.0,255,15,0.06,0.08,0.0,0.0,1.0,1.0,0.0,0.0,anomaly,normal,anomaly
10929,0,tcp,auth,S0,0,0,0,0,0,0,0,0,0,0,0,0,0,0,0,0,0,0,205,3,1.0,1.0,0.0,0.0,0.01,0.06,0.0,255,3,0.01,0.06,0.0,0.0,1.0,1.0,0.0,0.0,anomaly,normal,anomaly
11928,0,tcp,ftp_data,REJ,0,0,0,0,0,0,0,0,0,0,0,0,0,0,0,0,0,0,223,13,0.0,0.0,1.0,1.0,0.06,0.07,0.0,255,13,0.05,0.08,0.0,0.0,0.0,0.0,1.0,1.0,anomaly,normal,anomaly
17968,0,tcp,private,S0,0,0,0,0,0,0,0,0,0,0,0,0,0,0,0,0,0,0,113,5,1.0,1.0,0.0,0.0,0.04,0.07,0.0,255,2,0.01,0.07,0.0,0.0,1.0,1.0,0.0,0.0,anomaly,normal,anomaly
15913,0,tcp,echo,S0,0,0,0,0,0,0,0,0,0,0,0,0,0,0,0,0,0,0,248,17,1.0,1.0,0.0,0.0,0.07,0.05,0.0,255,17,0.07,0.06,0.0,0.0,1.0,1.0,0.0,0.0,anomaly,normal,anomaly
14543,0,tcp,private,S0,0,0,0,0,0,0,0,0,0,0,0,0,0,0,0,0,0,0,85,8,1.0,1.0,0.0,0.0,0.09,0.06,0.0,255,9,0.04,0.06,0.0,0.0,1.0,1.0,0.0,0.0,anomaly,normal,anomaly
14455,0,icmp,eco_i,SF,8,0,0,0,0,0,0,0,0,0,0,0,0,0,0,0,0,0,1,9,0.0,0.0,0.0,0.0,1.0,0.0,1.0,4,64,1.0,0.0,1.0,0.25,0.0,0.0,0.0,0.0,anomaly,normal,anomaly
14629,0,tcp,finger,S0,0,0,0,0,0,0,0,0,0,0,0,0,0,0,0,0,0,0,74,19,1.0,1.0,0.0,0.0,0.26,0.05,0.0,156,41,0.25,0.03,0.01,0.05,0.99,0.95,0.0,0.0,anomaly,normal,anomaly
7167,0,tcp,telnet,S0,0,0,0,0,0,0,0,0,0,0,0,0,0,0,0,0,0,0,50,9,1.0,1.0,0.0,0.0,0.18,0.08,0.0,255,49,0.19,0.03,0.01,0.0,1.0,1.0,0.0,0.0,anomaly,normal,anomaly
22971,0,tcp,systat,S0,0,0,0,0,0,0,0,0,0,0,0,0,0,0,0,0,0,0,234,13,1.0,1.0,0.0,0.0,0.06,0.06,0.0,255,12,0.05,0.08,0.0,0.0,1.0,1.0,0.0,0.0,anomaly,normal,anomaly
2796,0,tcp,private,REJ,0,0,0,0,0,0,0,0,0,0,0,0,0,0,0,0,0,0,139,11,0.0,0.0,1.0,1.0,0.08,0.06,0.0,164,11,0.07,0.07,0.01,0.0,0.0,0.0,1.0,1.0,anomaly,normal,anomaly
5781,0,tcp,discard,S0,0,0,0,0,0,0,0,0,0,0,0,0,0,0,0,0,0,0,273,17,1.0,1.0,0.0,0.0,0.06,0.06,0.0,255,17,0.07,0.06,0.0,0.0,1.0,1.0,0.0,0.0,anomaly,normal,anomaly
16035,0,tcp,private,S0,0,0,0,0,0,0,0,0,0,0,0,0,0,0,0,0,0,0,120,6,1.0,1.0,0.0,0.0,0.05,0.05,0.0,255,6,0.02,0.06,0.0,0.0,1.0,1.0,0.0,0.0,anomaly,normal,anomaly
23207,0,tcp,telnet,S1,5386,391074,0,0,0,0,0,1,0,0,0,0,0,0,0,0,0,0,1,1,1.0,1.0,0.0,0.0,1.0,0.0,0.0,255,2,0.01,0.07,0.0,0.0,0.93,0.5,0.0,0.0,normal,anomaly,normal
18412,0,tcp,supdup,REJ,0,0,0,0,0,0,0,0,0,0,0,0,0,0,0,0,0,0,238,19,0.0,0.0,1.0,1.0,0.08,0.06,0.0,255,19,0.07,0.07,0.0,0.0,0.0,0.0,1.0,1.0,anomaly,normal,anomaly
21876,0,tcp,bgp,S0,0,0,0,0,0,0,0,0,0,0,0,0,0,0,0,0,0,0,234,16,1.0,1.0,0.0,0.0,0.07,0.06,0.0,255,12,0.05,0.08,0.0,0.0,1.0,1.0,0.0,0.0,anomaly,normal,anomaly
15757,0,udp,private,SF,28,0,0,3,0,0,0,0,0,0,0,0,0,0,0,0,0,0,58,58,0.0,0.0,0.0,0.0,1.0,0.0,0.0,255,25,0.1,0.01,0.1,0.0,0.0,0.0,0.0,0.0,anomaly,normal,anomaly
17959,0,tcp,private,REJ,0,0,0,0,0,0,0,0,0,0,0,0,0,0,0,0,0,0,35,12,0.0,0.0,1.0,1.0,0.34,0.09,0.0,255,9,0.04,0.07,0.0,0.0,0.0,0.0,1.0,1.0,anomaly,normal,anomaly
3046,0,tcp,private,REJ,0,0,0,0,0,0,0,0,0,0,0,0,0,0,0,0,0,0,282,13,0.0,0.0,1.0,1.0,0.05,0.06,0.0,255,13,0.05,0.06,0.0,0.0,0.0,0.0,1.0,1.0,anomaly,normal,anomaly
1677,0,tcp,gopher,S0,0,0,0,0,0,0,0,0,0,0,0,0,0,0,0,0,0,0,287,20,1.0,1.0,0.0,0.0,0.07,0.06,0.0,255,20,0.08,0.07,0.0,0.0,1.0,1.0,0.0,0.0,anomaly,normal,anomaly
23474,0,tcp,imap4,S0,0,0,0,0,0,0,0,0,0,0,0,0,0,0,0,0,0,0,258,6,1.0,1.0,0.0,0.0,0.02,0.07,0.0,255,6,0.02,0.07,0.0,0.0,1.0,1.0,0.0,0.0,anomaly,normal,anomaly
21980,0,udp,private,SF,1,0,0,0,0,0,0,0,0,0,0,0,0,0,0,0,0,0,78,51,0.0,0.0,0.0,0.0,0.65,0.05,0.0,255,113,0.44,0.05,1.0,0.0,0.0,0.0,0.0,0.0,anomaly,normal,anomaly
2593,0,tcp,private,S0,0,0,0,0,0,0,0,0,0,0,0,0,0,0,0,0,0,0,234,16,1.0,1.0,0.0,0.0,0.07,0.05,0.0,255,16,0.06,0.05,0.0,0.0,1.0,1.0,0.0,0.0,anomaly,normal,anomaly
2299,0,tcp,private,S0,0,0,0,0,0,0,0,0,0,0,0,0,0,0,0,0,0,0,171,1,1.0,1.0,0.0,0.0,0.01,0.06,0.0,255,1,0.0,0.05,0.0,0.0,1.0,1.0,0.0,0.0,anomaly,normal,anomaly
13563,0,tcp,ftp_data,S0,0,0,0,0,0,0,0,0,0,0,0,0,0,0,0,0,0,0,78,20,1.0,1.0,0.0,0.0,0.26,0.05,0.0,255,69,0.27,0.02,0.02,0.0,1.0,1.0,0.0,0.0,anomaly,normal,anomaly
15144,0,tcp,private,S0,0,0,0,0,0,0,0,0,0,0,0,0,0,0,0,0,0,0,228,20,1.0,1.0,0.0,0.0,0.09,0.05,0.0,255,20,0.08,0.06,0.0,0.0,1.0,1.0,0.0,0.0,anomaly,normal,anomaly
10389,0,tcp,bgp,S0,0,0,0,0,0,0,0,0,0,0,0,0,0,0,0,0,0,0,197,3,1.0,1.0,0.0,0.0,0.02,0.07,0.0,255,3,0.01,0.09,0.0,0.0,1.0,1.0,0.0,0.0,anomaly,normal,anomaly
2893,0,icmp,ecr_i,SF,1032,0,0,0,0,0,0,0,0,0,0,0,0,0,0,0,0,0,77,77,0.0,0.0,0.0,0.0,1.0,0.0,0.0,255,77,0.3,0.02,0.3,0.0,0.0,0.0,0.0,0.0,anomaly,normal,anomaly
10166,0,tcp,private,S0,0,0,0,0,0,0,0,0,0,0,0,0,0,0,0,0,0,0,230,15,1.0,1.0,0.0,0.0,0.07,0.06,0.0,255,15,0.06,0.06,0.0,0.0,1.0,1.0,0.0,0.0,anomaly,normal,anomaly
23704,0,tcp,private,REJ,0,0,0,0,0,0,0,0,0,0,0,0,0,0,0,0,0,0,105,1,0.0,0.0,1.0,1.0,0.01,0.09,0.0,255,1,0.0,0.07,0.0,0.0,0.0,0.0,1.0,1.0,anomaly,normal,anomaly
16989,0,tcp,ctf,S0,0,0,0,0,0,0,0,0,0,0,0,0,0,0,0,0,0,0,250,1,1.0,1.0,0.0,0.0,0.0,0.07,0.0,255,1,0.0,0.07,0.0,0.0,1.0,1.0,0.0,0.0,anomaly,normal,anomaly
5143,0,tcp,nnsp,S0,0,0,0,0,0,0,0,0,0,0,0,0,0,0,0,0,0,0,127,9,1.0,1.0,0.0,0.0,0.07,0.06,0.0,255,13,0.05,0.06,0.0,0.0,1.0,1.0,0.0,0.0,anomaly,normal,anomaly
2156,0,tcp,private,S0,0,0,0,0,0,0,0,0,0,0,0,0,0,0,0,0,0,0,62,1,1.0,1.0,0.0,0.0,0.02,0.08,0.0,255,15,0.06,0.08,0.0,0.0,1.0,1.0,0.0,0.0,anomaly,normal,anomaly
22829,0,tcp,csnet_ns,S0,0,0,0,0,0,0,0,0,0,0,0,0,0,0,0,0,0,0,205,14,1.0,1.0,0.0,0.0,0.07,0.06,0.0,255,14,0.05,0.08,0.0,0.0,1.0,1.0,0.0,0.0,anomaly,normal,anomaly
10335,0,tcp,private,S0,0,0,0,0,0,0,0,0,0,0,0,0,0,0,0,0,0,0,225,10,1.0,1.0,0.0,0.0,0.04,0.07,0.0,255,10,0.04,0.09,0.0,0.0,1.0,1.0,0.0,0.0,anomaly,normal,anomaly
10642,0,tcp,imap4,S0,0,0,0,0,0,0,0,0,0,0,0,0,0,0,0,0,0,0,227,18,1.0,1.0,0.0,0.0,0.08,0.06,0.0,255,18,0.07,0.06,0.0,0.0,1.0,1.0,0.0,0.0,anomaly,normal,anomaly
24268,0,udp,private,SF,1,0,0,0,0,0,0,0,0,0,0,0,0,0,0,0,0,0,156,146,0.0,0.0,0.0,0.0,0.94,0.01,0.0,255,208,0.82,0.03,1.0,0.0,0.0,0.0,0.0,0.0,anomaly,normal,anomaly
9126,6,tcp,private,RSTR,0,0,0,0,0,0,0,0,0,0,0,0,0,0,0,0,0,0,1,1,0.0,0.0,1.0,1.0,1.0,0.0,0.0,255,1,0.0,0.77,0.77,0.0,0.0,0.0,0.77,1.0,anomaly,normal,anomaly
24492,0,tcp,auth,S0,0,0,0,0,0,0,0,0,0,0,0,0,0,0,0,0,0,0,262,2,1.0,1.0,0.0,0.0,0.01,0.06,0.0,255,2,0.01,0.06,0.0,0.0,1.0,1.0,0.0,0.0,anomaly,normal,anomaly
20830,0,tcp,finger,S0,0,0,0,0,0,0,0,0,0,0,0,0,0,0,0,0,0,0,29,8,0.97,1.0,0.03,0.0,0.28,0.17,0.0,255,27,0.11,0.05,0.01,0.0,1.0,1.0,0.0,0.0,anomaly,normal,anomaly
12070,0,icmp,eco_i,SF,8,0,0,0,0,0,0,0,0,0,0,0,0,0,0,0,0,0,1,18,0.0,0.0,0.0,0.0,1.0,0.0,1.0,1,87,1.0,0.0,1.0,0.51,0.0,0.0,0.0,0.0,anomaly,normal,anomaly
13882,0,tcp,uucp,S0,0,0,0,0,0,0,0,0,0,0,0,0,0,0,0,0,0,0,123,18,1.0,1.0,0.0,0.0,0.15,0.06,0.0,255,18,0.07,0.06,0.0,0.0,1.0,1.0,0.0,0.0,anomaly,normal,anomaly
13074,0,tcp,uucp,RSTO,0,0,0,0,0,0,0,0,0,0,0,0,0,0,0,0,0,0,105,2,0.0,0.0,1.0,1.0,0.02,0.08,0.0,255,2,0.01,0.07,0.0,0.0,0.0,0.0,1.0,1.0,anomaly,normal,anomaly
11112,0,tcp,private,S0,0,0,0,0,0,0,0,0,0,0,0,0,0,0,0,0,0,0,171,9,1.0,1.0,0.0,0.0,0.05,0.06,0.0,255,9,0.04,0.05,0.0,0.0,1.0,1.0,0.0,0.0,anomaly,normal,anomaly
8902,0,tcp,private,S0,0,0,0,0,0,0,0,0,0,0,0,0,0,0,0,0,0,0,122,4,1.0,1.0,0.0,0.0,0.03,0.07,0.0,255,14,0.05,0.06,0.0,0.0,1.0,1.0,0.0,0.0,anomaly,normal,anomaly
17873,0,tcp,uucp,S0,0,0,0,0,0,0,0,0,0,0,0,0,0,0,0,0,0,0,119,10,1.0,1.0,0.0,0.0,0.08,0.06,0.0,255,10,0.04,0.05,0.0,0.0,1.0,1.0,0.0,0.0,anomaly,normal,anomaly
16514,0,udp,private,SF,1,0,0,0,0,0,0,0,0,0,0,0,0,0,0,0,0,0,3,3,0.0,0.0,0.0,0.0,1.0,0.0,0.0,255,34,0.13,0.45,0.67,0.0,0.03,0.0,0.3,0.0,anomaly,normal,anomaly
134,0,tcp,private,S0,0,0,0,0,0,0,0,0,0,0,0,0,0,0,0,0,0,0,123,7,1.0,1.0,0.0,0.0,0.06,0.06,0.0,255,7,0.03,0.08,0.0,0.0,1.0,1.0,0.0,0.0,anomaly,normal,anomaly
15368,0,tcp,private,REJ,0,0,0,0,0,0,0,0,0,0,0,0,0,0,0,0,0,0,191,1,0.1,0.0,0.89,1.0,0.01,1.0,0.0,255,1,0.0,0.88,0.0,0.0,0.07,0.0,0.68,1.0,anomaly,normal,anomaly
15861,0,tcp,http,REJ,0,0,0,0,0,0,0,0,0,0,0,0,0,0,0,0,0,0,254,6,0.0,0.0,1.0,1.0,0.02,0.07,0.0,255,6,0.02,0.08,0.0,0.0,0.0,0.0,1.0,1.0,anomaly,normal,anomaly
883,0,tcp,private,REJ,0,0,0,0,0,0,0,0,0,0,0,0,0,0,0,0,0,0,66,1,0.0,0.0,1.0,1.0,0.02,0.09,0.0,255,16,0.06,0.06,0.0,0.0,0.0,0.0,1.0,1.0,anomaly,normal,anomaly
8552,0,icmp,eco_i,SF,8,0,0,0,0,0,0,0,0,0,0,0,0,0,0,0,0,0,1,2,0.0,0.0,0.0,0.0,1.0,0.0,1.0,2,28,1.0,0.0,1.0,0.54,0.0,0.0,0.0,0.0,anomaly,normal,anomaly
14596,0,tcp,telnet,S0,0,0,0,0,0,0,0,0,0,0,0,0,0,0,0,0,0,0,15,6,1.0,1.0,0.0,0.0,0.4,0.13,0.0,255,46,0.18,0.04,0.01,0.0,1.0,1.0,0.0,0.0,anomaly,normal,anomaly
9434,0,icmp,ecr_i,SF,18,0,0,0,0,0,0,0,0,0,0,0,0,0,0,0,0,0,1,1,0.0,0.0,0.0,0.0,1.0,0.0,0.0,9,9,1.0,0.0,1.0,0.0,0.0,0.0,0.0,0.0,anomaly,normal,anomaly
3989,0,tcp,nnsp,S0,0,0,0,0,0,0,0,0,0,0,0,0,0,0,0,0,0,0,104,19,1.0,1.0,0.0,0.0,0.18,0.06,0.0,255,19,0.07,0.07,0.0,0.0,1.0,1.0,0.0,0.0,anomaly,normal,anomaly
6559,0,tcp,ldap,S0,0,0,0,0,0,0,0,0,0,0,0,0,0,0,0,0,0,0,96,9,1.0,1.0,0.0,0.0,0.09,0.06,0.0,255,10,0.04,0.07,0.0,0.0,1.0,1.0,0.0,0.0,anomaly,normal,anomaly
10243,0,tcp,private,S0,0,0,0,0,0,0,0,0,0,0,0,0,0,0,0,0,0,0,214,24,1.0,1.0,0.0,0.0,0.11,0.05,0.0,155,24,0.15,0.07,0.01,0.0,0.91,1.0,0.01,0.0,anomaly,normal,anomaly
11823,0,tcp,time,S0,0,0,0,0,0,0,0,0,0,0,0,0,0,0,0,0,0,0,270,21,1.0,1.0,0.0,0.0,0.08,0.05,0.0,255,21,0.08,0.05,0.0,0.0,1.0,1.0,0.0,0.0,anomaly,normal,anomaly
8017,0,tcp,telnet,S0,0,0,0,0,0,0,0,0,0,0,0,0,0,0,0,0,0,0,18,1,1.0,1.0,0.0,0.0,0.06,0.22,0.0,255,61,0.24,0.02,0.01,0.0,1.0,1.0,0.0,0.0,anomaly,normal,anomaly
8525,0,tcp,link,S0,0,0,0,0,0,0,0,0,0,0,0,0,0,0,0,0,0,0,283,13,1.0,1.0,0.0,0.0,0.05,0.06,0.0,255,13,0.05,0.07,0.0,0.0,1.0,1.0,0.0,0.0,anomaly,normal,anomaly
21087,0,tcp,private,RSTR,0,0,0,0,0,0,0,0,0,0,0,0,0,0,0,0,0,0,1,1,0.0,0.0,1.0,1.0,1.0,0.0,0.0,147,1,0.01,0.67,0.67,0.0,0.04,0.0,0.64,1.0,anomaly,normal,anomaly
6947,590,tcp,other,RSTR,1,0,0,0,0,0,0,0,0,0,0,0,0,0,0,0,0,0,2,2,0.0,0.0,1.0,1.0,1.0,0.0,0.0,255,2,0.01,0.73,1.0,0.0,0.0,0.0,1.0,1.0,anomaly,normal,anomaly
8240,0,icmp,eco_i,SF,8,0,0,0,0,0,0,0,0,0,0,0,0,0,0,0,0,0,1,3,0.0,0.0,0.0,0.0,1.0,0.0,1.0,2,30,1.0,0.0,1.0,0.5,0.0,0.0,0.0,0.0,anomaly,normal,anomaly
15883,0,tcp,private,S0,0,0,0,0,0,0,0,0,0,0,0,0,0,0,0,0,0,0,193,19,0.62,1.0,0.0,0.0,0.1,0.04,0.0,255,2,0.01,0.06,0.0,0.0,1.0,1.0,0.0,0.0,anomaly,normal,anomaly
7840,0,icmp,ecr_i,SF,520,0,0,0,0,0,0,0,0,0,0,0,0,0,0,0,0,0,406,406,0.0,0.0,0.0,0.0,1.0,0.0,0.0,255,255,1.0,0.0,1.0,0.0,0.0,0.0,0.0,0.0,anomaly,normal,anomaly
7585,0,tcp,finger,SF,0,0,0,0,0,0,0,0,0,0,0,0,0,0,0,0,0,0,1,1,0.0,0.0,0.0,0.0,1.0,0.0,0.0,60,5,0.02,1.0,0.02,0.4,0.0,0.0,0.92,0.0,anomaly,normal,anomaly
1227,0,tcp,http,S0,0,0,0,0,0,0,0,0,0,0,0,0,0,0,0,0,0,0,19,8,1.0,1.0,0.0,0.0,0.42,0.21,0.0,255,67,0.26,0.02,0.01,0.0,1.0,1.0,0.0,0.0,anomaly,normal,anomaly
14807,0,tcp,private,S0,0,0,0,0,0,0,0,0,0,0,0,0,0,0,0,0,0,0,104,7,1.0,1.0,0.0,0.0,0.07,0.07,0.0,255,2,0.01,0.07,0.0,0.0,1.0,1.0,0.0,0.0,anomaly,normal,anomaly
9906,0,tcp,private,S0,0,0,0,0,0,0,0,0,0,0,0,0,0,0,0,0,0,0,131,16,1.0,1.0,0.0,0.0,0.12,0.05,0.0,255,12,0.05,0.07,0.0,0.0,1.0,1.0,0.0,0.0,anomaly,normal,anomaly
2645,0,tcp,finger,S0,0,0,0,0,0,0,0,0,0,0,0,0,0,0,0,0,0,0,285,19,1.0,1.0,0.0,0.0,0.07,0.06,0.0,255,19,0.07,0.08,0.0,0.0,1.0,1.0,0.0,0.0,anomaly,normal,anomaly
5536,0,tcp,private,RSTR,0,0,0,0,0,0,0,0,0,0,0,0,0,0,0,0,0,0,1,1,0.0,0.0,1.0,1.0,1.0,0.0,0.0,163,1,0.01,0.4,0.4,0.0,0.0,0.0,0.39,1.0,anomaly,normal,anomaly
19288,0,tcp,imap4,S0,0,0,0,0,0,0,0,0,0,0,0,0,0,0,0,0,0,0,238,2,1.0,1.0,0.0,0.0,0.01,0.07,0.0,255,2,0.01,0.07,0.0,0.0,1.0,1.0,0.0,0.0,anomaly,normal,anomaly
170,0,tcp,gopher,S0,0,0,0,0,0,0,0,0,0,0,0,0,0,0,0,0,0,0,44,12,1.0,1.0,0.0,0.0,0.27,0.11,0.0,255,12,0.05,0.08,0.0,0.0,1.0,1.0,0.0,0.0,anomaly,normal,anomaly
13326,0,tcp,private,S0,0,0,0,0,0,0,0,0,0,0,0,0,0,0,0,0,0,0,9,2,1.0,1.0,0.0,0.0,0.22,0.33,0.0,255,2,0.01,0.09,0.0,0.0,1.0,1.0,0.0,0.0,anomaly,normal,anomaly
14392,0,tcp,telnet,S0,0,0,0,0,0,0,0,0,0,0,0,0,0,0,0,0,0,0,234,15,1.0,1.0,0.0,0.0,0.06,0.06,0.0,255,15,0.06,0.06,0.0,0.0,1.0,1.0,0.0,0.0,anomaly,normal,anomaly
9105,0,tcp,discard,S0,0,0,0,0,0,0,0,0,0,0,0,0,0,0,0,0,0,0,127,19,1.0,1.0,0.0,0.0,0.15,0.06,0.0,255,13,0.05,0.07,0.0,0.0,1.0,1.0,0.0,0.0,anomaly,normal,anomaly
11908,0,tcp,private,REJ,0,0,0,0,0,0,0,0,0,0,0,0,0,0,0,0,0,0,263,4,0.0,0.0,1.0,1.0,0.02,0.06,0.0,255,4,0.02,0.06,0.0,0.0,0.0,0.0,1.0,1.0,anomaly,normal,anomaly
4408,0,tcp,telnet,S0,0,0,0,0,0,0,0,0,0,0,0,0,0,0,0,0,0,0,4,4,1.0,1.0,0.0,0.0,1.0,0.0,0.0,86,46,0.53,0.02,0.01,0.0,0.98,0.96,0.0,0.0,anomaly,normal,anomaly
19775,0,tcp,private,S0,0,0,0,0,0,0,0,0,0,0,0,0,0,0,0,0,0,0,272,7,1.0,1.0,0.0,0.0,0.03,0.06,0.0,255,7,0.03,0.09,0.0,0.0,1.0,1.0,0.0,0.0,anomaly,normal,anomaly
13892,0,tcp,telnet,S0,0,0,0,0,0,0,0,0,0,0,0,0,0,0,0,0,0,0,78,12,1.0,1.0,0.0,0.0,0.15,0.05,0.0,255,12,0.05,0.07,0.0,0.0,1.0,1.0,0.0,0.0,anomaly,normal,anomaly
2983,0,tcp,private,S0,0,0,0,0,0,0,0,0,0,0,0,0,0,0,0,0,0,0,199,20,1.0,1.0,0.0,0.0,0.1,0.07,0.0,255,20,0.08,0.06,0.0,0.0,1.0,1.0,0.0,0.0,anomaly,normal,anomaly
21677,0,icmp,eco_i,SF,8,0,0,0,0,0,0,0,0,0,0,0,0,0,0,0,0,0,1,19,0.0,0.0,0.0,0.0,1.0,0.0,1.0,2,129,1.0,0.0,1.0,0.5,0.0,0.0,0.0,0.0,anomaly,normal,anomaly
21315,0,tcp,supdup,S0,0,0,0,0,0,0,0,0,0,0,0,0,0,0,0,0,0,0,299,25,1.0,1.0,0.0,0.0,0.08,0.05,0.0,255,25,0.1,0.05,0.0,0.0,1.0,1.0,0.0,0.0,anomaly,normal,anomaly
14531,0,tcp,courier,S0,0,0,0,0,0,0,0,0,0,0,0,0,0,0,0,0,0,0,101,7,1.0,1.0,0.0,0.0,0.07,0.06,0.0,255,7,0.03,0.07,0.0,0.0,1.0,1.0,0.0,0.0,anomaly,normal,anomaly
21756,0,tcp,courier,S0,0,0,0,0,0,0,0,0,0,0,0,0,0,0,0,0,0,0,126,5,1.0,1.0,0.0,0.0,0.04,0.07,0.0,255,1,0.0,0.07,0.0,0.0,1.0,1.0,0.0,0.0,anomaly,normal,anomaly
22491,0,tcp,private,S0,0,0,0,0,0,0,0,0,0,0,0,0,0,0,0,0,0,0,245,17,1.0,1.0,0.0,0.0,0.07,0.06,0.0,255,3,0.01,0.07,0.0,0.0,1.0,1.0,0.0,0.0,anomaly,normal,anomaly
21611,0,tcp,daytime,S0,0,0,0,0,0,0,0,0,0,0,0,0,0,0,0,0,0,0,146,6,1.0,1.0,0.0,0.0,0.04,0.08,0.0,255,6,0.02,0.07,0.0,0.0,1.0,1.0,0.0,0.0,anomaly,normal,anomaly
17880,0,tcp,private,S0,0,0,0,0,0,0,0,0,0,0,0,0,0,0,0,0,0,0,139,18,0.99,1.0,0.0,0.0,0.13,0.06,0.0,255,18,0.07,0.05,0.0,0.0,1.0,1.0,0.0,0.0,anomaly,normal,anomaly
25009,0,tcp,finger,S0,0,0,0,0,0,0,0,0,0,0,0,0,0,0,0,0,0,0,214,20,1.0,1.0,0.0,0.0,0.09,0.07,0.0,255,20,0.08,0.07,0.0,0.0,1.0,1.0,0.0,0.0,anomaly,normal,anomaly
23336,0,tcp,other,SF,334,0,0,0,0,0,0,1,0,0,0,0,0,0,0,0,0,0,1,1,0.0,0.0,0.0,0.0,1.0,0.0,0.0,5,1,0.2,0.4,1.0,0.0,0.0,0.0,0.0,0.0,anomaly,normal,anomaly
6359,0,tcp,private,S0,0,0,0,0,0,0,0,0,0,0,0,0,0,0,0,0,0,0,213,7,1.0,1.0,0.0,0.0,0.03,0.08,0.0,255,7,0.03,0.09,0.0,0.0,1.0,1.0,0.0,0.0,anomaly,normal,anomaly
13521,0,udp,other,SF,1,0,0,0,0,0,0,0,0,0,0,0,0,0,0,0,0,0,14,2,0.0,0.0,0.0,0.0,0.14,0.29,0.0,255,2,0.01,0.26,0.76,0.0,0.0,0.0,0.21,0.0,anomaly,normal,anomaly
1439,0,tcp,courier,S0,0,0,0,0,0,0,0,0,0,0,0,0,0,0,0,0,0,0,125,6,1.0,1.0,0.0,0.0,0.05,0.06,0.0,255,6,0.02,0.06,0.0,0.0,1.0,1.0,0.0,0.0,anomaly,normal,anomaly
1540,0,tcp,http,SF,54540,8314,0,0,0,2,0,1,1,0,0,0,0,0,0,0,0,0,4,6,0.0,0.0,0.25,0.5,1.0,0.0,0.5,197,197,1.0,0.0,0.01,0.0,0.0,0.0,0.06,0.06,anomaly,normal,anomaly
17447,0,icmp,eco_i,SF,8,0,0,0,0,0,0,0,0,0,0,0,0,0,0,0,0,0,1,14,0.0,0.0,0.0,0.0,1.0,0.0,1.0,4,84,1.0,0.0,1.0,0.25,0.0,0.0,0.0,0.0,anomaly,normal,anomaly
16206,0,tcp,private,S0,0,0,0,0,0,0,0,0,0,0,0,0,0,0,0,0,0,0,106,1,1.0,1.0,0.0,0.0,0.01,0.07,0.0,52,1,0.02,0.12,0.02,0.0,1.0,1.0,0.0,0.0,anomaly,normal,anomaly
14256,0,tcp,telnet,S0,0,0,0,0,0,0,0,0,0,0,0,0,0,0,0,0,0,0,10,9,0.9,1.0,0.0,0.0,0.9,0.2,0.0,9,10,1.0,0.0,0.11,0.2,1.0,0.9,0.0,0.0,anomaly,normal,anomaly
8667,0,tcp,http,SF,54540,8314,0,0,0,2,0,1,1,0,0,0,0,0,0,0,0,0,4,4,0.0,0.0,0.25,0.25,1.0,0.0,0.0,69,69,1.0,0.0,0.01,0.0,0.0,0.0,0.19,0.19,anomaly,normal,anomaly
14569,0,udp,private,SF,215,0,0,0,0,0,0,0,0,0,0,0,0,0,0,0,0,0,1,1,0.0,0.0,0.0,0.0,1.0,0.0,0.0,165,141,0.85,0.01,0.85,0.0,0.0,0.0,0.0,0.0,anomaly,normal,anomaly
18866,0,tcp,discard,S0,0,0,0,0,0,0,0,0,0,0,0,0,0,0,0,0,0,0,268,9,1.0,1.0,0.0,0.0,0.03,0.06,0.0,255,9,0.04,0.07,0.0,0.0,1.0,1.0,0.0,0.0,anomaly,normal,anomaly
19275,0,tcp,private,REJ,0,0,0,0,0,0,0,0,0,0,0,0,0,0,0,0,0,0,2,1,0.0,0.0,1.0,1.0,0.5,1.0,0.0,255,1,0.0,0.56,0.51,0.0,0.02,0.0,0.52,1.0,anomaly,normal,anomaly
23018,0,icmp,eco_i,SF,8,0,0,0,0,0,0,0,0,0,0,0,0,0,0,0,0,0,1,33,0.0,0.0,0.0,0.0,1.0,0.0,1.0,1,169,1.0,0.0,1.0,0.5,0.0,0.0,0.0,0.0,anomaly,normal,anomaly
17723,0,icmp,eco_i,SF,8,0,0,0,0,0,0,0,0,0,0,0,0,0,0,0,0,0,1,7,0.0,0.0,0.0,0.0,1.0,0.0,1.0,2,58,1.0,0.0,1.0,0.26,0.0,0.0,0.0,0.0,anomaly,normal,anomaly
9371,0,tcp,ftp_data,S0,0,0,0,0,0,0,0,0,0,0,0,0,0,0,0,0,0,0,134,20,1.0,1.0,0.0,0.0,0.15,0.04,0.0,255,17,0.07,0.07,0.0,0.0,1.0,1.0,0.0,0.0,anomaly,normal,anomaly
6439,0,tcp,kshell,S0,0,0,0,0,0,0,0,0,0,0,0,0,0,0,0,0,0,0,136,25,1.0,1.0,0.0,0.0,0.18,0.05,0.0,255,25,0.1,0.05,0.0,0.0,1.0,1.0,0.0,0.0,anomaly,normal,anomaly
21979,0,tcp,finger,S0,0,0,0,0,0,0,0,0,0,0,0,0,0,0,0,0,0,0,49,11,1.0,1.0,0.0,0.0,0.22,0.08,0.0,255,63,0.25,0.02,0.01,0.0,1.0,1.0,0.0,0.0,anomaly,normal,anomaly
16500,0,tcp,ctf,REJ,0,0,0,0,0,0,0,0,0,0,0,0,0,0,0,0,0,0,227,10,0.0,0.0,1.0,1.0,0.04,0.07,0.0,255,10,0.04,0.07,0.0,0.0,0.0,0.0,1.0,1.0,anomaly,normal,anomaly
19000,0,tcp,telnet,S0,0,0,0,0,0,0,0,0,0,0,0,0,0,0,0,0,0,0,37,17,1.0,1.0,0.0,0.0,0.46,0.05,0.0,255,17,0.07,0.07,0.01,0.0,1.0,1.0,0.0,0.0,anomaly,normal,anomaly
18584,0,tcp,bgp,S0,0,0,0,0,0,0,0,0,0,0,0,0,0,0,0,0,0,0,91,11,1.0,1.0,0.0,0.0,0.12,0.07,0.0,255,3,0.01,0.08,0.0,0.0,1.0,1.0,0.0,0.0,anomaly,normal,anomaly
11170,0,tcp,nnsp,S0,0,0,0,0,0,0,0,0,0,0,0,0,0,0,0,0,0,0,98,12,1.0,1.0,0.0,0.0,0.12,0.06,0.0,255,12,0.05,0.05,0.0,0.0,1.0,1.0,0.0,0.0,anomaly,normal,anomaly
1768,0,tcp,http,S0,0,0,0,0,0,0,0,0,0,0,0,0,0,0,0,0,0,0,7,5,1.0,0.8,0.0,0.2,0.57,0.29,0.4,167,44,0.26,0.02,0.01,0.0,1.0,1.0,0.0,0.0,anomaly,normal,anomaly
209,0,tcp,netbios_ns,S0,0,0,0,0,0,0,0,0,0,0,0,0,0,0,0,0,0,0,124,19,1.0,1.0,0.0,0.0,0.15,0.05,0.0,255,19,0.07,0.05,0.0,0.0,1.0,1.0,0.0,0.0,anomaly,normal,anomaly
9296,0,tcp,discard,RSTO,0,0,0,0,0,0,0,0,0,0,0,0,0,0,0,0,0,0,238,3,0.0,0.0,1.0,1.0,0.01,0.07,0.0,255,3,0.01,0.07,0.0,0.0,0.0,0.0,1.0,1.0,anomaly,normal,anomaly
715,0,tcp,private,S0,0,0,0,0,0,0,0,0,0,0,0,0,0,0,0,0,0,0,148,19,1.0,1.0,0.0,0.0,0.13,0.05,0.0,255,37,0.15,0.05,0.0,0.0,1.0,1.0,0.0,0.0,anomaly,normal,anomaly
10296,0,tcp,gopher,S0,0,0,0,0,0,0,0,0,0,0,0,0,0,0,0,0,0,0,254,2,1.0,1.0,0.0,0.0,0.01,0.06,0.0,255,19,0.07,0.08,0.0,0.0,1.0,1.0,0.0,0.0,anomaly,normal,anomaly
15381,0,icmp,ecr_i,SF,1480,0,0,1,0,0,0,0,0,0,0,0,0,0,0,0,0,0,2,4,0.0,0.0,0.0,0.0,1.0,0.0,0.5,2,151,1.0,0.0,1.0,0.12,0.0,0.0,0.0,0.0,anomaly,normal,anomaly
19246,0,udp,private,SF,1,0,0,0,0,0,0,0,0,0,0,0,0,0,0,0,0,0,4,4,0.0,0.0,0.0,0.0,1.0,0.0,0.0,255,4,0.02,0.98,0.03,0.0,0.13,0.0,0.85,0.0,anomaly,normal,anomaly
16265,0,tcp,whois,S0,0,0,0,0,0,0,0,0,0,0,0,0,0,0,0,0,0,0,251,20,1.0,1.0,0.0,0.0,0.08,0.06,0.0,255,20,0.08,0.07,0.0,0.0,1.0,1.0,0.0,0.0,anomaly,normal,anomaly
1474,0,tcp,courier,S0,0,0,0,0,0,0,0,0,0,0,0,0,0,0,0,0,0,0,110,6,1.0,1.0,0.0,0.0,0.05,0.06,0.0,255,6,0.02,0.06,0.0,0.0,1.0,1.0,0.0,0.0,anomaly,normal,anomaly
14526,0,icmp,eco_i,SF,8,0,0,0,0,0,0,0,0,0,0,0,0,0,0,0,0,0,1,32,0.0,0.0,0.0,0.0,1.0,0.0,1.0,1,87,1.0,0.0,1.0,0.51,0.0,0.0,0.0,0.0,anomaly,normal,anomaly
1693,0,icmp,eco_i,SF,8,0,0,0,0,0,0,0,0,0,0,0,0,0,0,0,0,0,1,11,0.0,0.0,0.0,0.0,1.0,0.0,1.0,2,255,1.0,0.0,1.0,0.5,0.0,0.0,0.0,0.0,anomaly,normal,anomaly
7012,0,tcp,finger,S0,0,0,0,0,0,0,0,0,0,0,0,0,0,0,0,0,0,0,2,1,1.0,1.0,0.0,0.0,0.5,1.0,0.0,162,45,0.25,0.02,0.01,0.04,1.0,0.91,0.0,0.0,anomaly,normal,anomaly
18205,0,tcp,private,S0,0,0,0,0,0,0,0,0,0,0,0,0,0,0,0,0,0,0,260,6,1.0,1.0,0.0,0.0,0.02,0.07,0.0,255,6,0.02,0.09,0.0,0.0,1.0,1.0,0.0,0.0,anomaly,normal,anomaly
8075,0,tcp,private,S0,0,0,0,0,0,0,0,0,0,0,0,0,0,0,0,0,0,0,133,11,1.0,1.0,0.0,0.0,0.08,0.08,0.0,255,14,0.05,0.07,0.0,0.0,1.0,1.0,0.0,0.0,anomaly,normal,anomaly
15839,0,tcp,nntp,S0,0,0,0,0,0,0,0,0,0,0,0,0,0,0,0,0,0,0,202,2,1.0,1.0,0.0,0.0,0.01,0.06,0.0,255,15,0.06,0.07,0.0,0.0,1.0,1.0,0.0,0.0,anomaly,normal,anomaly
15415,0,tcp,private,REJ,0,0,0,0,0,0,0,0,0,0,0,0,0,0,0,0,0,0,260,1,0.03,0.0,0.94,1.0,0.0,1.0,0.0,255,1,0.0,0.97,0.0,0.0,0.04,0.0,0.92,1.0,anomaly,normal,anomaly
14378,0,tcp,private,S0,0,0,0,0,0,0,0,0,0,0,0,0,0,0,0,0,0,0,103,7,1.0,1.0,0.0,0.0,0.07,0.06,0.0,255,11,0.04,0.06,0.0,0.0,1.0,1.0,0.0,0.0,anomaly,normal,anomaly
17722,0,tcp,netstat,S0,0,0,0,0,0,0,0,0,0,0,0,0,0,0,0,0,0,0,276,3,1.0,1.0,0.0,0.0,0.01,0.06,0.0,255,3,0.01,0.07,0.0,0.0,1.0,1.0,0.0,0.0,anomaly,normal,anomaly
16334,0,tcp,auth,S0,0,0,0,0,0,0,0,0,0,0,0,0,0,0,0,0,0,0,260,17,1.0,1.0,0.0,0.0,0.07,0.07,0.0,255,17,0.07,0.07,0.0,0.0,1.0,1.0,0.0,0.0,anomaly,normal,anomaly
18275,0,tcp,ftp_data,SF,334,0,0,0,0,0,0,1,0,0,0,0,0,0,0,0,0,0,1,1,0.0,0.0,0.0,0.0,1.0,0.0,0.0,1,27,1.0,0.0,1.0,0.15,0.0,0.0,0.0,0.0,anomaly,normal,anomaly
1426,0,tcp,private,S0,0,0,0,0,0,0,0,0,0,0,0,0,0,0,0,0,0,0,112,10,1.0,1.0,0.0,0.0,0.09,0.07,0.0,255,1,0.0,0.07,0.01,0.0,1.0,1.0,0.0,0.0,anomaly,normal,anomaly
8520,0,tcp,csnet_ns,S0,0,0,0,0,0,0,0,0,0,0,0,0,0,0,0,0,0,0,253,1,1.0,1.0,0.0,0.0,0.0,0.06,0.0,255,2,0.01,0.06,0.0,0.0,1.0,1.0,0.0,0.0,anomaly,normal,anomaly
24476,0,tcp,private,S0,0,0,0,0,0,0,0,0,0,0,0,0,0,0,0,0,0,0,113,7,1.0,1.0,0.0,0.0,0.06,0.07,0.0,112,7,0.06,0.09,0.01,0.0,1.0,1.0,0.0,0.0,anomaly,normal,anomaly
22453,0,tcp,ftp_data,S0,0,0,0,0,0,0,0,0,0,0,0,0,0,0,0,0,0,0,270,19,1.0,1.0,0.0,0.0,0.07,0.07,0.0,255,19,0.07,0.08,0.0,0.0,1.0,1.0,0.0,0.0,anomaly,normal,anomaly
15771,0,udp,private,SF,1,0,0,0,0,0,0,0,0,0,0,0,0,0,0,0,0,0,4,4,0.0,0.0,0.0,0.0,1.0,0.0,0.0,255,35,0.14,0.44,0.67,0.0,0.03,0.0,0.3,0.0,anomaly,normal,anomaly
7621,0,tcp,private,S0,0,0,0,0,0,0,0,0,0,0,0,0,0,0,0,0,0,0,216,16,1.0,1.0,0.0,0.0,0.07,0.06,0.0,255,14,0.05,0.07,0.0,0.0,1.0,1.0,0.0,0.0,anomaly,normal,anomaly
25004,0,tcp,discard,S0,0,0,0,0,0,0,0,0,0,0,0,0,0,0,0,0,0,0,230,22,1.0,1.0,0.0,0.0,0.1,0.05,0.0,255,22,0.09,0.05,0.0,0.0,1.0,1.0,0.0,0.0,anomaly,normal,anomaly
12049,0,tcp,uucp,RSTO,0,0,0,0,0,0,0,0,0,0,0,0,0,0,0,0,0,0,107,6,0.0,0.0,1.0,1.0,0.06,0.07,0.0,255,6,0.02,0.06,0.0,0.0,0.0,0.0,1.0,1.0,anomaly,normal,anomaly
18610,0,tcp,sql_net,S0,0,0,0,0,0,0,0,0,0,0,0,0,0,0,0,0,0,0,184,14,1.0,1.0,0.0,0.0,0.08,0.07,0.0,255,14,0.05,0.08,0.0,0.0,1.0,1.0,0.0,0.0,anomaly,normal,anomaly
1909,0,tcp,telnet,S0,0,0,0,0,0,0,0,0,0,0,0,0,0,0,0,0,0,0,7,7,1.0,1.0,0.0,0.0,1.0,0.0,0.0,49,29,0.59,0.04,0.02,0.0,0.96,0.93,0.0,0.0,anomaly,normal,anomaly
19370,0,tcp,private,REJ,0,0,0,0,0,0,0,0,0,0,0,0,0,0,0,0,0,0,321,1,0.03,0.0,0.95,1.0,0.0,1.0,0.0,255,1,0.0,1.0,0.0,0.0,0.04,0.0,0.96,1.0,anomaly,normal,anomaly
18260,0,icmp,eco_i,SF,8,0,0,0,0,0,0,0,0,0,0,0,0,0,0,0,0,0,1,14,0.0,0.0,0.0,0.0,1.0,0.0,1.0,1,3,1.0,0.0,1.0,0.67,0.0,0.0,0.0,0.0,anomaly,normal,anomaly
2230,0,udp,private,SF,1,0,0,0,0,0,0,0,0,0,0,0,0,0,0,0,0,0,12,2,0.0,0.0,0.0,0.0,0.17,0.67,0.0,255,2,0.01,0.26,1.0,0.0,0.0,0.0,0.0,0.0,anomaly,normal,anomaly
17712,0,tcp,http,SF,54540,8314,0,0,0,2,0,1,1,0,0,0,0,0,0,0,0,0,3,3,0.0,0.0,0.0,0.0,1.0,0.0,0.0,41,41,1.0,0.0,0.02,0.0,0.02,0.02,0.02,0.02,anomaly,normal,anomaly
509,0,tcp,private,RSTR,0,0,0,0,0,0,0,0,0,0,0,0,0,0,0,0,0,0,2,1,0.0,0.0,0.5,1.0,0.5,1.0,0.0,255,1,0.0,1.0,1.0,0.0,0.0,0.0,0.99,1.0,anomaly,normal,anomaly
1813,0,tcp,iso_tsap,S0,0,0,0,0,0,0,0,0,0,0,0,0,0,0,0,0,0,0,264,18,1.0,1.0,0.0,0.0,0.07,0.06,0.0,255,18,0.07,0.06,0.0,0.0,1.0,1.0,0.0,0.0,anomaly,normal,anomaly
20147,0,tcp,private,S0,0,0,0,0,0,0,0,0,0,0,0,0,0,0,0,0,0,0,103,2,1.0,1.0,0.0,0.0,0.02,0.07,0.0,255,16,0.06,0.07,0.0,0.0,1.0,1.0,0.0,0.0,anomaly,normal,anomaly
17531,0,tcp,hostnames,REJ,0,0,0,0,0,0,0,0,0,0,0,0,0,0,0,0,0,0,144,18,0.0,0.0,1.0,1.0,0.12,0.06,0.0,255,17,0.07,0.06,0.0,0.0,0.0,0.0,1.0,1.0,anomaly,normal,anomaly
15220,0,tcp,finger,S0,0,0,0,0,0,0,0,0,0,0,0,0,0,0,0,0,0,0,139,17,1.0,1.0,0.0,0.0,0.12,0.05,0.0,255,6,0.02,0.06,0.0,0.0,1.0,1.0,0.0,0.0,anomaly,normal,anomaly
11459,0,tcp,ftp_data,S0,0,0,0,0,0,0,0,0,0,0,0,0,0,0,0,0,0,0,31,6,1.0,1.0,0.0,0.0,0.19,0.13,0.0,255,65,0.25,0.03,0.01,0.0,1.0,1.0,0.0,0.0,anomaly,normal,anomaly
6552,0,icmp,eco_i,SF,8,0,0,0,0,0,0,0,0,0,0,0,0,0,0,0,0,0,1,19,0.0,0.0,0.0,0.0,1.0,0.0,1.0,1,67,1.0,0.0,1.0,0.51,0.0,0.0,0.0,0.0,anomaly,normal,anomaly
24024,0,tcp,private,S0,0,0,0,0,0,0,0,0,0,0,0,0,0,0,0,0,0,0,189,24,1.0,1.0,0.0,0.0,0.13,0.06,0.0,255,24,0.09,0.06,0.0,0.0,1.0,1.0,0.0,0.0,anomaly,normal,anomaly
467,0,tcp,vmnet,S0,0,0,0,0,0,0,0,0,0,0,0,0,0,0,0,0,0,0,197,2,1.0,1.0,0.0,0.0,0.01,0.07,0.0,255,2,0.01,0.08,0.0,0.0,1.0,1.0,0.0,0.0,anomaly,normal,anomaly
11338,0,tcp,klogin,S0,0,0,0,0,0,0,0,0,0,0,0,0,0,0,0,0,0,0,147,17,1.0,1.0,0.0,0.0,0.12,0.05,0.0,255,17,0.07,0.06,0.0,0.0,1.0,1.0,0.0,0.0,anomaly,normal,anomaly
310,0,tcp,uucp,S0,0,0,0,0,0,0,0,0,0,0,0,0,0,0,0,0,0,0,139,13,1.0,1.0,0.0,0.0,0.09,0.06,0.0,255,13,0.05,0.07,0.0,0.0,1.0,1.0,0.0,0.0,anomaly,normal,anomaly
10134,0,tcp,http_443,RSTR,0,0,0,0,0,0,0,0,0,0,0,0,0,0,0,0,0,0,1,1,0.0,0.0,1.0,1.0,1.0,0.0,0.0,255,1,0.0,1.0,1.0,0.0,0.0,0.0,1.0,1.0,anomaly,normal,anomaly
7588,0,tcp,http,S0,0,0,0,0,0,0,0,0,0,0,0,0,0,0,0,0,0,0,8,7,0.88,1.0,0.12,0.0,0.88,0.25,0.0,255,8,0.03,0.06,0.0,0.0,1.0,1.0,0.0,0.0,anomaly,normal,anomaly
15215,0,tcp,private,REJ,0,0,0,0,0,0,0,0,0,0,0,0,0,0,0,0,0,0,207,1,0.09,0.0,0.9,1.0,0.0,1.0,0.0,255,1,0.0,0.91,0.0,0.0,0.07,0.0,0.74,1.0,anomaly,normal,anomaly
19363,0,tcp,mtp,S0,0,0,0,0,0,0,0,0,0,0,0,0,0,0,0,0,0,0,242,6,1.0,1.0,0.0,0.0,0.02,0.07,0.0,255,6,0.02,0.08,0.0,0.0,1.0,1.0,0.0,0.0,anomaly,normal,anomaly
11071,0,icmp,ecr_i,SF,520,0,0,0,0,0,0,0,0,0,0,0,0,0,0,0,0,0,423,423,0.0,0.0,0.0,0.0,1.0,0.0,0.0,255,255,1.0,0.0,1.0,0.0,0.0,0.0,0.0,0.0,anomaly,normal,anomaly
5005,0,tcp,private,S0,0,0,0,0,0,0,0,0,0,0,0,0,0,0,0,0,0,0,30,4,1.0,1.0,0.0,0.0,0.13,0.17,0.0,255,8,0.03,0.08,0.0,0.0,1.0,1.0,0.0,0.0,anomaly,normal,anomaly
6322,0,tcp,private,S0,0,0,0,0,0,0,0,0,0,0,0,0,0,0,0,0,0,0,41,15,1.0,1.0,0.0,0.0,0.37,0.1,0.0,255,15,0.06,0.08,0.0,0.0,1.0,1.0,0.0,0.0,anomaly,normal,anomaly
24754,0,udp,private,SF,1,0,0,0,0,0,0,0,0,0,0,0,0,0,0,0,0,0,14,2,0.0,0.0,0.0,0.0,0.14,0.64,0.0,255,2,0.01,0.64,0.49,0.0,0.0,0.0,0.51,0.0,anomaly,normal,anomaly
21142,0,tcp,private,S0,0,0,0,0,0,0,0,0,0,0,0,0,0,0,0,0,0,0,114,4,1.0,1.0,0.0,0.0,0.04,0.07,0.0,255,4,0.02,0.06,0.0,0.0,1.0,1.0,0.0,0.0,anomaly,normal,anomaly
2901,0,icmp,eco_i,SF,8,0,0,0,0,0,0,0,0,0,0,0,0,0,0,0,0,0,1,8,0.0,0.0,0.0,0.0,1.0,0.0,1.0,2,30,1.0,0.0,1.0,0.5,0.0,0.0,0.0,0.0,anomaly,normal,anomaly
16944,0,tcp,nntp,RSTO,0,0,0,0,0,0,0,0,0,0,0,0,0,0,0,0,0,0,274,7,0.0,0.0,1.0,1.0,0.03,0.06,0.0,255,7,0.03,0.07,0.0,0.0,0.0,0.0,1.0,1.0,anomaly,normal,anomaly
6673,0,tcp,private,S0,0,0,0,0,0,0,0,0,0,0,0,0,0,0,0,0,0,0,272,7,1.0,1.0,0.0,0.0,0.03,0.06,0.0,255,7,0.03,0.08,0.0,0.0,1.0,1.0,0.0,0.0,anomaly,normal,anomaly
24112,0,tcp,domain,S0,0,0,0,0,0,0,0,0,0,0,0,0,0,0,0,0,0,0,294,16,1.0,1.0,0.0,0.0,0.05,0.06,0.0,255,13,0.05,0.06,0.0,0.0,1.0,1.0,0.0,0.0,anomaly,normal,anomaly
15011,0,tcp,ssh,S0,0,0,0,0,0,0,0,0,0,0,0,0,0,0,0,0,0,0,132,17,1.0,1.0,0.0,0.0,0.13,0.06,0.0,255,29,0.11,0.07,0.0,0.0,1.0,1.0,0.0,0.0,anomaly,normal,anomaly
19284,0,tcp,private,REJ,0,0,0,0,0,0,0,0,0,0,0,0,0,0,0,0,0,0,1,1,0.0,0.0,1.0,1.0,1.0,0.0,0.0,20,2,0.05,1.0,0.05,1.0,0.0,0.0,0.8,1.0,anomaly,normal,anomaly
23405,0,tcp,auth,S0,0,0,0,0,0,0,0,0,0,0,0,0,0,0,0,0,0,0,251,9,1.0,1.0,0.0,0.0,0.04,0.06,0.0,255,9,0.04,0.07,0.0,0.0,1.0,1.0,0.0,0.0,anomaly,normal,anomaly
12659,0,tcp,private,S0,0,0,0,0,0,0,0,0,0,0,0,0,0,0,0,0,0,0,125,18,1.0,1.0,0.0,0.0,0.14,0.07,0.0,255,17,0.07,0.06,0.0,0.0,1.0,1.0,0.0,0.0,anomaly,normal,anomaly
4979,0,tcp,http,S0,0,0,0,0,0,0,0,0,0,0,0,0,0,0,0,0,0,0,41,14,1.0,1.0,0.0,0.0,0.34,0.1,0.0,255,65,0.25,0.02,0.01,0.0,1.0,1.0,0.0,0.0,anomaly,normal,anomaly
24872,0,udp,private,SF,1,0,0,0,0,0,0,0,0,0,0,0,0,0,0,0,0,0,162,142,0.0,0.0,0.0,0.0,0.88,0.02,0.0,255,177,0.69,0.04,1.0,0.0,0.0,0.0,0.0,0.0,anomaly,normal,anomaly
13787,0,tcp,private,S0,0,0,0,0,0,0,0,0,0,0,0,0,0,0,0,0,0,0,119,6,1.0,1.0,0.0,0.0,0.05,0.06,0.0,255,20,0.08,0.07,0.0,0.0,1.0,1.0,0.0,0.0,anomaly,normal,anomaly
9557,0,tcp,domain,S0,0,0,0,0,0,0,0,0,0,0,0,0,0,0,0,0,0,0,273,3,1.0,1.0,0.0,0.0,0.01,0.06,0.0,255,4,0.02,0.06,0.0,0.0,1.0,1.0,0.0,0.0,anomaly,normal,anomaly
522,0,tcp,finger,S0,0,0,0,0,0,0,0,0,0,0,0,0,0,0,0,0,0,0,33,14,1.0,1.0,0.0,0.0,0.42,0.06,0.0,255,14,0.05,0.07,0.01,0.0,1.0,1.0,0.0,0.0,anomaly,normal,anomaly
10857,0,tcp,bgp,S0,0,0,0,0,0,0,0,0,0,0,0,0,0,0,0,0,0,0,126,11,1.0,1.0,0.0,0.0,0.09,0.07,0.0,255,11,0.04,0.07,0.0,0.0,1.0,1.0,0.0,0.0,anomaly,normal,anomaly
5250,0,tcp,sql_net,S0,0,0,0,0,0,0,0,0,0,0,0,0,0,0,0,0,0,0,292,17,1.0,1.0,0.0,0.0,0.06,0.05,0.0,255,17,0.07,0.06,0.0,0.0,1.0,1.0,0.0,0.0,anomaly,normal,anomaly
4257,0,tcp,uucp_path,S0,0,0,0,0,0,0,0,0,0,0,0,0,0,0,0,0,0,0,273,15,1.0,1.0,0.0,0.0,0.05,0.06,0.0,255,15,0.06,0.07,0.0,0.0,1.0,1.0,0.0,0.0,anomaly,normal,anomaly
3435,0,udp,private,SF,1,0,0,0,0,0,0,0,0,0,0,0,0,0,0,0,0,0,37,2,0.0,0.0,0.0,0.0,0.05,0.11,0.0,255,2,0.01,0.67,0.36,0.0,0.16,0.0,0.49,0.0,anomaly,normal,anomaly
2875,0,tcp,private,S0,0,0,0,0,0,0,0,0,0,0,0,0,0,0,0,0,0,0,285,18,1.0,1.0,0.0,0.0,0.06,0.05,0.0,255,15,0.06,0.07,0.0,0.0,1.0,1.0,0.0,0.0,anomaly,normal,anomaly
8991,0,tcp,time,S0,0,0,0,0,0,0,0,0,0,0,0,0,0,0,0,0,0,0,274,23,1.0,1.0,0.0,0.0,0.08,0.05,0.0,255,23,0.09,0.05,0.0,0.0,1.0,1.0,0.0,0.0,anomaly,normal,anomaly
17164,0,tcp,daytime,S0,0,0,0,0,0,0,0,0,0,0,0,0,0,0,0,0,0,0,201,4,1.0,1.0,0.0,0.0,0.02,0.05,0.0,255,4,0.02,0.05,0.0,0.0,1.0,1.0,0.0,0.0,anomaly,normal,anomaly
5359,12124,tcp,telnet,SF,165,7461,0,0,0,0,0,1,6,0,0,0,0,0,0,0,0,0,1,1,0.0,0.0,0.0,0.0,1.0,0.0,0.0,169,24,0.14,0.03,0.01,0.0,0.01,0.08,0.01,0.08,normal,anomaly,normal
3379,0,icmp,eco_i,SF,8,0,0,0,0,0,0,0,0,0,0,0,0,0,0,0,0,0,1,3,0.0,0.0,0.0,0.0,1.0,0.0,1.0,1,23,1.0,0.0,1.0,0.52,0.0,0.0,0.0,0.0,anomaly,normal,anomaly
12337,0,tcp,private,S0,0,0,0,0,0,0,0,0,0,0,0,0,0,0,0,0,0,0,125,6,1.0,1.0,0.0,0.0,0.05,0.06,0.0,255,1,0.0,0.07,0.0,0.0,1.0,1.0,0.0,0.0,anomaly,normal,anomaly
5260,0,tcp,gopher,S0,0,0,0,0,0,0,0,0,0,0,0,0,0,0,0,0,0,0,226,1,1.0,1.0,0.0,0.0,0.0,0.06,0.0,255,1,0.0,0.06,0.0,0.0,1.0,1.0,0.0,0.0,anomaly,normal,anomaly
19044,0,icmp,eco_i,SF,8,0,0,0,0,0,0,0,0,0,0,0,0,0,0,0,0,0,1,6,0.0,0.0,0.0,0.0,1.0,0.0,1.0,1,255,1.0,0.0,1.0,0.25,0.0,0.0,0.0,0.0,anomaly,normal,anomaly
9592,0,tcp,private,S0,0,0,0,0,0,0,0,0,0,0,0,0,0,0,0,0,0,0,69,4,1.0,1.0,0.0,0.0,0.06,0.07,0.0,255,19,0.07,0.06,0.0,0.0,1.0,1.0,0.0,0.0,anomaly,normal,anomaly
10185,0,tcp,whois,S0,0,0,0,0,0,0,0,0,0,0,0,0,0,0,0,0,0,0,192,2,1.0,1.0,0.0,0.0,0.01,0.06,0.0,255,2,0.01,0.07,0.0,0.0,1.0,1.0,0.0,0.0,anomaly,normal,anomaly
3025,0,tcp,ftp_data,S0,0,0,0,0,0,0,0,0,0,0,0,0,0,0,0,0,0,0,51,12,1.0,1.0,0.0,0.0,0.24,0.08,0.0,255,64,0.25,0.02,0.0,0.0,1.0,1.0,0.0,0.0,anomaly,normal,anomaly
7,0,tcp,private,S0,0,0,0,0,0,0,0,0,0,0,0,0,0,0,0,0,0,0,117,16,1.0,1.0,0.0,0.0,0.14,0.06,0.0,255,15,0.06,0.07,0.0,0.0,1.0,1.0,0.0,0.0,anomaly,normal,anomaly
5970,0,tcp,shell,S0,0,0,0,0,0,0,0,0,0,0,0,0,0,0,0,0,0,0,116,4,1.0,1.0,0.0,0.0,0.03,0.07,0.0,255,4,0.02,0.06,0.0,0.0,1.0,1.0,0.0,0.0,anomaly,normal,anomaly
7833,0,tcp,ftp_data,SF,334,0,0,0,0,0,0,1,0,0,0,0,0,0,0,0,0,0,1,1,0.0,0.0,0.0,0.0,1.0,0.0,0.0,3,41,1.0,0.0,1.0,0.15,0.0,0.0,0.0,0.0,anomaly,normal,anomaly
22629,0,tcp,nnsp,REJ,0,0,0,0,0,0,0,0,0,0,0,0,0,0,0,0,0,0,128,19,0.0,0.0,1.0,1.0,0.15,0.07,0.0,255,19,0.07,0.07,0.0,0.0,0.0,0.0,1.0,1.0,anomaly,normal,anomaly
10303,0,tcp,auth,S0,0,0,0,0,0,0,0,0,0,0,0,0,0,0,0,0,0,0,233,4,1.0,1.0,0.0,0.0,0.02,0.07,0.0,255,4,0.02,0.07,0.0,0.0,1.0,1.0,0.0,0.0,anomaly,normal,anomaly
8144,0,tcp,telnet,S0,0,0,0,0,0,0,0,0,0,0,0,0,0,0,0,0,0,0,235,14,1.0,1.0,0.0,0.0,0.06,0.06,0.0,255,15,0.06,0.07,0.0,0.0,1.0,1.0,0.0,0.0,anomaly,normal,anomaly
12515,0,tcp,domain,S0,0,0,0,0,0,0,0,0,0,0,0,0,0,0,0,0,0,0,237,1,1.0,1.0,0.0,0.0,0.0,0.06,0.0,255,1,0.0,0.06,0.0,0.0,1.0,1.0,0.0,0.0,anomaly,normal,anomaly
19596,0,tcp,private,S0,0,0,0,0,0,0,0,0,0,0,0,0,0,0,0,0,0,0,287,17,1.0,1.0,0.0,0.0,0.06,0.06,0.0,255,12,0.05,0.08,0.0,0.0,1.0,1.0,0.0,0.0,anomaly,normal,anomaly
12069,0,tcp,courier,S0,0,0,0,0,0,0,0,0,0,0,0,0,0,0,0,0,0,0,99,2,1.0,1.0,0.0,0.0,0.02,0.06,0.0,255,8,0.03,0.05,0.0,0.0,1.0,1.0,0.0,0.0,anomaly,normal,anomaly
13722,0,tcp,rje,S0,0,0,0,0,0,0,0,0,0,0,0,0,0,0,0,0,0,0,147,19,1.0,1.0,0.0,0.0,0.13,0.07,0.0,255,19,0.07,0.07,0.0,0.0,1.0,1.0,0.0,0.0,anomaly,normal,anomaly
1425,0,udp,private,SF,28,0,0,3,0,0,0,0,0,0,0,0,0,0,0,0,0,0,142,42,0.7,0.0,0.0,0.0,0.3,0.05,0.0,255,42,0.16,0.84,0.16,0.0,0.09,0.0,0.75,0.0,anomaly,normal,anomaly
7159,0,tcp,imap4,S0,0,0,0,0,0,0,0,0,0,0,0,0,0,0,0,0,0,0,149,12,1.0,1.0,0.0,0.0,0.08,0.07,0.0,255,12,0.05,0.07,0.0,0.0,1.0,1.0,0.0,0.0,anomaly,normal,anomaly
19640,0,tcp,telnet,S0,0,0,0,0,0,0,0,0,0,0,0,0,0,0,0,0,0,0,16,3,0.94,1.0,0.06,0.0,0.19,0.31,0.0,255,24,0.09,0.06,0.01,0.0,1.0,1.0,0.0,0.0,anomaly,normal,anomaly
14003,0,tcp,ftp_data,S0,0,0,0,0,0,0,0,0,0,0,0,0,0,0,0,0,0,0,73,16,0.97,1.0,0.03,0.0,0.22,0.08,0.0,255,36,0.14,0.04,0.01,0.0,1.0,1.0,0.0,0.0,anomaly,normal,anomaly
19838,0,tcp,private,S0,0,0,0,0,0,0,0,0,0,0,0,0,0,0,0,0,0,0,216,12,1.0,1.0,0.0,0.0,0.06,0.06,0.0,255,10,0.04,0.07,0.0,0.0,1.0,1.0,0.0,0.0,anomaly,normal,anomaly
16014,0,udp,private,SF,1,0,0,0,0,0,0,0,0,0,0,0,0,0,0,0,0,0,28,7,0.0,0.0,0.0,0.0,0.25,0.11,0.0,255,7,0.03,0.88,0.13,0.0,0.1,0.0,0.76,0.0,anomaly,normal,anomaly
3946,0,tcp,private,S0,0,0,0,0,0,0,0,0,0,0,0,0,0,0,0,0,0,0,207,14,1.0,1.0,0.0,0.0,0.07,0.06,0.0,255,16,0.06,0.07,0.0,0.0,1.0,1.0,0.0,0.0,anomaly,normal,anomaly
11480,0,tcp,whois,REJ,0,0,0,0,0,0,0,0,0,0,0,0,0,0,0,0,0,0,1,1,0.0,0.0,1.0,1.0,1.0,0.0,0.0,24,1,0.04,1.0,0.04,0.0,0.0,0.0,0.96,1.0,anomaly,normal,anomaly
2959,0,tcp,exec,S0,0,0,0,0,0,0,0,0,0,0,0,0,0,0,0,0,0,0,121,19,1.0,1.0,0.0,0.0,0.16,0.06,0.0,255,19,0.07,0.07,0.0,0.0,1.0,1.0,0.0,0.0,anomaly,normal,anomaly
8908,0,tcp,rje,S0,0,0,0,0,0,0,0,0,0,0,0,0,0,0,0,0,0,0,148,25,1.0,1.0,0.0,0.0,0.17,0.05,0.0,255,14,0.05,0.06,0.0,0.0,1.0,1.0,0.0,0.0,anomaly,normal,anomaly
37,0,tcp,supdup,S0,0,0,0,0,0,0,0,0,0,0,0,0,0,0,0,0,0,0,205,17,1.0,1.0,0.0,0.0,0.08,0.06,0.0,255,17,0.07,0.07,0.0,0.0,1.0,1.0,0.0,0.0,anomaly,normal,anomaly
6887,0,tcp,ftp_data,REJ,0,0,0,0,0,0,0,0,0,0,0,0,0,0,0,0,0,0,273,8,0.0,0.0,1.0,1.0,0.03,0.06,0.0,255,8,0.03,0.09,0.0,0.0,0.0,0.0,1.0,1.0,anomaly,normal,anomaly
5372,0,tcp,uucp,S0,0,0,0,0,0,0,0,0,0,0,0,0,0,0,0,0,0,0,148,18,1.0,1.0,0.0,0.0,0.12,0.06,0.0,255,20,0.08,0.05,0.0,0.0,1.0,1.0,0.0,0.0,anomaly,normal,anomaly
13307,0,tcp,discard,S0,0,0,0,0,0,0,0,0,0,0,0,0,0,0,0,0,0,0,208,9,1.0,1.0,0.0,0.0,0.04,0.06,0.0,255,10,0.04,0.07,0.0,0.0,1.0,1.0,0.0,0.0,anomaly,normal,anomaly
10536,0,tcp,iso_tsap,S0,0,0,0,0,0,0,0,0,0,0,0,0,0,0,0,0,0,0,254,1,1.0,1.0,0.0,0.0,0.0,0.07,0.0,255,1,0.0,0.07,0.0,0.0,1.0,1.0,0.0,0.0,anomaly,normal,anomaly
23153,0,tcp,courier,S0,0,0,0,0,0,0,0,0,0,0,0,0,0,0,0,0,0,0,110,16,1.0,1.0,0.0,0.0,0.15,0.05,0.0,255,12,0.05,0.07,0.0,0.0,1.0,1.0,0.0,0.0,anomaly,normal,anomaly
20558,0,tcp,netbios_ns,S0,0,0,0,0,0,0,0,0,0,0,0,0,0,0,0,0,0,0,239,7,1.0,1.0,0.0,0.0,0.03,0.07,0.0,255,7,0.03,0.08,0.0,0.0,1.0,1.0,0.0,0.0,anomaly,normal,anomaly
7482,0,tcp,supdup,S0,0,0,0,0,0,0,0,0,0,0,0,0,0,0,0,0,0,0,136,4,1.0,1.0,0.0,0.0,0.03,0.07,0.0,255,4,0.02,0.06,0.0,0.0,1.0,1.0,0.0,0.0,anomaly,normal,anomaly
14602,0,tcp,whois,S0,0,0,0,0,0,0,0,0,0,0,0,0,0,0,0,0,0,0,218,12,1.0,1.0,0.0,0.0,0.06,0.06,0.0,255,12,0.05,0.07,0.0,0.0,1.0,1.0,0.0,0.0,anomaly,normal,anomaly
21244,0,tcp,iso_tsap,S0,0,0,0,0,0,0,0,0,0,0,0,0,0,0,0,0,0,0,225,11,1.0,1.0,0.0,0.0,0.05,0.07,0.0,255,5,0.02,0.09,0.0,0.0,1.0,1.0,0.0,0.0,anomaly,normal,anomaly
17395,0,tcp,private,REJ,0,0,0,0,0,0,0,0,0,0,0,0,0,0,0,0,0,0,116,1,0.01,0.0,0.91,1.0,0.01,1.0,0.0,255,1,0.0,0.47,0.0,0.0,0.0,0.0,0.42,1.0,anomaly,normal,anomaly
19549,0,udp,private,SF,215,0,0,0,0,0,0,0,0,0,0,0,0,0,0,0,0,0,1,1,0.0,0.0,0.0,0.0,1.0,0.0,0.0,171,147,0.86,0.01,0.86,0.0,0.0,0.0,0.0,0.0,anomaly,normal,anomaly
22590,0,tcp,private,REJ,0,0,0,0,0,0,0,0,0,0,0,0,0,0,0,0,0,0,113,10,0.0,0.0,1.0,1.0,0.09,0.07,0.0,88,10,0.11,0.09,0.01,0.0,0.0,0.0,1.0,1.0,anomaly,normal,anomaly
19568,0,tcp,sql_net,S0,0,0,0,0,0,0,0,0,0,0,0,0,0,0,0,0,0,0,103,3,1.0,1.0,0.0,0.0,0.03,0.07,0.0,255,21,0.08,0.07,0.0,0.0,1.0,1.0,0.0,0.0,anomaly,normal,anomaly
13184,0,tcp,private,S0,0,0,0,0,0,0,0,0,0,0,0,0,0,0,0,0,0,0,192,11,1.0,1.0,0.0,0.0,0.06,0.07,0.0,255,20,0.08,0.06,0.0,0.0,1.0,1.0,0.0,0.0,anomaly,normal,anomaly
4043,0,tcp,iso_tsap,REJ,0,0,0,0,0,0,0,0,0,0,0,0,0,0,0,0,0,0,231,4,0.0,0.0,1.0,1.0,0.02,0.07,0.0,255,4,0.02,0.07,0.0,0.0,0.0,0.0,1.0,1.0,anomaly,normal,anomaly
20540,0,tcp,private,S0,0,0,0,0,0,0,0,0,0,0,0,0,0,0,0,0,0,0,271,18,1.0,1.0,0.0,0.0,0.07,0.04,0.0,255,18,0.07,0.05,0.0,0.0,1.0,1.0,0.0,0.0,anomaly,normal,anomaly
17913,0,tcp,supdup,S0,0,0,0,0,0,0,0,0,0,0,0,0,0,0,0,0,0,0,150,6,1.0,1.0,0.0,0.0,0.04,0.07,0.0,255,6,0.02,0.06,0.0,0.0,1.0,1.0,0.0,0.0,anomaly,normal,anomaly
4202,0,udp,private,SF,1,0,0,0,0,0,0,0,0,0,0,0,0,0,0,0,0,0,12,10,0.0,0.0,0.0,0.0,0.83,0.25,0.0,255,10,0.04,0.33,0.86,0.0,0.0,0.0,0.14,0.0,anomaly,normal,anomaly
4661,0,tcp,uucp,S0,0,0,0,0,0,0,0,0,0,0,0,0,0,0,0,0,0,0,126,2,1.0,1.0,0.0,0.0,0.02,0.06,0.0,255,7,0.03,0.06,0.0,0.0,1.0,1.0,0.0,0.0,anomaly,normal,anomaly
8827,0,tcp,efs,S0,0,0,0,0,0,0,0,0,0,0,0,0,0,0,0,0,0,0,118,3,1.0,1.0,0.0,0.0,0.03,0.06,0.0,255,3,0.01,0.06,0.0,0.0,1.0,1.0,0.0,0.0,anomaly,normal,anomaly
1624,0,icmp,eco_i,SF,8,0,0,0,0,0,0,0,0,0,0,0,0,0,0,0,0,0,1,36,0.0,0.0,0.0,0.0,1.0,0.0,1.0,1,137,1.0,0.0,1.0,0.5,0.0,0.0,0.0,0.0,anomaly,normal,anomaly
8764,0,tcp,ctf,S0,0,0,0,0,0,0,0,0,0,0,0,0,0,0,0,0,0,0,239,5,1.0,1.0,0.0,0.0,0.02,0.07,0.0,255,5,0.02,0.07,0.0,0.0,1.0,1.0,0.0,0.0,anomaly,normal,anomaly
7480,0,tcp,nnsp,S0,0,0,0,0,0,0,0,0,0,0,0,0,0,0,0,0,0,0,124,12,1.0,1.0,0.0,0.0,0.1,0.06,0.0,255,9,0.04,0.07,0.0,0.0,1.0,1.0,0.0,0.0,anomaly,normal,anomaly
7116,0,tcp,http,S0,0,0,0,0,0,0,0,0,0,0,0,0,0,0,0,0,0,0,9,10,1.0,0.9,0.0,0.1,1.0,0.0,0.2,9,9,1.0,0.0,0.11,0.0,1.0,1.0,0.0,0.0,anomaly,normal,anomaly
17084,5385,udp,other,SF,147,105,0,0,0,0,0,0,0,0,0,0,0,0,0,0,0,0,1,1,0.0,0.0,0.0,0.0,1.0,0.0,0.0,255,2,0.01,0.64,0.97,0.0,0.0,0.0,0.0,0.0,normal,anomaly,normal
1359,2,tcp,ftp,SF,1231,2451,0,0,0,28,0,1,0,0,0,0,0,0,0,0,0,1,1,1,0.0,0.0,0.0,0.0,1.0,0.0,0.0,210,38,0.18,0.02,0.0,0.0,0.0,0.0,0.01,0.0,anomaly,normal,anomaly
18805,0,tcp,iso_tsap,S0,0,0,0,0,0,0,0,0,0,0,0,0,0,0,0,0,0,0,227,20,1.0,1.0,0.0,0.0,0.09,0.05,0.0,255,20,0.08,0.06,0.0,0.0,1.0,1.0,0.0,0.0,anomaly,normal,anomaly
12970,0,tcp,vmnet,REJ,0,0,0,0,0,0,0,0,0,0,0,0,0,0,0,0,0,0,179,18,0.0,0.0,1.0,1.0,0.1,0.06,0.0,255,18,0.07,0.07,0.0,0.0,0.0,0.0,1.0,1.0,anomaly,normal,anomaly
9125,0,icmp,ecr_i,SF,520,0,0,0,0,0,0,0,0,0,0,0,0,0,0,0,0,0,232,232,0.0,0.0,0.0,0.0,1.0,0.0,0.0,255,255,1.0,0.0,1.0,0.0,0.0,0.0,0.0,0.0,anomaly,normal,anomaly
15808,2,tcp,ftp_data,SF,2194619,0,0,0,0,0,0,0,0,0,0,0,0,0,0,0,0,0,2,2,0.0,0.0,0.0,0.0,1.0,0.0,0.0,151,61,0.4,0.03,0.4,0.0,0.01,0.02,0.0,0.0,normal,anomaly,normal
23210,0,tcp,nntp,S0,0,0,0,0,0,0,0,0,0,0,0,0,0,0,0,0,0,0,193,18,1.0,1.0,0.0,0.0,0.09,0.06,0.0,255,18,0.07,0.07,0.0,0.0,1.0,1.0,0.0,0.0,anomaly,normal,anomaly
13069,10835,tcp,telnet,SF,76,1188,0,0,0,0,0,1,0,0,0,0,0,0,0,0,0,0,1,1,0.0,0.0,0.0,0.0,1.0,0.0,0.0,11,8,0.73,0.36,0.09,0.0,0.09,0.12,0.0,0.0,normal,anomaly,normal
17917,0,tcp,systat,S0,0,0,0,0,0,0,0,0,0,0,0,0,0,0,0,0,0,0,294,1,1.0,1.0,0.0,0.0,0.0,0.06,0.0,255,1,0.0,0.09,0.0,0.0,1.0,1.0,0.0,0.0,anomaly,normal,anomaly
20362,0,tcp,Z39_50,REJ,0,0,0,0,0,0,0,0,0,0,0,0,0,0,0,0,0,0,271,15,0.0,0.0,1.0,1.0,0.06,0.06,0.0,255,15,0.06,0.07,0.0,0.0,0.0,0.0,1.0,1.0,anomaly,normal,anomaly
22390,0,tcp,nnsp,S0,0,0,0,0,0,0,0,0,0,0,0,0,0,0,0,0,0,0,34,14,1.0,1.0,0.0,0.0,0.41,0.12,0.0,255,14,0.05,0.08,0.0,0.0,1.0,1.0,0.0,0.0,anomaly,normal,anomaly
25114,0,tcp,http_443,S0,0,0,0,0,0,0,0,0,0,0,0,0,0,0,0,0,0,0,296,13,1.0,1.0,0.0,0.0,0.04,0.05,0.0,255,13,0.05,0.05,0.0,0.0,1.0,1.0,0.0,0.0,anomaly,normal,anomaly
7176,0,udp,private,SF,28,0,0,3,0,0,0,0,0,0,0,0,0,0,0,0,0,0,56,56,0.0,0.0,0.0,0.0,1.0,0.0,0.0,255,56,0.22,0.01,0.22,0.0,0.0,0.0,0.0,0.0,anomaly,normal,anomaly
14864,0,tcp,private,S0,0,0,0,0,0,0,0,0,0,0,0,0,0,0,0,0,0,0,147,18,1.0,1.0,0.0,0.0,0.12,0.06,0.0,255,36,0.14,0.05,0.0,0.0,1.0,1.0,0.0,0.0,anomaly,normal,anomaly
7031,0,tcp,private,REJ,0,0,0,0,0,0,0,0,0,0,0,0,0,0,0,0,0,0,103,1,0.01,0.0,0.91,1.0,0.01,1.0,0.0,255,1,0.0,0.42,0.0,0.0,0.0,0.0,0.38,1.0,anomaly,normal,anomaly
10625,0,tcp,auth,S0,0,0,0,0,0,0,0,0,0,0,0,0,0,0,0,0,0,0,235,3,1.0,1.0,0.0,0.0,0.01,0.06,0.0,255,9,0.04,0.07,0.0,0.0,1.0,1.0,0.0,0.0,anomaly,normal,anomaly
11996,0,tcp,private,S0,0,0,0,0,0,0,0,0,0,0,0,0,0,0,0,0,0,0,106,2,1.0,1.0,0.0,0.0,0.02,0.06,0.0,255,2,0.01,0.06,0.0,0.0,1.0,1.0,0.0,0.0,anomaly,normal,anomaly
1495,0,tcp,private,S0,0,0,0,0,0,0,0,0,0,0,0,0,0,0,0,0,0,0,285,5,1.0,1.0,0.0,0.0,0.02,0.06,0.0,255,2,0.01,0.09,0.0,0.0,1.0,1.0,0.0,0.0,anomaly,normal,anomaly
11106,0,tcp,private,REJ,0,0,0,0,0,0,0,0,0,0,0,0,0,0,0,0,0,0,263,7,0.0,0.0,1.0,1.0,0.03,0.07,0.0,255,7,0.03,0.07,0.0,0.0,0.0,0.0,1.0,1.0,anomaly,normal,anomaly
12127,0,tcp,uucp,S0,0,0,0,0,0,0,0,0,0,0,0,0,0,0,0,0,0,0,125,5,1.0,1.0,0.0,0.0,0.04,0.06,0.0,255,5,0.02,0.05,0.0,0.0,1.0,1.0,0.0,0.0,anomaly,normal,anomaly
14794,0,tcp,private,REJ,0,0,0,0,0,0,0,0,0,0,0,0,0,0,0,0,0,0,288,16,0.0,0.0,1.0,1.0,0.06,0.06,0.0,255,16,0.06,0.06,0.0,0.0,0.0,0.0,1.0,1.0,anomaly,normal,anomaly
14564,0,tcp,private,S0,0,0,0,0,0,0,0,0,0,0,0,0,0,0,0,0,0,0,247,1,1.0,1.0,0.0,0.0,0.0,0.04,0.0,255,1,0.0,0.05,0.0,0.0,1.0,1.0,0.0,0.0,anomaly,normal,anomaly
10680,0,icmp,eco_i,SF,8,0,0,0,0,0,0,0,0,0,0,0,0,0,0,0,0,0,1,21,0.0,0.0,0.0,0.0,1.0,0.0,1.0,1,255,1.0,0.0,1.0,0.5,0.0,0.0,0.0,0.0,anomaly,normal,anomaly
15232,12,tcp,ftp_data,SF,7045,0,0,0,0,0,0,1,0,0,0,0,0,0,0,0,0,0,1,1,0.0,0.0,0.0,0.0,1.0,0.0,0.0,255,62,0.24,0.13,0.34,0.0,0.02,0.02,0.0,0.0,anomaly,normal,anomaly
8080,0,tcp,private,S0,0,0,0,0,0,0,0,0,0,0,0,0,0,0,0,0,0,0,118,6,1.0,1.0,0.0,0.0,0.05,0.06,0.0,255,26,0.1,0.05,0.0,0.0,1.0,1.0,0.0,0.0,anomaly,normal,anomaly
18404,0,tcp,private,REJ,0,0,0,0,0,0,0,0,0,0,0,0,0,0,0,0,0,0,295,1,0.0,0.0,1.0,1.0,0.0,0.53,0.0,255,1,0.0,0.52,1.0,0.0,0.0,0.0,1.0,1.0,anomaly,normal,anomaly
11385,0,tcp,sql_net,S0,0,0,0,0,0,0,0,0,0,0,0,0,0,0,0,0,0,0,246,15,1.0,1.0,0.0,0.0,0.06,0.07,0.0,255,15,0.06,0.08,0.0,0.0,1.0,1.0,0.0,0.0,anomaly,normal,anomaly
17123,0,icmp,ecr_i,SF,520,0,0,0,0,0,0,0,0,0,0,0,0,0,0,0,0,0,134,134,0.0,0.0,0.0,0.0,1.0,0.0,0.0,255,255,1.0,0.0,1.0,0.0,0.0,0.0,0.0,0.0,anomaly,normal,anomaly
6941,0,udp,private,SF,1,0,0,0,0,0,0,0,0,0,0,0,0,0,0,0,0,0,13,2,0.0,0.0,0.0,0.0,0.15,0.15,0.0,255,29,0.11,0.51,0.55,0.0,0.03,0.0,0.43,0.0,anomaly,normal,anomaly
4297,0,tcp,domain,S0,0,0,0,0,0,0,0,0,0,0,0,0,0,0,0,0,0,0,268,10,1.0,1.0,0.0,0.0,0.04,0.06,0.0,255,5,0.02,0.08,0.0,0.0,1.0,1.0,0.0,0.0,anomaly,normal,anomaly
6703,0,tcp,echo,S0,0,0,0,0,0,0,0,0,0,0,0,0,0,0,0,0,0,0,226,19,1.0,1.0,0.0,0.0,0.08,0.06,0.0,255,19,0.07,0.06,0.0,0.0,1.0,1.0,0.0,0.0,anomaly,normal,anomaly
13000,0,icmp,eco_i,SF,8,0,0,0,0,0,0,0,0,0,0,0,0,0,0,0,0,0,1,42,0.0,0.0,0.0,0.0,1.0,0.0,1.0,2,86,1.0,0.0,1.0,0.5,0.0,0.0,0.0,0.0,anomaly,normal,anomaly
22309,0,tcp,private,S0,0,0,0,0,0,0,0,0,0,0,0,0,0,0,0,0,0,0,246,2,1.0,1.0,0.0,0.0,0.01,0.06,0.0,255,2,0.01,0.05,0.0,0.0,1.0,1.0,0.0,0.0,anomaly,normal,anomaly
15275,0,icmp,eco_i,SF,8,0,0,0,0,0,0,0,0,0,0,0,0,0,0,0,0,0,1,3,0.0,0.0,0.0,0.0,1.0,0.0,1.0,1,49,1.0,0.0,1.0,0.51,0.0,0.0,0.0,0.0,anomaly,normal,anomaly
16789,0,icmp,ecr_i,SF,20,0,0,0,0,0,0,0,0,0,0,0,0,0,0,0,0,0,1,1,0.0,0.0,0.0,0.0,1.0,0.0,0.0,255,1,0.0,0.02,0.02,0.0,0.0,0.0,0.0,0.0,anomaly,normal,anomaly
19283,0,tcp,http,SF,54540,8314,0,0,0,2,0,1,1,0,0,0,0,0,0,0,0,0,5,5,0.0,0.0,0.2,0.2,1.0,0.0,0.0,9,9,1.0,0.0,0.11,0.0,0.0,0.0,0.11,0.11,anomaly,normal,anomaly
2935,0,tcp,private,REJ,0,0,0,0,0,0,0,0,0,0,0,0,0,0,0,0,0,0,281,18,0.0,0.0,1.0,1.0,0.06,0.06,0.0,255,18,0.07,0.06,0.0,0.0,0.0,0.0,1.0,1.0,anomaly,normal,anomaly
24670,0,tcp,private,S0,0,0,0,0,0,0,0,0,0,0,0,0,0,0,0,0,0,0,227,18,1.0,1.0,0.0,0.0,0.08,0.06,0.0,255,18,0.07,0.07,0.0,0.0,1.0,1.0,0.0,0.0,anomaly,normal,anomaly
18338,0,icmp,eco_i,SF,8,0,0,0,0,0,0,0,0,0,0,0,0,0,0,0,0,0,1,42,0.0,0.0,0.0,0.0,1.0,0.0,1.0,2,6,1.0,0.0,1.0,0.5,0.0,0.0,0.0,0.0,anomaly,normal,anomaly
19580,0,tcp,Z39_50,S0,0,0,0,0,0,0,0,0,0,0,0,0,0,0,0,0,0,0,272,22,1.0,1.0,0.0,0.0,0.08,0.05,0.0,255,22,0.09,0.05,0.0,0.0,1.0,1.0,0.0,0.0,anomaly,normal,anomaly
24955,0,tcp,name,REJ,0,0,0,0,0,0,0,0,0,0,0,0,0,0,0,0,0,0,246,18,0.0,0.0,1.0,1.0,0.07,0.06,0.0,255,18,0.07,0.06,0.0,0.0,0.0,0.0,1.0,1.0,anomaly,normal,anomaly
9103,0,tcp,finger,S0,0,0,0,0,0,0,0,0,0,0,0,0,0,0,0,0,0,0,26,13,1.0,1.0,0.0,0.0,0.5,0.08,0.0,255,59,0.23,0.04,0.0,0.0,1.0,1.0,0.0,0.0,anomaly,normal,anomaly
3510,6163,udp,other,SF,146,105,0,0,0,0,0,0,0,0,0,0,0,0,0,0,0,0,4,2,0.0,0.0,0.0,0.0,0.5,0.5,0.0,255,2,0.01,0.64,0.96,0.0,0.0,0.0,0.0,0.0,normal,anomaly,normal
4072,0,tcp,private,REJ,0,0,0,0,0,0,0,0,0,0,0,0,0,0,0,0,0,0,19,1,0.0,0.0,0.95,1.0,0.05,1.0,0.0,137,1,0.01,0.24,0.01,0.0,0.0,0.0,0.15,1.0,anomaly,normal,anomaly
18932,0,tcp,private,S0,0,0,0,0,0,0,0,0,0,0,0,0,0,0,0,0,0,0,153,4,1.0,1.0,0.0,0.0,0.03,0.07,0.0,255,4,0.02,0.08,0.0,0.0,1.0,1.0,0.0,0.0,anomaly,normal,anomaly
17703,0,tcp,ctf,S0,0,0,0,0,0,0,0,0,0,0,0,0,0,0,0,0,0,0,42,2,0.81,1.0,0.19,0.0,0.05,0.4,0.0,255,2,0.01,0.07,0.16,0.0,0.13,1.0,0.03,0.0,anomaly,normal,anomaly
11350,0,tcp,bgp,S0,0,0,0,0,0,0,0,0,0,0,0,0,0,0,0,0,0,0,195,5,1.0,1.0,0.0,0.0,0.03,0.06,0.0,255,16,0.06,0.09,0.0,0.0,1.0,1.0,0.0,0.0,anomaly,normal,anomaly
5930,16800,tcp,telnet,SF,1970,101286,0,0,0,0,1,1,151,0,1,151,1,0,0,0,0,0,1,1,0.0,0.0,0.0,0.0,1.0,0.0,0.0,38,6,0.16,0.11,0.03,0.0,0.03,0.0,0.05,0.33,normal,anomaly,normal
18325,0,tcp,imap4,REJ,0,0,0,0,0,0,0,0,0,0,0,0,0,0,0,0,0,0,270,12,0.0,0.0,1.0,1.0,0.04,0.06,0.0,255,12,0.05,0.07,0.0,0.0,0.0,0.0,1.0,1.0,anomaly,normal,anomaly
1933,0,icmp,ecr_i,SF,520,0,0,0,0,0,0,0,0,0,0,0,0,0,0,0,0,0,177,177,0.0,0.0,0.0,0.0,1.0,0.0,0.0,255,255,1.0,0.0,1.0,0.0,0.0,0.0,0.0,0.0,anomaly,normal,anomaly
21703,0,tcp,mtp,REJ,0,0,0,0,0,0,0,0,0,0,0,0,0,0,0,0,0,0,277,9,0.0,0.0,1.0,1.0,0.03,0.06,0.0,255,9,0.04,0.07,0.0,0.0,0.0,0.0,1.0,1.0,anomaly,normal,anomaly
15742,0,tcp,private,S0,0,0,0,0,0,0,0,0,0,0,0,0,0,0,0,0,0,0,288,5,1.0,1.0,0.0,0.0,0.02,0.06,0.0,255,11,0.04,0.08,0.0,0.0,1.0,1.0,0.0,0.0,anomaly,normal,anomaly
1547,0,tcp,daytime,S0,0,0,0,0,0,0,0,0,0,0,0,0,0,0,0,0,0,0,300,17,1.0,1.0,0.0,0.0,0.06,0.05,0.0,255,2,0.01,0.08,0.0,0.0,1.0,1.0,0.0,0.0,anomaly,normal,anomaly
16781,0,tcp,bgp,S0,0,0,0,0,0,0,0,0,0,0,0,0,0,0,0,0,0,0,120,5,1.0,1.0,0.0,0.0,0.04,0.08,0.0,255,5,0.02,0.07,0.0,0.0,1.0,1.0,0.0,0.0,anomaly,normal,anomaly
6151,0,tcp,vmnet,S0,0,0,0,0,0,0,0,0,0,0,0,0,0,0,0,0,0,0,236,2,1.0,1.0,0.0,0.0,0.01,0.06,0.0,255,10,0.04,0.07,0.0,0.0,1.0,1.0,0.0,0.0,anomaly,normal,anomaly
2539,0,icmp,eco_i,SF,8,0,0,0,0,0,0,0,0,0,0,0,0,0,0,0,0,0,1,7,0.0,0.0,0.0,0.0,1.0,0.0,1.0,1,41,1.0,0.0,1.0,0.27,0.0,0.0,0.0,0.0,anomaly,normal,anomaly
12412,0,tcp,private,S0,0,0,0,0,0,0,0,0,0,0,0,0,0,0,0,0,0,0,83,3,1.0,1.0,0.0,0.0,0.04,0.07,0.0,255,17,0.07,0.07,0.0,0.0,1.0,1.0,0.0,0.0,anomaly,normal,anomaly
3781,0,tcp,ldap,SH,0,0,0,0,0,0,0,0,0,0,0,0,0,0,0,0,0,0,1,1,1.0,1.0,0.0,0.0,1.0,0.0,0.0,73,1,0.01,0.86,0.89,0.0,0.89,1.0,0.0,0.0,anomaly,normal,anomaly
1327,0,tcp,uucp,RSTO,0,0,0,0,0,0,0,0,0,0,0,0,0,0,0,0,0,0,114,8,0.0,0.0,1.0,1.0,0.07,0.07,0.0,255,8,0.03,0.06,0.0,0.0,0.0,0.0,1.0,1.0,anomaly,normal,anomaly
1244,2,tcp,ftp_data,SF,2194619,0,0,0,0,0,0,1,0,0,0,0,0,0,0,0,0,0,2,2,0.0,0.0,0.0,0.0,1.0,0.0,0.0,10,35,0.6,0.4,0.6,0.06,0.0,0.0,0.0,0.0,normal,anomaly,normal
12598,0,tcp,courier,REJ,0,0,0,0,0,0,0,0,0,0,0,0,0,0,0,0,0,0,104,2,0.0,0.0,1.0,1.0,0.02,0.08,0.0,255,2,0.01,0.06,0.0,0.0,0.0,0.0,1.0,1.0,anomaly,normal,anomaly
4911,0,tcp,supdup,S0,0,0,0,0,0,0,0,0,0,0,0,0,0,0,0,0,0,0,112,3,1.0,1.0,0.0,0.0,0.03,0.06,0.0,255,6,0.02,0.07,0.0,0.0,1.0,1.0,0.0,0.0,anomaly,normal,anomaly
14843,0,tcp,csnet_ns,S0,0,0,0,0,0,0,0,0,0,0,0,0,0,0,0,0,0,0,286,4,1.0,1.0,0.0,0.0,0.01,0.05,0.0,255,4,0.02,0.05,0.0,0.0,1.0,1.0,0.0,0.0,anomaly,normal,anomaly
4721,0,icmp,eco_i,SF,8,0,0,0,0,0,0,0,0,0,0,0,0,0,0,0,0,0,1,37,0.0,0.0,0.0,0.0,1.0,0.0,1.0,2,84,1.0,0.0,1.0,0.5,0.0,0.0,0.0,0.0,anomaly,normal,anomaly
21845,0,tcp,private,S0,0,0,0,0,0,0,0,0,0,0,0,0,0,0,0,0,0,0,90,9,1.0,1.0,0.0,0.0,0.1,0.07,0.0,255,5,0.02,0.07,0.0,0.0,1.0,1.0,0.0,0.0,anomaly,normal,anomaly
15599,0,icmp,eco_i,SF,8,0,0,0,0,0,0,0,0,0,0,0,0,0,0,0,0,0,1,11,0.0,0.0,0.0,0.0,1.0,0.0,1.0,4,200,1.0,0.0,1.0,0.25,0.0,0.0,0.0,0.0,anomaly,normal,anomaly
2736,0,tcp,klogin,S0,0,0,0,0,0,0,0,0,0,0,0,0,0,0,0,0,0,0,6,2,1.0,1.0,0.0,0.0,0.33,0.33,0.0,255,7,0.03,0.07,0.0,0.0,1.0,1.0,0.0,0.0,anomaly,normal,anomaly
24849,0,tcp,http,S0,0,0,0,0,0,0,0,0,0,0,0,0,0,0,0,0,0,0,9,9,1.0,1.0,0.0,0.0,1.0,0.0,0.0,255,9,0.04,0.07,0.0,0.0,1.0,1.0,0.0,0.0,anomaly,normal,anomaly
17339,0,tcp,private,REJ,0,0,0,0,0,0,0,0,0,0,0,0,0,0,0,0,0,0,35,1,0.0,0.0,1.0,1.0,0.03,0.57,0.0,255,1,0.0,0.09,0.14,0.0,0.0,0.0,0.85,1.0,anomaly,normal,anomaly
24262,0,tcp,efs,REJ,0,0,0,0,0,0,0,0,0,0,0,0,0,0,0,0,0,0,115,6,0.0,0.0,1.0,1.0,0.05,0.06,0.0,255,6,0.02,0.07,0.0,0.0,0.0,0.0,1.0,1.0,anomaly,normal,anomaly
808,0,tcp,iso_tsap,S0,0,0,0,0,0,0,0,0,0,0,0,0,0,0,0,0,0,0,145,7,1.0,1.0,0.0,0.0,0.05,0.07,0.0,255,7,0.03,0.07,0.0,0.0,1.0,1.0,0.0,0.0,anomaly,normal,anomaly
8996,0,tcp,telnet,S0,0,0,0,0,0,0,0,0,0,0,0,0,0,0,0,0,0,0,215,19,1.0,1.0,0.0,0.0,0.09,0.06,0.0,255,19,0.07,0.08,0.0,0.0,1.0,1.0,0.0,0.0,anomaly,normal,anomaly
24265,0,tcp,private,S0,0,0,0,0,0,0,0,0,0,0,0,0,0,0,0,0,0,0,138,5,1.0,1.0,0.0,0.0,0.04,0.07,0.0,255,5,0.02,0.07,0.0,0.0,1.0,1.0,0.0,0.0,anomaly,normal,anomaly
1201,0,tcp,private,S0,0,0,0,0,0,0,0,0,0,0,0,0,0,0,0,0,0,0,230,11,1.0,1.0,0.0,0.0,0.05,0.07,0.0,255,13,0.05,0.07,0.0,0.0,1.0,1.0,0.0,0.0,anomaly,normal,anomaly
15391,0,tcp,whois,S0,0,0,0,0,0,0,0,0,0,0,0,0,0,0,0,0,0,0,279,6,1.0,1.0,0.0,0.0,0.02,0.06,0.0,255,8,0.03,0.06,0.0,0.0,1.0,1.0,0.0,0.0,anomaly,normal,anomaly
3389,0,tcp,netstat,S0,0,0,0,0,0,0,0,0,0,0,0,0,0,0,0,0,0,0,53,8,1.0,1.0,0.0,0.0,0.15,0.11,0.0,255,8,0.03,0.09,0.0,0.0,1.0,1.0,0.0,0.0,anomaly,normal,anomaly
22599,0,tcp,private,S0,0,0,0,0,0,0,0,0,0,0,0,0,0,0,0,0,0,0,69,20,1.0,1.0,0.0,0.0,0.29,0.07,0.0,255,3,0.01,0.07,0.0,0.0,1.0,1.0,0.0,0.0,anomaly,normal,anomaly
3820,0,tcp,link,S0,0,0,0,0,0,0,0,0,0,0,0,0,0,0,0,0,0,0,16,7,1.0,1.0,0.0,0.0,0.44,0.19,0.0,255,9,0.04,0.08,0.0,0.0,1.0,1.0,0.0,0.0,anomaly,normal,anomaly
10181,0,tcp,bgp,S0,0,0,0,0,0,0,0,0,0,0,0,0,0,0,0,0,0,0,271,14,1.0,1.0,0.0,0.0,0.05,0.07,0.0,255,14,0.05,0.08,0.0,0.0,1.0,1.0,0.0,0.0,anomaly,normal,anomaly
12236,0,tcp,netstat,S0,0,0,0,0,0,0,0,0,0,0,0,0,0,0,0,0,0,0,201,14,1.0,1.0,0.0,0.0,0.07,0.06,0.0,255,14,0.05,0.07,0.0,0.0,1.0,1.0,0.0,0.0,anomaly,normal,anomaly
3222,0,tcp,imap4,S0,0,0,0,0,0,0,0,0,0,0,0,0,0,0,0,0,0,0,244,9,1.0,1.0,0.0,0.0,0.04,0.06,0.0,255,9,0.04,0.07,0.0,0.0,1.0,1.0,0.0,0.0,anomaly,normal,anomaly
15921,0,tcp,private,REJ,0,0,0,0,0,0,0,0,0,0,0,0,0,0,0,0,0,0,101,19,0.0,0.0,1.0,1.0,0.19,0.07,0.0,255,3,0.01,0.07,0.0,0.0,0.0,0.0,1.0,1.0,anomaly,normal,anomaly
9639,0,udp,other,SF,1,0,0,0,0,0,0,0,0,0,0,0,0,0,0,0,0,0,5,2,0.0,0.0,0.0,0.0,0.4,0.4,0.0,255,2,0.01,0.23,1.0,0.0,0.0,0.0,0.0,0.0,anomaly,normal,anomaly
17063,0,tcp,daytime,S0,0,0,0,0,0,0,0,0,0,0,0,0,0,0,0,0,0,0,246,5,1.0,1.0,0.0,0.0,0.02,0.05,0.0,255,5,0.02,0.05,0.0,0.0,1.0,1.0,0.0,0.0,anomaly,normal,anomaly
4470,0,tcp,telnet,S0,0,0,0,0,0,0,0,0,0,0,0,0,0,0,0,0,0,0,3,2,1.0,1.0,0.0,0.0,0.67,0.67,0.0,255,22,0.09,0.08,0.0,0.0,1.0,1.0,0.0,0.0,anomaly,normal,anomaly
8276,0,tcp,private,S0,0,0,0,0,0,0,0,0,0,0,0,0,0,0,0,0,0,0,132,18,1.0,1.0,0.0,0.0,0.14,0.06,0.0,242,18,0.07,0.07,0.0,0.0,1.0,1.0,0.0,0.0,anomaly,normal,anomaly
14582,0,icmp,eco_i,SF,8,0,0,0,0,0,0,0,0,0,0,0,0,0,0,0,0,0,1,1,0.0,0.0,0.0,0.0,1.0,0.0,0.0,2,255,1.0,0.0,1.0,0.5,0.0,0.0,0.0,0.0,anomaly,normal,anomaly
6030,0,tcp,systat,REJ,0,0,0,0,0,0,0,0,0,0,0,0,0,0,0,0,0,0,132,6,0.0,0.0,1.0,1.0,0.05,0.07,0.0,255,4,0.02,0.06,0.0,0.0,0.0,0.0,1.0,1.0,anomaly,normal,anomaly
11122,0,icmp,eco_i,SF,18,0,0,0,0,0,0,0,0,0,0,0,0,0,0,0,0,0,1,1,0.0,0.0,0.0,0.0,1.0,0.0,0.0,1,53,1.0,0.0,1.0,0.26,0.0,0.0,0.0,0.0,anomaly,normal,anomaly
9132,0,icmp,eco_i,SF,8,0,0,0,0,0,0,0,0,0,0,0,0,0,0,0,0,0,1,35,0.0,0.0,0.0,0.0,1.0,0.0,1.0,2,52,1.0,0.0,1.0,0.5,0.0,0.0,0.0,0.0,anomaly,normal,anomaly
346,0,tcp,private,S0,0,0,0,0,0,0,0,0,0,0,0,0,0,0,0,0,0,0,208,2,1.0,1.0,0.0,0.0,0.01,0.07,0.0,255,5,0.02,0.07,0.0,0.0,1.0,1.0,0.0,0.0,anomaly,normal,anomaly
20011,0,tcp,http,SF,54540,8314,0,0,0,2,0,1,1,0,0,0,0,0,0,0,0,0,3,4,0.0,0.0,0.0,0.25,1.0,0.0,0.5,255,255,1.0,0.0,0.0,0.0,0.0,0.0,0.02,0.02,anomaly,normal,anomaly
12990,0,tcp,shell,S0,0,0,0,0,0,0,0,0,0,0,0,0,0,0,0,0,0,0,120,1,1.0,1.0,0.0,0.0,0.01,0.07,0.0,255,1,0.0,0.06,0.0,0.0,1.0,1.0,0.0,0.0,anomaly,normal,anomaly
18425,0,icmp,eco_i,SF,8,0,0,0,0,0,0,0,0,0,0,0,0,0,0,0,0,0,1,16,0.0,0.0,0.0,0.0,1.0,0.0,1.0,4,96,1.0,0.0,1.0,0.25,0.0,0.0,0.0,0.0,anomaly,normal,anomaly
23712,0,tcp,private,S0,0,0,0,0,0,0,0,0,0,0,0,0,0,0,0,0,0,0,137,7,1.0,1.0,0.0,0.0,0.05,0.07,0.0,255,8,0.03,0.07,0.0,0.0,1.0,1.0,0.0,0.0,anomaly,normal,anomaly
13634,0,tcp,telnet,S0,0,0,0,0,0,0,0,0,0,0,0,0,0,0,0,0,0,0,59,8,1.0,1.0,0.0,0.0,0.14,0.07,0.0,255,64,0.25,0.02,0.02,0.0,1.0,1.0,0.0,0.0,anomaly,normal,anomaly
8779,0,tcp,private,S0,0,0,0,0,0,0,0,0,0,0,0,0,0,0,0,0,0,0,121,10,1.0,1.0,0.0,0.0,0.08,0.05,0.0,255,10,0.04,0.05,0.0,0.0,1.0,1.0,0.0,0.0,anomaly,normal,anomaly
3612,0,tcp,private,S0,0,0,0,0,0,0,0,0,0,0,0,0,0,0,0,0,0,0,235,1,1.0,1.0,0.0,0.0,0.0,0.06,0.0,255,16,0.06,0.07,0.0,0.0,1.0,1.0,0.0,0.0,anomaly,normal,anomaly
3897,0,tcp,private,S0,0,0,0,0,0,0,0,0,0,0,0,0,0,0,0,0,0,0,112,2,1.0,1.0,0.0,0.0,0.02,0.06,0.0,255,5,0.02,0.06,0.0,0.0,1.0,1.0,0.0,0.0,anomaly,normal,anomaly
14014,0,tcp,private,S0,0,0,0,0,0,0,0,0,0,0,0,0,0,0,0,0,0,0,250,20,1.0,1.0,0.0,0.0,0.08,0.06,0.0,255,14,0.05,0.08,0.0,0.0,1.0,1.0,0.0,0.0,anomaly,normal,anomaly
7274,0,tcp,private,REJ,0,0,0,0,0,0,0,0,0,0,0,0,0,0,0,0,0,0,198,17,0.0,0.0,1.0,1.0,0.09,0.06,0.0,255,17,0.07,0.07,0.0,0.0,0.0,0.0,1.0,1.0,anomaly,normal,anomaly
2532,0,tcp,private,S0,0,0,0,0,0,0,0,0,0,0,0,0,0,0,0,0,0,0,75,18,1.0,1.0,0.0,0.0,0.24,0.07,0.0,255,2,0.01,0.08,0.0,0.0,1.0,1.0,0.0,0.0,anomaly,normal,anomaly
17623,0,tcp,mtp,REJ,0,0,0,0,0,0,0,0,0,0,0,0,0,0,0,0,0,0,238,2,0.0,0.0,1.0,1.0,0.01,0.07,0.0,255,2,0.01,0.08,0.0,0.0,0.0,0.0,1.0,1.0,anomaly,normal,anomaly
7586,0,tcp,private,S0,0,0,0,0,0,0,0,0,0,0,0,0,0,0,0,0,0,0,258,14,1.0,1.0,0.0,0.0,0.05,0.07,0.0,255,28,0.11,0.07,0.0,0.0,1.0,1.0,0.0,0.0,anomaly,normal,anomaly
7683,0,tcp,csnet_ns,S0,0,0,0,0,0,0,0,0,0,0,0,0,0,0,0,0,0,0,250,7,1.0,1.0,0.0,0.0,0.03,0.06,0.0,255,7,0.03,0.07,0.0,0.0,1.0,1.0,0.0,0.0,anomaly,normal,anomaly
1060,0,tcp,ftp,SF,1195,2449,0,0,0,28,0,1,0,0,0,0,0,0,0,0,0,1,1,1,0.0,0.0,0.0,0.0,1.0,0.0,0.0,116,14,0.12,0.05,0.01,0.0,0.02,0.0,0.07,0.0,anomaly,normal,anomaly
21974,0,tcp,auth,S0,0,0,0,0,0,0,0,0,0,0,0,0,0,0,0,0,0,0,201,11,1.0,1.0,0.0,0.0,0.05,0.05,0.0,255,11,0.04,0.06,0.0,0.0,1.0,1.0,0.0,0.0,anomaly,normal,anomaly
23907,0,tcp,vmnet,S0,0,0,0,0,0,0,0,0,0,0,0,0,0,0,0,0,0,0,27,5,1.0,1.0,0.0,0.0,0.19,0.22,0.0,255,5,0.02,0.08,0.0,0.0,1.0,1.0,0.0,0.0,anomaly,normal,anomaly
24361,0,tcp,time,RSTO,0,0,0,0,0,0,0,0,0,0,0,0,0,0,0,0,0,0,181,9,0.0,0.0,1.0,1.0,0.05,0.07,0.0,255,9,0.04,0.07,0.0,0.0,0.0,0.0,1.0,1.0,anomaly,normal,anomaly
687,0,tcp,auth,S0,0,0,0,0,0,0,0,0,0,0,0,0,0,0,0,0,0,0,240,6,1.0,1.0,0.0,0.0,0.03,0.07,0.0,255,6,0.02,0.07,0.0,0.0,1.0,1.0,0.0,0.0,anomaly,normal,anomaly
6416,0,tcp,private,S0,0,0,0,0,0,0,0,0,0,0,0,0,0,0,0,0,0,0,108,19,1.0,1.0,0.0,0.0,0.18,0.07,0.0,255,17,0.07,0.07,0.0,0.0,1.0,1.0,0.0,0.0,anomaly,normal,anomaly
3153,0,tcp,telnet,S0,0,0,0,0,0,0,0,0,0,0,0,0,0,0,0,0,0,0,250,4,1.0,1.0,0.0,0.0,0.02,0.06,0.0,255,17,0.07,0.07,0.0,0.0,1.0,1.0,0.0,0.0,anomaly,normal,anomaly
1034,0,tcp,private,S0,0,0,0,0,0,0,0,0,0,0,0,0,0,0,0,0,0,0,89,17,1.0,1.0,0.0,0.0,0.19,0.06,0.0,255,2,0.01,0.08,0.0,0.0,1.0,1.0,0.0,0.0,anomaly,normal,anomaly
21444,0,tcp,netstat,S0,0,0,0,0,0,0,0,0,0,0,0,0,0,0,0,0,0,0,105,5,1.0,1.0,0.0,0.0,0.05,0.07,0.0,255,5,0.02,0.07,0.0,0.0,1.0,1.0,0.0,0.0,anomaly,normal,anomaly
3826,0,icmp,eco_i,SF,20,0,0,0,0,0,0,0,0,0,0,0,0,0,0,0,0,0,2,2,0.0,0.0,0.0,0.0,1.0,0.0,0.0,213,4,0.02,0.76,0.02,0.0,0.03,0.0,0.62,0.0,anomaly,normal,anomaly
20458,0,tcp,private,S0,0,0,0,0,0,0,0,0,0,0,0,0,0,0,0,0,0,0,215,12,1.0,1.0,0.0,0.0,0.06,0.06,0.0,255,19,0.07,0.07,0.0,0.0,1.0,1.0,0.0,0.0,anomaly,normal,anomaly
24185,0,tcp,kshell,S0,0,0,0,0,0,0,0,0,0,0,0,0,0,0,0,0,0,0,148,24,1.0,1.0,0.0,0.0,0.16,0.05,0.0,255,24,0.09,0.05,0.0,0.0,1.0,1.0,0.0,0.0,anomaly,normal,anomaly
5367,0,icmp,eco_i,SF,18,0,0,0,0,0,0,0,0,0,0,0,0,0,0,0,0,0,1,1,0.0,0.0,0.0,0.0,1.0,0.0,0.0,1,110,1.0,0.0,1.0,1.0,0.0,0.0,0.0,0.0,anomaly,normal,anomaly
22861,0,tcp,private,S0,0,0,0,0,0,0,0,0,0,0,0,0,0,0,0,0,0,0,122,6,1.0,1.0,0.0,0.0,0.05,0.06,0.0,255,7,0.03,0.07,0.0,0.0,1.0,1.0,0.0,0.0,anomaly,normal,anomaly
6107,0,icmp,eco_i,SF,20,0,0,0,0,0,0,0,0,0,0,0,0,0,0,0,0,0,1,1,0.0,0.0,0.0,0.0,1.0,0.0,0.0,88,4,0.05,0.06,0.05,0.0,0.0,0.0,0.0,0.0,anomaly,normal,anomaly
22182,0,tcp,telnet,S0,0,0,0,0,0,0,0,0,0,0,0,0,0,0,0,0,0,0,26,7,0.96,1.0,0.04,0.0,0.27,0.19,0.0,255,50,0.2,0.04,0.02,0.0,1.0,1.0,0.0,0.0,anomaly,normal,anomaly
8495,0,tcp,private,S0,0,0,0,0,0,0,0,0,0,0,0,0,0,0,0,0,0,0,243,12,1.0,1.0,0.0,0.0,0.05,0.07,0.0,255,16,0.06,0.07,0.0,0.0,1.0,1.0,0.0,0.0,anomaly,normal,anomaly
21578,0,tcp,discard,S0,0,0,0,0,0,0,0,0,0,0,0,0,0,0,0,0,0,0,141,20,1.0,1.0,0.0,0.0,0.14,0.04,0.0,255,10,0.04,0.06,0.0,0.0,1.0,1.0,0.0,0.0,anomaly,normal,anomaly
7352,0,tcp,discard,RSTO,0,0,0,0,0,0,0,0,0,0,0,0,0,0,0,0,0,0,236,1,0.0,0.0,1.0,1.0,0.0,0.07,0.0,255,1,0.0,0.08,0.0,0.0,0.0,0.0,1.0,1.0,anomaly,normal,anomaly
8201,0,udp,private,SF,1,0,0,0,0,0,0,0,0,0,0,0,0,0,0,0,0,0,19,4,0.0,0.0,0.0,0.0,0.21,0.21,0.0,255,47,0.18,0.24,1.0,0.0,0.0,0.0,0.0,0.0,anomaly,normal,anomaly
16273,0,tcp,sunrpc,S0,0,0,0,0,0,0,0,0,0,0,0,0,0,0,0,0,0,0,251,11,1.0,1.0,0.0,0.0,0.04,0.06,0.0,255,2,0.01,0.07,0.0,0.0,1.0,1.0,0.0,0.0,anomaly,normal,anomaly
1271,0,tcp,uucp_path,S0,0,0,0,0,0,0,0,0,0,0,0,0,0,0,0,0,0,0,230,2,1.0,1.0,0.0,0.0,0.01,0.06,0.0,255,2,0.01,0.06,0.0,0.0,1.0,1.0,0.0,0.0,anomaly,normal,anomaly
10947,0,tcp,supdup,S0,0,0,0,0,0,0,0,0,0,0,0,0,0,0,0,0,0,0,284,12,1.0,1.0,0.0,0.0,0.04,0.06,0.0,255,12,0.05,0.06,0.0,0.0,1.0,1.0,0.0,0.0,anomaly,normal,anomaly
15923,0,icmp,eco_i,SF,8,0,0,0,0,0,0,0,0,0,0,0,0,0,0,0,0,0,1,18,0.0,0.0,0.0,0.0,1.0,0.0,1.0,2,26,1.0,0.0,1.0,0.5,0.0,0.0,0.0,0.0,anomaly,normal,anomaly
13208,0,tcp,smtp,S0,0,0,0,0,0,0,0,0,0,0,0,0,0,0,0,0,0,0,1,3,1.0,0.33,0.0,0.0,1.0,0.0,1.0,23,135,0.04,0.09,0.04,0.01,0.91,0.01,0.0,0.0,anomaly,normal,anomaly
6476,0,tcp,netbios_ssn,S0,0,0,0,0,0,0,0,0,0,0,0,0,0,0,0,0,0,0,286,4,1.0,1.0,0.0,0.0,0.01,0.06,0.0,255,12,0.05,0.07,0.0,0.0,1.0,1.0,0.0,0.0,anomaly,normal,anomaly
1021,0,tcp,ftp_data,SF,334,0,0,0,0,0,0,1,0,0,0,0,0,0,0,0,0,0,1,1,0.0,0.0,0.0,0.0,1.0,0.0,0.0,1,54,1.0,0.0,1.0,0.13,0.0,0.02,0.0,0.0,anomaly,normal,anomaly
23782,0,tcp,telnet,S0,0,0,0,0,0,0,0,0,0,0,0,0,0,0,0,0,0,0,18,9,1.0,1.0,0.0,0.0,0.5,0.11,0.0,255,49,0.19,0.04,0.01,0.0,1.0,1.0,0.0,0.0,anomaly,normal,anomaly
10689,0,udp,private,SF,215,0,0,0,0,0,0,0,0,0,0,0,0,0,0,0,0,0,1,1,0.0,0.0,0.0,0.0,1.0,0.0,0.0,207,175,0.85,0.01,0.85,0.0,0.0,0.0,0.0,0.0,anomaly,normal,anomaly
6330,0,tcp,link,S0,0,0,0,0,0,0,0,0,0,0,0,0,0,0,0,0,0,0,190,3,1.0,1.0,0.0,0.0,0.02,0.06,0.0,255,3,0.01,0.06,0.0,0.0,1.0,1.0,0.0,0.0,anomaly,normal,anomaly
19950,0,icmp,eco_i,SF,8,0,0,0,0,0,0,0,0,0,0,0,0,0,0,0,0,0,1,6,0.0,0.0,0.0,0.0,1.0,0.0,1.0,2,154,1.0,0.0,1.0,0.5,0.0,0.0,0.0,0.0,anomaly,normal,anomaly
19361,0,tcp,Z39_50,S0,0,0,0,0,0,0,0,0,0,0,0,0,0,0,0,0,0,0,228,9,1.0,1.0,0.0,0.0,0.04,0.05,0.0,255,9,0.04,0.06,0.0,0.0,1.0,1.0,0.0,0.0,anomaly,normal,anomaly
14742,0,tcp,shell,S0,0,0,0,0,0,0,0,0,0,0,0,0,0,0,0,0,0,0,128,12,1.0,1.0,0.0,0.0,0.09,0.05,0.0,255,12,0.05,0.05,0.0,0.0,1.0,1.0,0.0,0.0,anomaly,normal,anomaly
21689,0,tcp,finger,S0,0,0,0,0,0,0,0,0,0,0,0,0,0,0,0,0,0,0,45,15,1.0,1.0,0.0,0.0,0.33,0.09,0.0,255,35,0.14,0.06,0.01,0.0,1.0,1.0,0.0,0.0,anomaly,normal,anomaly
16717,0,icmp,ecr_i,SF,1032,0,0,0,0,0,0,0,0,0,0,0,0,0,0,0,0,0,62,62,0.0,0.0,0.0,0.0,1.0,0.0,0.0,255,62,0.24,0.02,0.24,0.0,0.0,0.0,0.0,0.0,anomaly,normal,anomaly
3300,0,tcp,ftp_data,S0,0,0,0,0,0,0,0,0,0,0,0,0,0,0,0,0,0,0,6,1,1.0,1.0,0.0,0.0,0.17,0.5,0.0,255,61,0.24,0.02,0.0,0.0,1.0,1.0,0.0,0.0,anomaly,normal,anomaly
16821,0,icmp,ecr_i,SF,1480,0,0,1,0,0,0,0,0,0,0,0,0,0,0,0,0,0,2,4,0.0,0.0,0.0,0.0,1.0,0.0,0.5,2,151,1.0,0.0,1.0,0.13,0.0,0.0,0.0,0.0,anomaly,normal,anomaly
16293,0,tcp,private,REJ,0,0,0,0,0,0,0,0,0,0,0,0,0,0,0,0,0,0,107,8,0.0,0.0,1.0,1.0,0.07,0.07,0.0,8,8,1.0,0.0,0.12,0.0,0.0,0.0,1.0,1.0,anomaly,normal,anomaly
23478,0,tcp,ctf,REJ,0,0,0,0,0,0,0,0,0,0,0,0,0,0,0,0,0,0,224,13,0.0,0.0,1.0,1.0,0.06,0.07,0.0,255,13,0.05,0.07,0.0,0.0,0.0,0.0,1.0,1.0,anomaly,normal,anomaly
8385,0,udp,private,SF,1,0,0,0,0,0,0,0,0,0,0,0,0,0,0,0,0,0,142,105,0.0,0.0,0.0,0.0,0.74,0.04,0.0,255,146,0.57,0.05,1.0,0.0,0.0,0.0,0.0,0.0,anomaly,normal,anomaly
1784,0,tcp,private,S0,0,0,0,0,0,0,0,0,0,0,0,0,0,0,0,0,0,0,297,6,1.0,1.0,0.0,0.0,0.02,0.06,0.0,255,4,0.02,0.07,0.0,0.0,1.0,1.0,0.0,0.0,anomaly,normal,anomaly
3713,0,tcp,private,S0,0,0,0,0,0,0,0,0,0,0,0,0,0,0,0,0,0,0,110,11,1.0,1.0,0.0,0.0,0.1,0.05,0.0,255,10,0.04,0.08,0.0,0.0,1.0,1.0,0.0,0.0,anomaly,normal,anomaly
18843,0,tcp,sql_net,REJ,0,0,0,0,0,0,0,0,0,0,0,0,0,0,0,0,0,0,69,16,0.0,0.0,1.0,1.0,0.23,0.07,0.0,255,15,0.06,0.08,0.0,0.0,0.0,0.0,1.0,1.0,anomaly,normal,anomaly
10021,0,tcp,netbios_dgm,S0,0,0,0,0,0,0,0,0,0,0,0,0,0,0,0,0,0,0,274,5,1.0,1.0,0.0,0.0,0.02,0.06,0.0,255,5,0.02,0.07,0.0,0.0,1.0,1.0,0.0,0.0,anomaly,normal,anomaly
6186,4229,tcp,other,RSTR,1,0,0,0,0,0,0,0,0,0,0,0,0,0,0,0,0,0,2,2,0.0,0.0,1.0,1.0,1.0,0.0,0.0,255,2,0.01,0.73,1.0,0.0,0.0,0.0,1.0,1.0,anomaly,normal,anomaly
7034,0,tcp,other,REJ,0,0,0,0,0,0,0,0,0,0,0,0,0,0,0,0,0,0,351,1,0.06,0.0,0.9,1.0,0.0,1.0,0.0,255,1,0.0,1.0,0.0,0.0,0.08,0.0,0.9,1.0,anomaly,normal,anomaly
11500,0,tcp,imap4,S0,0,0,0,0,0,0,0,0,0,0,0,0,0,0,0,0,0,0,280,11,1.0,1.0,0.0,0.0,0.04,0.06,0.0,255,11,0.04,0.06,0.0,0.0,1.0,1.0,0.0,0.0,anomaly,normal,anomaly
14067,0,tcp,private,S0,0,0,0,0,0,0,0,0,0,0,0,0,0,0,0,0,0,0,135,11,1.0,1.0,0.0,0.0,0.08,0.06,0.0,255,16,0.06,0.07,0.0,0.0,1.0,1.0,0.0,0.0,anomaly,normal,anomaly
18672,0,tcp,time,S0,0,0,0,0,0,0,0,0,0,0,0,0,0,0,0,0,0,0,300,20,1.0,1.0,0.0,0.0,0.07,0.06,0.0,255,20,0.08,0.07,0.0,0.0,1.0,1.0,0.0,0.0,anomaly,normal,anomaly
19200,0,tcp,link,S0,0,0,0,0,0,0,0,0,0,0,0,0,0,0,0,0,0,0,226,19,1.0,1.0,0.0,0.0,0.08,0.06,0.0,255,20,0.08,0.08,0.0,0.0,1.0,1.0,0.0,0.0,anomaly,normal,anomaly
14279,0,tcp,iso_tsap,S0,0,0,0,0,0,0,0,0,0,0,0,0,0,0,0,0,0,0,284,13,1.0,1.0,0.0,0.0,0.05,0.06,0.0,255,13,0.05,0.08,0.0,0.0,1.0,1.0,0.0,0.0,anomaly,normal,anomaly
19058,0,tcp,other,S0,0,0,0,0,0,0,0,0,0,0,0,0,0,0,0,0,0,0,250,20,1.0,1.0,0.0,0.0,0.08,0.06,0.0,255,20,0.08,0.07,0.0,0.0,1.0,1.0,0.0,0.0,anomaly,normal,anomaly
20260,0,tcp,private,S0,0,0,0,0,0,0,0,0,0,0,0,0,0,0,0,0,0,0,286,7,1.0,1.0,0.0,0.0,0.02,0.06,0.0,255,14,0.05,0.07,0.0,0.0,1.0,1.0,0.0,0.0,anomaly,normal,anomaly
2516,0,tcp,echo,RSTO,0,0,0,0,0,0,0,0,0,0,0,0,0,0,0,0,0,0,197,1,0.0,0.0,1.0,1.0,0.01,0.06,0.0,255,1,0.0,0.06,0.0,0.0,0.0,0.0,1.0,1.0,anomaly,normal,anomaly
3814,0,tcp,private,S0,0,0,0,0,0,0,0,0,0,0,0,0,0,0,0,0,0,0,102,10,1.0,1.0,0.0,0.0,0.1,0.06,0.0,255,6,0.02,0.07,0.0,0.0,1.0,1.0,0.0,0.0,anomaly,normal,anomaly
2556,0,tcp,supdup,S0,0,0,0,0,0,0,0,0,0,0,0,0,0,0,0,0,0,0,260,14,1.0,1.0,0.0,0.0,0.05,0.05,0.0,255,14,0.05,0.05,0.0,0.0,1.0,1.0,0.0,0.0,anomaly,normal,anomaly
15172,0,tcp,private,REJ,0,0,0,0,0,0,0,0,0,0,0,0,0,0,0,0,0,0,262,19,0.0,0.0,1.0,1.0,0.07,0.06,0.0,255,19,0.07,0.06,0.0,0.0,0.0,0.0,1.0,1.0,anomaly,normal,anomaly
3485,0,udp,private,SF,1,0,0,0,0,0,0,0,0,0,0,0,0,0,0,0,0,0,24,22,0.0,0.0,0.0,0.0,0.92,0.08,0.0,255,25,0.1,0.22,1.0,0.0,0.0,0.0,0.0,0.0,anomaly,normal,anomaly
20221,0,tcp,nntp,RSTO,0,0,0,0,0,0,0,0,0,0,0,0,0,0,0,0,0,0,241,1,0.0,0.0,1.0,1.0,0.0,0.07,0.0,255,1,0.0,0.07,0.0,0.0,0.0,0.0,1.0,1.0,anomaly,normal,anomaly
24035,0,tcp,supdup,S0,0,0,0,0,0,0,0,0,0,0,0,0,0,0,0,0,0,0,113,4,1.0,1.0,0.0,0.0,0.04,0.06,0.0,255,6,0.02,0.08,0.0,0.0,1.0,1.0,0.0,0.0,anomaly,normal,anomaly
10576,0,tcp,domain,S0,0,0,0,0,0,0,0,0,0,0,0,0,0,0,0,0,0,0,293,10,1.0,1.0,0.0,0.0,0.03,0.05,0.0,255,9,0.04,0.08,0.0,0.0,1.0,1.0,0.0,0.0,anomaly,normal,anomaly
688,0,tcp,private,S0,0,0,0,0,0,0,0,0,0,0,0,0,0,0,0,0,0,0,149,2,1.0,1.0,0.0,0.0,0.01,0.07,0.0,255,13,0.05,0.07,0.0,0.0,1.0,1.0,0.0,0.0,anomaly,normal,anomaly
781,0,icmp,eco_i,SF,8,0,0,0,0,0,0,0,0,0,0,0,0,0,0,0,0,0,1,22,0.0,0.0,0.0,0.0,1.0,0.0,1.0,2,129,1.0,0.0,1.0,0.5,0.0,0.0,0.0,0.0,anomaly,normal,anomaly
4719,10629,tcp,telnet,SF,88,1753,0,0,0,0,0,1,0,0,0,0,0,0,0,0,0,0,1,1,0.0,0.0,0.0,0.0,1.0,0.0,0.0,7,2,0.29,0.29,0.14,0.0,0.0,0.0,0.0,0.0,normal,anomaly,normal
24344,0,tcp,uucp_path,S0,0,0,0,0,0,0,0,0,0,0,0,0,0,0,0,0,0,0,260,13,1.0,1.0,0.0,0.0,0.05,0.06,0.0,255,8,0.03,0.07,0.0,0.0,1.0,1.0,0.0,0.0,anomaly,normal,anomaly
18451,0,tcp,private,S0,0,0,0,0,0,0,0,0,0,0,0,0,0,0,0,0,0,0,68,1,1.0,1.0,0.0,0.0,0.01,0.07,0.0,255,15,0.06,0.06,0.0,0.0,1.0,1.0,0.0,0.0,anomaly,normal,anomaly
7147,0,tcp,iso_tsap,S0,0,0,0,0,0,0,0,0,0,0,0,0,0,0,0,0,0,0,245,1,1.0,1.0,0.0,0.0,0.0,0.06,0.0,255,1,0.0,0.07,0.0,0.0,1.0,1.0,0.0,0.0,anomaly,normal,anomaly
17828,0,udp,private,SF,28,0,0,3,0,0,0,0,0,0,0,0,0,0,0,0,0,0,2,2,0.0,0.0,0.0,0.0,1.0,0.0,0.0,255,102,0.4,0.6,0.4,0.0,0.09,0.0,0.51,0.0,anomaly,normal,anomaly
4854,0,tcp,Z39_50,S0,0,0,0,0,0,0,0,0,0,0,0,0,0,0,0,0,0,0,216,6,1.0,1.0,0.0,0.0,0.03,0.08,0.0,255,6,0.02,0.09,0.0,0.0,1.0,1.0,0.0,0.0,anomaly,normal,anomaly
12140,0,tcp,mtp,REJ,0,0,0,0,0,0,0,0,0,0,0,0,0,0,0,0,0,0,267,6,0.0,0.0,1.0,1.0,0.02,0.06,0.0,255,6,0.02,0.08,0.0,0.0,0.0,0.0,1.0,1.0,anomaly,normal,anomaly
2445,0,tcp,ftp,RSTO,0,133,0,0,0,0,0,0,0,0,0,0,0,0,0,0,0,0,1,1,0.0,0.0,1.0,1.0,1.0,0.0,0.0,2,2,0.5,1.0,0.5,1.0,0.0,0.0,1.0,1.0,anomaly,normal,anomaly
12839,0,tcp,private,REJ,0,0,0,0,0,0,0,0,0,0,0,0,0,0,0,0,0,0,45,19,0.0,0.0,1.0,1.0,0.42,0.07,0.0,255,16,0.06,0.07,0.0,0.0,0.0,0.0,1.0,1.0,anomaly,normal,anomaly
22489,0,tcp,ctf,S0,0,0,0,0,0,0,0,0,0,0,0,0,0,0,0,0,0,0,223,11,1.0,1.0,0.0,0.0,0.05,0.06,0.0,255,11,0.04,0.08,0.0,0.0,1.0,1.0,0.0,0.0,anomaly,normal,anomaly
17698,12041,tcp,IRC,RSTR,1318,9761,0,0,0,0,0,0,0,0,0,0,0,0,0,0,0,0,3,1,0.0,0.0,0.33,1.0,0.33,0.67,0.0,27,6,0.22,0.07,0.04,0.0,0.0,0.0,0.15,0.67,normal,anomaly,normal
1663,0,tcp,private,S0,0,0,0,0,0,0,0,0,0,0,0,0,0,0,0,0,0,0,192,9,1.0,1.0,0.0,0.0,0.05,0.06,0.0,38,9,0.24,0.16,0.03,0.0,0.63,1.0,0.03,0.0,anomaly,normal,anomaly
15247,0,tcp,nntp,S0,0,0,0,0,0,0,0,0,0,0,0,0,0,0,0,0,0,0,297,8,1.0,1.0,0.0,0.0,0.03,0.05,0.0,255,3,0.01,0.07,0.0,0.0,1.0,1.0,0.0,0.0,anomaly,normal,anomaly
23537,0,icmp,ecr_i,SF,1480,0,0,1,0,0,0,0,0,0,0,0,0,0,0,0,0,0,1,3,0.0,0.0,0.0,0.0,1.0,0.0,0.67,3,151,1.0,0.0,1.0,0.1,0.0,0.0,0.0,0.0,anomaly,normal,anomaly
16329,0,tcp,private,S0,0,0,0,0,0,0,0,0,0,0,0,0,0,0,0,0,0,0,218,3,1.0,1.0,0.0,0.0,0.01,0.06,0.0,255,3,0.01,0.08,0.0,0.0,1.0,1.0,0.0,0.0,anomaly,normal,anomaly
20704,0,tcp,http,SF,54540,8314,0,0,0,2,0,1,1,0,0,0,0,0,0,0,0,0,5,5,0.0,0.0,0.0,0.0,1.0,0.0,0.0,166,166,1.0,0.0,0.01,0.0,0.0,0.0,0.05,0.05,anomaly,normal,anomaly
22712,0,tcp,ssh,S0,0,0,0,0,0,0,0,0,0,0,0,0,0,0,0,0,0,0,228,17,1.0,1.0,0.0,0.0,0.07,0.06,0.0,255,16,0.06,0.06,0.0,0.0,1.0,1.0,0.0,0.0,anomaly,normal,anomaly
10361,0,tcp,private,S0,0,0,0,0,0,0,0,0,0,0,0,0,0,0,0,0,0,0,117,22,1.0,1.0,0.0,0.0,0.19,0.05,0.0,255,22,0.09,0.06,0.0,0.0,1.0,1.0,0.0,0.0,anomaly,normal,anomaly
18612,0,tcp,finger,S0,0,0,0,0,0,0,0,0,0,0,0,0,0,0,0,0,0,0,113,1,1.0,1.0,0.0,0.0,0.01,0.06,0.0,255,1,0.0,0.07,0.0,0.0,1.0,1.0,0.0,0.0,anomaly,normal,anomaly
9437,0,tcp,domain,S0,0,0,0,0,0,0,0,0,0,0,0,0,0,0,0,0,0,0,264,3,1.0,1.0,0.0,0.0,0.01,0.06,0.0,255,3,0.01,0.07,0.0,0.0,1.0,1.0,0.0,0.0,anomaly,normal,anomaly
3395,0,tcp,discard,RSTO,0,0,0,0,0,0,0,0,0,0,0,0,0,0,0,0,0,0,250,2,0.0,0.0,1.0,1.0,0.01,0.07,0.0,255,2,0.01,0.08,0.0,0.0,0.0,0.0,1.0,1.0,anomaly,normal,anomaly
12197,0,tcp,echo,RSTO,0,0,0,0,0,0,0,0,0,0,0,0,0,0,0,0,0,0,145,20,0.0,0.0,1.0,1.0,0.14,0.06,0.0,255,3,0.01,0.07,0.0,0.0,0.0,0.0,1.0,1.0,anomaly,normal,anomaly
14072,0,tcp,private,S0,0,0,0,0,0,0,0,0,0,0,0,0,0,0,0,0,0,0,47,10,1.0,1.0,0.0,0.0,0.21,0.13,0.0,255,19,0.07,0.09,0.0,0.0,1.0,1.0,0.0,0.0,anomaly,normal,anomaly
10661,0,icmp,eco_i,SF,8,0,0,0,0,0,0,0,0,0,0,0,0,0,0,0,0,0,46,34,0.0,0.0,0.0,0.0,0.02,0.04,1.0,4,28,1.0,0.0,1.0,0.25,0.0,0.0,0.0,0.0,anomaly,normal,anomaly
2172,0,tcp,netbios_ns,S0,0,0,0,0,0,0,0,0,0,0,0,0,0,0,0,0,0,0,241,3,1.0,1.0,0.0,0.0,0.01,0.07,0.0,255,3,0.01,0.07,0.0,0.0,1.0,1.0,0.0,0.0,anomaly,normal,anomaly
16033,0,tcp,private,S0,0,0,0,0,0,0,0,0,0,0,0,0,0,0,0,0,0,0,188,24,1.0,1.0,0.0,0.0,0.13,0.05,0.0,255,24,0.09,0.06,0.0,0.0,1.0,1.0,0.0,0.0,anomaly,normal,anomaly
16307,0,tcp,finger,S0,0,0,0,0,0,0,0,0,0,0,0,0,0,0,0,0,0,0,78,20,1.0,1.0,0.0,0.0,0.26,0.05,0.0,255,60,0.24,0.02,0.02,0.0,1.0,1.0,0.0,0.0,anomaly,normal,anomaly
7104,1,tcp,private,RSTR,0,0,0,0,0,0,0,0,0,0,0,0,0,0,0,0,0,0,304,2,0.0,0.0,1.0,1.0,0.01,0.5,0.0,255,2,0.01,0.5,1.0,0.0,0.0,0.0,1.0,1.0,anomaly,normal,anomaly
2544,0,tcp,netbios_ns,REJ,0,0,0,0,0,0,0,0,0,0,0,0,0,0,0,0,0,0,191,2,0.0,0.0,1.0,1.0,0.01,0.07,0.0,255,2,0.01,0.08,0.0,0.0,0.0,0.0,1.0,1.0,anomaly,normal,anomaly
19066,0,icmp,eco_i,SF,18,0,0,0,0,0,0,0,0,0,0,0,0,0,0,0,0,0,1,1,0.0,0.0,0.0,0.0,1.0,0.0,0.0,1,184,1.0,0.0,1.0,1.0,0.0,0.0,0.0,0.0,anomaly,normal,anomaly
12183,0,tcp,private,S0,0,0,0,0,0,0,0,0,0,0,0,0,0,0,0,0,0,0,241,14,1.0,1.0,0.0,0.0,0.06,0.05,0.0,182,14,0.08,0.07,0.01,0.0,0.92,1.0,0.01,0.0,anomaly,normal,anomaly
9429,0,tcp,netstat,S0,0,0,0,0,0,0,0,0,0,0,0,0,0,0,0,0,0,0,144,23,1.0,1.0,0.0,0.0,0.16,0.05,0.0,255,22,0.09,0.06,0.0,0.0,1.0,1.0,0.0,0.0,anomaly,normal,anomaly
6,0,tcp,private,S0,0,0,0,0,0,0,0,0,0,0,0,0,0,0,0,0,0,0,166,9,1.0,1.0,0.0,0.0,0.05,0.06,0.0,255,9,0.04,0.05,0.0,0.0,1.0,1.0,0.0,0.0,anomaly,normal,anomaly
6602,0,tcp,private,S0,0,0,0,0,0,0,0,0,0,0,0,0,0,0,0,0,0,0,276,6,1.0,1.0,0.0,0.0,0.02,0.06,0.0,255,7,0.03,0.08,0.0,0.0,1.0,1.0,0.0,0.0,anomaly,normal,anomaly
24139,0,icmp,eco_i,SF,8,0,0,0,0,0,0,0,0,0,0,0,0,0,0,0,0,0,1,37,0.0,0.0,0.0,0.0,1.0,0.0,1.0,1,97,1.0,0.0,1.0,0.51,0.0,0.0,0.0,0.0,anomaly,normal,anomaly
9946,0,tcp,private,S0,0,0,0,0,0,0,0,0,0,0,0,0,0,0,0,0,0,0,100,10,1.0,1.0,0.0,0.0,0.1,0.06,0.0,255,27,0.11,0.06,0.0,0.0,1.0,1.0,0.0,0.0,anomaly,normal,anomaly
21936,0,icmp,eco_i,SF,8,0,0,0,0,0,0,0,0,0,0,0,0,0,0,0,0,0,1,19,0.0,0.0,0.0,0.0,1.0,0.0,1.0,3,47,1.0,0.0,1.0,0.26,0.0,0.0,0.0,0.0,anomaly,normal,anomaly
9224,12666,tcp,IRC,RSTR,1921,10470,0,0,0,0,0,0,0,0,0,0,0,0,0,0,0,0,1,1,0.0,0.0,1.0,1.0,1.0,0.0,0.0,8,2,0.25,0.25,0.12,0.0,0.0,0.0,0.25,1.0,normal,anomaly,normal
5507,0,tcp,telnet,S0,0,0,0,0,0,0,0,0,0,0,0,0,0,0,0,0,0,0,34,8,1.0,1.0,0.0,0.0,0.24,0.12,0.0,196,50,0.26,0.02,0.02,0.0,0.99,0.96,0.0,0.0,anomaly,normal,anomaly
19057,0,tcp,iso_tsap,S0,0,0,0,0,0,0,0,0,0,0,0,0,0,0,0,0,0,0,251,12,1.0,1.0,0.0,0.0,0.05,0.07,0.0,255,13,0.05,0.07,0.0,0.0,1.0,1.0,0.0,0.0,anomaly,normal,anomaly
18987,0,icmp,eco_i,SF,8,0,0,0,0,0,0,0,0,0,0,0,0,0,0,0,0,0,1,14,0.0,0.0,0.0,0.0,1.0,0.0,1.0,2,100,1.0,0.0,1.0,0.5,0.0,0.0,0.0,0.0,anomaly,normal,anomaly
19194,0,tcp,whois,S0,0,0,0,0,0,0,0,0,0,0,0,0,0,0,0,0,0,0,201,1,1.0,1.0,0.0,0.0,0.0,0.06,0.0,255,1,0.0,0.08,0.0,0.0,1.0,1.0,0.0,0.0,anomaly,normal,anomaly
3975,0,udp,private,SF,1,74,0,0,0,0,0,0,0,0,0,0,0,0,0,0,0,0,29,15,0.0,0.0,0.0,0.0,0.52,0.1,0.0,255,15,0.06,0.75,0.27,0.0,0.16,0.0,0.57,0.0,anomaly,normal,anomaly
418,0,tcp,private,S0,0,0,0,0,0,0,0,0,0,0,0,0,0,0,0,0,0,0,203,2,1.0,1.0,0.0,0.0,0.01,0.06,0.0,255,9,0.04,0.06,0.0,0.0,1.0,1.0,0.0,0.0,anomaly,normal,anomaly
15456,10,tcp,http,SF,194,954639,0,0,0,0,0,1,0,0,0,0,0,0,0,0,0,0,1,1,0.0,0.0,0.0,0.0,1.0,0.0,0.0,255,255,1.0,0.0,0.0,0.0,0.0,0.0,0.0,0.0,normal,anomaly,normal
17545,0,tcp,http,SF,54540,8314,0,0,0,2,0,1,1,0,0,0,0,0,0,0,0,0,3,3,0.0,0.0,0.0,0.0,1.0,0.0,0.0,82,82,1.0,0.0,0.01,0.0,0.0,0.0,0.17,0.17,anomaly,normal,anomaly
13619,0,tcp,discard,S0,0,0,0,0,0,0,0,0,0,0,0,0,0,0,0,0,0,0,141,20,1.0,1.0,0.0,0.0,0.14,0.07,0.0,255,20,0.08,0.08,0.0,0.0,1.0,1.0,0.0,0.0,anomaly,normal,anomaly
10327,0,tcp,netbios_ns,S0,0,0,0,0,0,0,0,0,0,0,0,0,0,0,0,0,0,0,225,19,1.0,1.0,0.0,0.0,0.08,0.06,0.0,255,19,0.07,0.07,0.0,0.0,1.0,1.0,0.0,0.0,anomaly,normal,anomaly
15637,0,tcp,private,S0,0,0,0,0,0,0,0,0,0,0,0,0,0,0,0,0,0,0,300,6,1.0,1.0,0.0,0.0,0.02,0.06,0.0,255,2,0.01,0.07,0.0,0.0,1.0,1.0,0.0,0.0,anomaly,normal,anomaly
20503,0,tcp,http,S0,0,0,0,0,0,0,0,0,0,0,0,0,0,0,0,0,0,0,1,1,1.0,1.0,0.0,0.0,1.0,0.0,0.0,255,59,0.23,0.04,0.0,0.0,1.0,1.0,0.0,0.0,anomaly,normal,anomaly
16170,0,tcp,iso_tsap,REJ,0,0,0,0,0,0,0,0,0,0,0,0,0,0,0,0,0,0,176,10,0.0,0.0,1.0,1.0,0.06,0.07,0.0,255,10,0.04,0.07,0.0,0.0,0.0,0.0,1.0,1.0,anomaly,normal,anomaly
1049,0,tcp,private,REJ,0,0,0,0,0,0,0,0,0,0,0,0,0,0,0,0,0,0,104,18,0.0,0.0,1.0,1.0,0.17,0.08,0.0,255,18,0.07,0.07,0.0,0.0,0.0,0.0,1.0,1.0,anomaly,normal,anomaly
1195,0,tcp,finger,S0,0,0,0,0,0,0,0,0,0,0,0,0,0,0,0,0,0,0,257,5,1.0,1.0,0.0,0.0,0.02,0.07,0.0,255,5,0.02,0.07,0.0,0.0,1.0,1.0,0.0,0.0,anomaly,normal,anomaly
10336,0,tcp,nntp,S0,0,0,0,0,0,0,0,0,0,0,0,0,0,0,0,0,0,0,287,7,1.0,1.0,0.0,0.0,0.02,0.06,0.0,255,3,0.01,0.07,0.0,0.0,1.0,1.0,0.0,0.0,anomaly,normal,anomaly
6321,0,icmp,eco_i,SF,18,0,0,0,0,0,0,0,0,0,0,0,0,0,0,0,0,0,1,1,0.0,0.0,0.0,0.0,1.0,0.0,0.0,3,167,1.0,0.0,1.0,0.25,0.0,0.0,0.0,0.0,anomaly,normal,anomaly
19990,0,tcp,private,S0,0,0,0,0,0,0,0,0,0,0,0,0,0,0,0,0,0,0,202,18,1.0,1.0,0.0,0.0,0.09,0.06,0.0,255,18,0.07,0.06,0.0,0.0,1.0,1.0,0.0,0.0,anomaly,normal,anomaly
7904,0,tcp,private,S0,0,0,0,0,0,0,0,0,0,0,0,0,0,0,0,0,0,0,114,13,1.0,1.0,0.0,0.0,0.11,0.05,0.0,255,13,0.05,0.06,0.0,0.0,1.0,1.0,0.0,0.0,anomaly,normal,anomaly
4164,0,tcp,sql_net,S0,0,0,0,0,0,0,0,0,0,0,0,0,0,0,0,0,0,0,231,7,1.0,1.0,0.0,0.0,0.03,0.06,0.0,255,18,0.07,0.06,0.0,0.0,1.0,1.0,0.0,0.0,anomaly,normal,anomaly
440,0,tcp,login,RSTO,0,0,0,0,0,0,0,0,0,0,0,0,0,0,0,0,0,0,139,10,0.0,0.0,1.0,1.0,0.07,0.06,0.0,255,10,0.04,0.06,0.0,0.0,0.0,0.0,1.0,1.0,anomaly,normal,anomaly
13997,0,icmp,eco_i,SF,8,0,0,0,0,0,0,0,0,0,0,0,0,0,0,0,0,0,1,43,0.0,0.0,0.0,0.0,1.0,0.0,1.0,3,63,1.0,0.0,1.0,0.25,0.0,0.0,0.0,0.0,anomaly,normal,anomaly
24806,0,tcp,bgp,REJ,0,0,0,0,0,0,0,0,0,0,0,0,0,0,0,0,0,0,207,4,0.0,0.0,1.0,1.0,0.02,0.07,0.0,255,4,0.02,0.07,0.0,0.0,0.0,0.0,1.0,1.0,anomaly,normal,anomaly
10596,0,tcp,netbios_dgm,REJ,0,0,0,0,0,0,0,0,0,0,0,0,0,0,0,0,0,0,124,6,0.0,0.0,1.0,1.0,0.05,0.06,0.0,255,6,0.02,0.07,0.0,0.0,0.0,0.0,1.0,1.0,anomaly,normal,anomaly
17052,0,tcp,private,S0,0,0,0,0,0,0,0,0,0,0,0,0,0,0,0,0,0,0,184,7,1.0,1.0,0.0,0.0,0.04,0.08,0.0,255,16,0.06,0.06,0.0,0.0,1.0,1.0,0.0,0.0,anomaly,normal,anomaly
20890,0,icmp,ecr_i,SF,1032,0,0,0,0,0,0,0,0,0,0,0,0,0,0,0,0,0,335,335,0.0,0.0,0.0,0.0,1.0,0.0,0.0,255,255,1.0,0.0,1.0,0.0,0.0,0.0,0.0,0.0,anomaly,normal,anomaly
14065,0,tcp,http,S0,0,0,0,0,0,0,0,0,0,0,0,0,0,0,0,0,0,0,231,3,1.0,1.0,0.0,0.0,0.01,0.06,0.0,255,3,0.01,0.06,0.0,0.0,1.0,1.0,0.0,0.0,anomaly,normal,anomaly
18732,0,icmp,eco_i,SF,8,0,0,0,0,0,0,0,0,0,0,0,0,0,0,0,0,0,1,45,0.0,0.0,0.0,0.0,1.0,0.0,1.0,1,62,1.0,0.0,1.0,0.52,0.0,0.0,0.0,0.0,anomaly,normal,anomaly
14583,0,tcp,vmnet,S0,0,0,0,0,0,0,0,0,0,0,0,0,0,0,0,0,0,0,266,8,1.0,1.0,0.0,0.0,0.03,0.07,0.0,255,8,0.03,0.08,0.0,0.0,1.0,1.0,0.0,0.0,anomaly,normal,anomaly
1588,0,tcp,bgp,REJ,0,0,0,0,0,0,0,0,0,0,0,0,0,0,0,0,0,0,210,5,0.0,0.0,1.0,1.0,0.02,0.07,0.0,255,5,0.02,0.07,0.0,0.0,0.0,0.0,1.0,1.0,anomaly,normal,anomaly
17730,0,tcp,uucp_path,S0,0,0,0,0,0,0,0,0,0,0,0,0,0,0,0,0,0,0,199,4,1.0,1.0,0.0,0.0,0.02,0.06,0.0,255,4,0.02,0.06,0.0,0.0,1.0,1.0,0.0,0.0,anomaly,normal,anomaly
15319,0,tcp,private,S0,0,0,0,0,0,0,0,0,0,0,0,0,0,0,0,0,0,0,11,2,1.0,1.0,0.0,0.0,0.18,0.27,0.0,255,2,0.01,0.08,0.0,0.0,1.0,1.0,0.0,0.0,anomaly,normal,anomaly
16680,0,tcp,http_443,S0,0,0,0,0,0,0,0,0,0,0,0,0,0,0,0,0,0,0,267,19,1.0,1.0,0.0,0.0,0.07,0.05,0.0,255,19,0.07,0.07,0.0,0.0,1.0,1.0,0.0,0.0,anomaly,normal,anomaly
20378,0,tcp,private,S0,0,0,0,0,0,0,0,0,0,0,0,0,0,0,0,0,0,0,96,13,1.0,1.0,0.0,0.0,0.14,0.06,0.0,255,11,0.04,0.06,0.0,0.0,1.0,1.0,0.0,0.0,anomaly,normal,anomaly
22378,0,tcp,whois,S0,0,0,0,0,0,0,0,0,0,0,0,0,0,0,0,0,0,0,278,25,1.0,1.0,0.0,0.0,0.09,0.05,0.0,255,25,0.1,0.05,0.0,0.0,1.0,1.0,0.0,0.0,anomaly,normal,anomaly
12836,0,tcp,whois,S0,0,0,0,0,0,0,0,0,0,0,0,0,0,0,0,0,0,0,227,17,1.0,1.0,0.0,0.0,0.07,0.05,0.0,255,17,0.07,0.07,0.0,0.0,1.0,1.0,0.0,0.0,anomaly,normal,anomaly
2826,0,tcp,ftp_data,SF,334,0,0,0,0,0,0,1,0,0,0,0,0,0,0,0,0,0,2,2,0.0,0.0,0.0,0.0,0.5,1.0,1.0,6,24,0.83,0.33,1.0,0.12,0.0,0.0,0.0,0.0,anomaly,normal,anomaly
15158,0,tcp,private,S0,0,0,0,0,0,0,0,0,0,0,0,0,0,0,0,0,0,0,171,16,1.0,1.0,0.0,0.0,0.09,0.06,0.0,255,5,0.02,0.08,0.0,0.0,1.0,1.0,0.0,0.0,anomaly,normal,anomaly
16519,0,tcp,efs,S0,0,0,0,0,0,0,0,0,0,0,0,0,0,0,0,0,0,0,117,2,1.0,1.0,0.0,0.0,0.02,0.07,0.0,255,2,0.01,0.06,0.0,0.0,1.0,1.0,0.0,0.0,anomaly,normal,anomaly
16696,0,tcp,private,REJ,0,0,0,0,0,0,0,0,0,0,0,0,0,0,0,0,0,0,86,1,0.08,0.0,0.92,1.0,0.01,1.0,0.0,255,1,0.0,0.61,0.0,0.0,0.03,0.0,0.32,1.0,anomaly,normal,anomaly
9882,0,tcp,private,REJ,0,0,0,0,0,0,0,0,0,0,0,0,0,0,0,0,0,0,102,1,0.0,0.0,1.0,1.0,0.01,0.08,0.0,255,1,0.0,0.07,0.0,0.0,0.0,0.0,1.0,1.0,anomaly,normal,anomaly
11552,0,tcp,netbios_dgm,S0,0,0,0,0,0,0,0,0,0,0,0,0,0,0,0,0,0,0,228,14,1.0,1.0,0.0,0.0,0.06,0.07,0.0,255,14,0.05,0.08,0.0,0.0,1.0,1.0,0.0,0.0,anomaly,normal,anomaly
10066,14101,udp,other,SF,147,105,0,0,0,0,0,0,0,0,0,0,0,0,0,0,0,0,4,2,0.0,0.0,0.0,0.0,0.5,0.5,0.0,255,4,0.02,0.58,0.97,0.0,0.0,0.0,0.0,0.0,normal,anomaly,normal
223,0,tcp,finger,S0,0,0,0,0,0,0,0,0,0,0,0,0,0,0,0,0,0,0,246,20,1.0,1.0,0.0,0.0,0.08,0.06,0.0,255,20,0.08,0.07,0.0,0.0,1.0,1.0,0.0,0.0,anomaly,normal,anomaly
12164,0,icmp,ecr_i,SF,1480,0,0,1,0,0,0,0,0,0,0,0,0,0,0,0,0,0,9,9,0.0,0.0,0.0,0.0,1.0,0.0,0.0,255,9,0.04,0.02,0.04,0.0,0.0,0.0,0.0,0.0,anomaly,normal,anomaly
24088,0,tcp,private,REJ,0,0,0,0,0,0,0,0,0,0,0,0,0,0,0,0,0,0,2,1,0.0,0.0,1.0,1.0,0.5,1.0,0.0,255,1,0.0,0.64,0.63,0.0,0.0,0.0,0.63,1.0,anomaly,normal,anomaly
6204,0,tcp,ftp_data,S0,0,0,0,0,0,0,0,0,0,0,0,0,0,0,0,0,0,0,266,22,1.0,1.0,0.0,0.0,0.08,0.05,0.0,255,22,0.09,0.05,0.0,0.0,1.0,1.0,0.0,0.0,anomaly,normal,anomaly
19430,0,tcp,private,REJ,0,0,0,0,0,0,0,0,0,0,0,0,0,0,0,0,0,0,128,17,0.0,0.0,1.0,1.0,0.13,0.06,0.0,255,17,0.07,0.06,0.0,0.0,0.0,0.0,1.0,1.0,anomaly,normal,anomaly
11111,0,tcp,mtp,S0,0,0,0,0,0,0,0,0,0,0,0,0,0,0,0,0,0,0,300,20,1.0,1.0,0.0,0.0,0.07,0.05,0.0,255,20,0.08,0.08,0.0,0.0,1.0,1.0,0.0,0.0,anomaly,normal,anomaly
19423,0,tcp,private,S0,0,0,0,0,0,0,0,0,0,0,0,0,0,0,0,0,0,0,121,17,1.0,1.0,0.0,0.0,0.14,0.06,0.0,255,1,0.0,0.07,0.0,0.0,1.0,1.0,0.0,0.0,anomaly,normal,anomaly
14162,0,tcp,uucp,S0,0,0,0,0,0,0,0,0,0,0,0,0,0,0,0,0,0,0,115,10,1.0,1.0,0.0,0.0,0.09,0.06,0.0,255,10,0.04,0.06,0.0,0.0,1.0,1.0,0.0,0.0,anomaly,normal,anomaly
2229,0,tcp,private,S0,0,0,0,0,0,0,0,0,0,0,0,0,0,0,0,0,0,0,243,14,1.0,1.0,0.0,0.0,0.06,0.06,0.0,255,12,0.05,0.07,0.0,0.0,1.0,1.0,0.0,0.0,anomaly,normal,anomaly
19776,0,tcp,private,S0,0,0,0,0,0,0,0,0,0,0,0,0,0,0,0,0,0,0,285,20,1.0,1.0,0.0,0.0,0.07,0.06,0.0,255,2,0.01,0.08,0.0,0.0,1.0,1.0,0.0,0.0,anomaly,normal,anomaly
12708,0,tcp,imap4,S0,0,0,0,0,0,0,0,0,0,0,0,0,0,0,0,0,0,0,283,13,1.0,1.0,0.0,0.0,0.05,0.06,0.0,255,13,0.05,0.06,0.0,0.0,1.0,1.0,0.0,0.0,anomaly,normal,anomaly
4235,0,tcp,http_443,S0,0,0,0,0,0,0,0,0,0,0,0,0,0,0,0,0,0,0,120,3,1.0,1.0,0.0,0.0,0.03,0.07,0.0,255,3,0.01,0.07,0.0,0.0,1.0,1.0,0.0,0.0,anomaly,normal,anomaly
10760,0,tcp,telnet,S0,0,0,0,0,0,0,0,0,0,0,0,0,0,0,0,0,0,0,33,17,1.0,1.0,0.0,0.0,0.52,0.06,0.0,255,65,0.25,0.02,0.01,0.0,1.0,1.0,0.0,0.0,anomaly,normal,anomaly
12426,0,icmp,ecr_i,SF,1032,0,0,0,0,0,0,0,0,0,0,0,0,0,0,0,0,0,234,234,0.0,0.0,0.0,0.0,1.0,0.0,0.0,255,234,0.92,0.01,0.92,0.0,0.0,0.0,0.0,0.0,anomaly,normal,anomaly
11077,0,udp,other,SF,1,0,0,0,0,0,0,0,0,0,0,0,0,0,0,0,0,0,32,2,0.0,0.0,0.0,0.0,0.06,0.22,0.0,255,2,0.01,0.17,0.52,0.0,0.0,0.0,0.42,0.0,anomaly,normal,anomaly
15272,0,tcp,telnet,S0,0,0,0,0,0,0,0,0,0,0,0,0,0,0,0,0,0,0,262,17,1.0,1.0,0.0,0.0,0.06,0.05,0.0,255,17,0.07,0.05,0.0,0.0,1.0,1.0,0.0,0.0,anomaly,normal,anomaly
2699,0,tcp,auth,S0,0,0,0,0,0,0,0,0,0,0,0,0,0,0,0,0,0,0,206,9,1.0,1.0,0.0,0.0,0.04,0.06,0.0,255,9,0.04,0.07,0.0,0.0,1.0,1.0,0.0,0.0,anomaly,normal,anomaly
13936,0,tcp,imap4,S0,0,0,0,0,0,0,0,0,0,0,0,0,0,0,0,0,0,0,209,21,1.0,1.0,0.0,0.0,0.1,0.06,0.0,255,21,0.08,0.05,0.0,0.0,1.0,1.0,0.0,0.0,anomaly,normal,anomaly
1250,0,tcp,private,S0,0,0,0,0,0,0,0,0,0,0,0,0,0,0,0,0,0,0,110,18,1.0,1.0,0.0,0.0,0.16,0.05,0.0,255,14,0.05,0.07,0.0,0.0,1.0,1.0,0.0,0.0,anomaly,normal,anomaly
211,0,icmp,ecr_i,SF,1480,0,0,1,0,0,0,0,0,0,0,0,0,0,0,0,0,0,2,4,0.0,0.0,0.0,0.0,1.0,0.0,0.5,2,38,1.0,0.0,1.0,0.5,0.0,0.0,0.0,0.0,anomaly,normal,anomaly
19336,0,tcp,uucp,S0,0,0,0,0,0,0,0,0,0,0,0,0,0,0,0,0,0,0,102,2,1.0,1.0,0.0,0.0,0.02,0.07,0.0,255,8,0.03,0.05,0.0,0.0,1.0,1.0,0.0,0.0,anomaly,normal,anomaly
21305,0,tcp,courier,S0,0,0,0,0,0,0,0,0,0,0,0,0,0,0,0,0,0,0,145,21,1.0,1.0,0.0,0.0,0.14,0.04,0.0,255,21,0.08,0.05,0.0,0.0,1.0,1.0,0.0,0.0,anomaly,normal,anomaly
11735,0,tcp,netstat,S0,0,0,0,0,0,0,0,0,0,0,0,0,0,0,0,0,0,0,287,25,1.0,1.0,0.0,0.0,0.09,0.05,0.0,255,25,0.1,0.05,0.0,0.0,1.0,1.0,0.0,0.0,anomaly,normal,anomaly
23519,0,tcp,domain,S0,0,0,0,0,0,0,0,0,0,0,0,0,0,0,0,0,0,0,221,3,1.0,1.0,0.0,0.0,0.01,0.06,0.0,255,3,0.01,0.06,0.0,0.0,1.0,1.0,0.0,0.0,anomaly,normal,anomaly
23859,0,tcp,private,S0,0,0,0,0,0,0,0,0,0,0,0,0,0,0,0,0,0,0,118,3,1.0,1.0,0.0,0.0,0.03,0.07,0.0,255,17,0.07,0.09,0.0,0.0,1.0,1.0,0.0,0.0,anomaly,normal,anomaly
11257,0,tcp,efs,S0,0,0,0,0,0,0,0,0,0,0,0,0,0,0,0,0,0,0,135,2,1.0,1.0,0.0,0.0,0.01,0.06,0.0,255,2,0.01,0.07,0.0,0.0,1.0,1.0,0.0,0.0,anomaly,normal,anomaly
21124,0,tcp,systat,S0,0,0,0,0,0,0,0,0,0,0,0,0,0,0,0,0,0,0,297,18,1.0,1.0,0.0,0.0,0.06,0.06,0.0,255,18,0.07,0.07,0.0,0.0,1.0,1.0,0.0,0.0,anomaly,normal,anomaly
21249,0,tcp,telnet,S0,0,0,0,0,0,0,0,0,0,0,0,0,0,0,0,0,0,0,261,10,1.0,1.0,0.0,0.0,0.04,0.06,0.0,255,10,0.04,0.09,0.0,0.0,1.0,1.0,0.0,0.0,anomaly,normal,anomaly
6609,0,icmp,eco_i,SF,8,0,0,0,0,0,0,0,0,0,0,0,0,0,0,0,0,0,1,1,0.0,0.0,0.0,0.0,1.0,0.0,0.0,1,137,1.0,0.0,1.0,0.5,0.0,0.0,0.0,0.0,anomaly,normal,anomaly
23436,0,tcp,csnet_ns,S0,0,0,0,0,0,0,0,0,0,0,0,0,0,0,0,0,0,0,240,18,1.0,1.0,0.0,0.0,0.08,0.05,0.0,255,18,0.07,0.06,0.0,0.0,1.0,1.0,0.0,0.0,anomaly,normal,anomaly
16684,0,tcp,private,S0,0,0,0,0,0,0,0,0,0,0,0,0,0,0,0,0,0,0,111,9,1.0,1.0,0.0,0.0,0.08,0.08,0.0,255,9,0.04,0.07,0.0,0.0,1.0,1.0,0.0,0.0,anomaly,normal,anomaly
8052,0,udp,private,SF,215,0,0,0,0,0,0,0,0,0,0,0,0,0,0,0,0,0,1,1,0.0,0.0,0.0,0.0,1.0,0.0,0.0,95,79,0.83,0.02,0.83,0.0,0.0,0.0,0.0,0.0,anomaly,normal,anomaly
18808,0,tcp,efs,REJ,0,0,0,0,0,0,0,0,0,0,0,0,0,0,0,0,0,0,143,14,0.0,0.0,1.0,1.0,0.1,0.06,0.0,255,14,0.05,0.06,0.0,0.0,0.0,0.0,1.0,1.0,anomaly,normal,anomaly
4747,0,tcp,private,S0,0,0,0,0,0,0,0,0,0,0,0,0,0,0,0,0,0,0,101,2,1.0,1.0,0.0,0.0,0.02,0.06,0.0,255,2,0.01,0.05,0.0,0.0,1.0,1.0,0.0,0.0,anomaly,normal,anomaly
17933,0,tcp,private,S0,0,0,0,0,0,0,0,0,0,0,0,0,0,0,0,0,0,0,292,11,1.0,1.0,0.0,0.0,0.04,0.05,0.0,255,3,0.01,0.06,0.0,0.0,1.0,1.0,0.0,0.0,anomaly,normal,anomaly
16812,2,tcp,ftp_data,SF,2194619,0,0,0,0,0,0,0,0,0,0,0,0,0,0,0,0,0,2,2,0.0,0.0,0.0,0.0,1.0,0.0,0.0,39,34,0.28,0.15,0.28,0.06,0.0,0.0,0.0,0.0,normal,anomaly,normal
19175,0,tcp,http,RSTR,24252,7300,0,0,0,1,0,1,0,0,0,0,0,0,0,0,0,0,2,2,0.0,0.0,0.5,0.5,1.0,0.0,0.0,255,255,1.0,0.0,0.0,0.0,0.0,0.0,0.05,0.05,anomaly,normal,anomaly
12067,0,tcp,private,RSTR,0,0,0,0,0,0,0,0,0,0,0,0,0,0,0,0,0,0,1,1,0.0,0.0,1.0,1.0,1.0,0.0,0.0,124,1,0.01,0.62,0.61,0.0,0.05,0.0,0.6,1.0,anomaly,normal,anomaly
12238,0,tcp,nnsp,REJ,0,0,0,0,0,0,0,0,0,0,0,0,0,0,0,0,0,0,134,5,0.0,0.0,1.0,1.0,0.04,0.07,0.0,255,4,0.02,0.06,0.0,0.0,0.0,0.0,1.0,1.0,anomaly,normal,anomaly
12118,0,tcp,private,REJ,0,0,0,0,0,0,0,0,0,0,0,0,0,0,0,0,0,0,272,15,0.0,0.0,1.0,1.0,0.06,0.06,0.0,255,15,0.06,0.09,0.0,0.0,0.0,0.0,1.0,1.0,anomaly,normal,anomaly
224,0,icmp,eco_i,SF,8,0,0,0,0,0,0,0,0,0,0,0,0,0,0,0,0,0,1,50,0.0,0.0,0.0,0.0,1.0,0.0,1.0,1,25,1.0,0.0,1.0,0.56,0.0,0.0,0.0,0.0,anomaly,normal,anomaly
7990,0,tcp,klogin,S0,0,0,0,0,0,0,0,0,0,0,0,0,0,0,0,0,0,0,118,13,1.0,1.0,0.0,0.0,0.11,0.06,0.0,255,7,0.03,0.07,0.0,0.0,1.0,1.0,0.0,0.0,anomaly,normal,anomaly
15289,0,tcp,iso_tsap,S0,0,0,0,0,0,0,0,0,0,0,0,0,0,0,0,0,0,0,101,1,1.0,1.0,0.0,0.0,0.01,0.07,0.0,255,1,0.0,0.07,0.0,0.0,1.0,1.0,0.0,0.0,anomaly,normal,anomaly
17159,0,tcp,private,S0,0,0,0,0,0,0,0,0,0,0,0,0,0,0,0,0,0,0,248,9,1.0,1.0,0.0,0.0,0.04,0.07,0.0,255,9,0.04,0.08,0.0,0.0,1.0,1.0,0.0,0.0,anomaly,normal,anomaly
11542,0,tcp,courier,S0,0,0,0,0,0,0,0,0,0,0,0,0,0,0,0,0,0,0,124,6,1.0,1.0,0.0,0.0,0.05,0.06,0.0,255,12,0.05,0.06,0.0,0.0,1.0,1.0,0.0,0.0,anomaly,normal,anomaly
7046,0,tcp,domain,S0,0,0,0,0,0,0,0,0,0,0,0,0,0,0,0,0,0,0,214,17,1.0,1.0,0.0,0.0,0.08,0.07,0.0,255,17,0.07,0.07,0.0,0.0,1.0,1.0,0.0,0.0,anomaly,normal,anomaly
20962,0,icmp,eco_i,SF,8,0,0,0,0,0,0,0,0,0,0,0,0,0,0,0,0,0,1,40,0.0,0.0,0.0,0.0,1.0,0.0,1.0,2,152,1.0,0.0,1.0,0.5,0.0,0.0,0.0,0.0,anomaly,normal,anomaly
17090,0,tcp,daytime,S0,0,0,0,0,0,0,0,0,0,0,0,0,0,0,0,0,0,0,186,24,1.0,1.0,0.0,0.0,0.13,0.05,0.0,255,24,0.09,0.05,0.0,0.0,1.0,1.0,0.0,0.0,anomaly,normal,anomaly
17266,0,tcp,private,REJ,0,0,0,0,0,0,0,0,0,0,0,0,0,0,0,0,0,0,129,12,0.0,0.0,1.0,1.0,0.09,0.06,0.0,255,12,0.05,0.08,0.0,0.0,0.0,0.0,1.0,1.0,anomaly,normal,anomaly
13735,0,tcp,private,S0,0,0,0,0,0,0,0,0,0,0,0,0,0,0,0,0,0,0,105,4,1.0,1.0,0.0,0.0,0.04,0.07,0.0,255,11,0.04,0.07,0.0,0.0,1.0,1.0,0.0,0.0,anomaly,normal,anomaly
1236,0,tcp,private,REJ,0,0,0,0,0,0,0,0,0,0,0,0,0,0,0,0,0,0,133,3,0.0,0.0,1.0,1.0,0.02,0.07,0.0,255,1,0.0,0.07,0.0,0.0,0.0,0.0,1.0,1.0,anomaly,normal,anomaly
13995,0,udp,private,SF,1,0,0,0,0,0,0,0,0,0,0,0,0,0,0,0,0,0,19,5,0.0,0.0,0.0,0.0,0.26,0.26,0.0,255,43,0.17,0.46,0.69,0.0,0.0,0.0,0.31,0.0,anomaly,normal,anomaly
22858,0,tcp,uucp,RSTO,0,0,0,0,0,0,0,0,0,0,0,0,0,0,0,0,0,0,105,4,0.0,0.0,1.0,1.0,0.04,0.08,0.0,255,4,0.02,0.06,0.0,0.0,0.0,0.0,1.0,1.0,anomaly,normal,anomaly
21886,0,tcp,private,S0,0,0,0,0,0,0,0,0,0,0,0,0,0,0,0,0,0,0,50,21,1.0,1.0,0.0,0.0,0.42,0.1,0.0,255,21,0.08,0.07,0.0,0.0,1.0,1.0,0.0,0.0,anomaly,normal,anomaly
780,0,tcp,hostnames,S0,0,0,0,0,0,0,0,0,0,0,0,0,0,0,0,0,0,0,269,18,1.0,1.0,0.0,0.0,0.07,0.06,0.0,255,18,0.07,0.06,0.0,0.0,1.0,1.0,0.0,0.0,anomaly,normal,anomaly
905,0,tcp,ftp,S0,0,0,0,0,0,0,0,0,0,0,0,0,0,0,0,0,0,0,262,18,1.0,1.0,0.0,0.0,0.07,0.06,0.0,255,18,0.07,0.06,0.0,0.0,1.0,1.0,0.0,0.0,anomaly,normal,anomaly
22304,0,udp,private,SF,1,0,0,0,0,0,0,0,0,0,0,0,0,0,0,0,0,0,22,1,0.0,0.0,0.0,0.0,0.05,0.14,0.0,255,1,0.0,0.9,0.11,0.0,0.13,0.0,0.76,0.0,anomaly,normal,anomaly
13068,0,tcp,iso_tsap,S0,0,0,0,0,0,0,0,0,0,0,0,0,0,0,0,0,0,0,291,14,1.0,1.0,0.0,0.0,0.05,0.06,0.0,255,6,0.02,0.07,0.0,0.0,1.0,1.0,0.0,0.0,anomaly,normal,anomaly
20748,0,tcp,nnsp,S0,0,0,0,0,0,0,0,0,0,0,0,0,0,0,0,0,0,0,85,16,1.0,1.0,0.0,0.0,0.19,0.07,0.0,255,16,0.06,0.07,0.0,0.0,1.0,1.0,0.0,0.0,anomaly,normal,anomaly
2745,0,icmp,ecr_i,SF,1032,0,0,0,0,0,0,0,0,0,0,0,0,0,0,0,0,0,178,178,0.0,0.0,0.0,0.0,1.0,0.0,0.0,255,178,0.7,0.01,0.7,0.0,0.0,0.0,0.0,0.0,anomaly,normal,anomaly
6451,0,tcp,http,SF,54540,8314,0,0,0,2,0,1,1,0,0,0,0,0,0,0,0,0,6,6,0.0,0.0,0.0,0.0,1.0,0.0,0.0,255,255,1.0,0.0,0.0,0.0,0.01,0.01,0.02,0.02,anomaly,normal,anomaly
20463,0,icmp,eco_i,SF,8,0,0,0,0,0,0,0,0,0,0,0,0,0,0,0,0,0,1,26,0.0,0.0,0.0,0.0,1.0,0.0,1.0,2,110,1.0,0.0,1.0,0.5,0.0,0.0,0.0,0.0,anomaly,normal,anomaly
13461,0,tcp,private,S0,0,0,0,0,0,0,0,0,0,0,0,0,0,0,0,0,0,0,246,1,1.0,1.0,0.0,0.0,0.0,0.06,0.0,255,19,0.07,0.08,0.0,0.0,1.0,1.0,0.0,0.0,anomaly,normal,anomaly
9879,0,tcp,hostnames,S0,0,0,0,0,0,0,0,0,0,0,0,0,0,0,0,0,0,0,261,3,1.0,1.0,0.0,0.0,0.01,0.06,0.0,255,3,0.01,0.07,0.0,0.0,1.0,1.0,0.0,0.0,anomaly,normal,anomaly
6885,0,tcp,other,REJ,0,0,0,0,0,0,0,0,0,0,0,0,0,0,0,0,0,0,330,1,0.06,0.0,0.9,1.0,0.0,1.0,0.0,255,1,0.0,1.0,0.0,0.0,0.08,0.0,0.89,1.0,anomaly,normal,anomaly
1036,0,tcp,private,REJ,0,0,0,0,0,0,0,0,0,0,0,0,0,0,0,0,0,0,144,14,0.0,0.0,1.0,1.0,0.1,0.06,0.0,255,29,0.11,0.05,0.0,0.0,0.0,0.0,1.0,1.0,anomaly,normal,anomaly
17357,0,tcp,private,S0,0,0,0,0,0,0,0,0,0,0,0,0,0,0,0,0,0,0,250,1,1.0,1.0,0.0,0.0,0.0,0.05,0.0,208,1,0.0,0.07,0.0,0.0,0.99,1.0,0.0,0.0,anomaly,normal,anomaly
11181,0,tcp,auth,S0,0,0,0,0,0,0,0,0,0,0,0,0,0,0,0,0,0,0,233,21,1.0,1.0,0.0,0.0,0.09,0.05,0.0,255,21,0.08,0.05,0.0,0.0,1.0,1.0,0.0,0.0,anomaly,normal,anomaly
4196,0,tcp,link,REJ,0,0,0,0,0,0,0,0,0,0,0,0,0,0,0,0,0,0,244,9,0.0,0.0,1.0,1.0,0.04,0.07,0.0,255,9,0.04,0.07,0.0,0.0,0.0,0.0,1.0,1.0,anomaly,normal,anomaly
23677,0,tcp,ftp_data,SF,334,0,0,0,0,0,0,1,0,0,0,0,0,0,0,0,0,0,1,1,0.0,0.0,0.0,0.0,1.0,0.0,0.0,3,29,1.0,0.0,1.0,0.14,0.0,0.0,0.0,0.0,anomaly,normal,anomaly
7466,0,tcp,private,S0,0,0,0,0,0,0,0,0,0,0,0,0,0,0,0,0,0,0,120,10,1.0,1.0,0.0,0.0,0.08,0.07,0.0,174,10,0.06,0.07,0.01,0.0,1.0,1.0,0.0,0.0,anomaly,normal,anomaly
2900,0,tcp,private,S0,0,0,0,0,0,0,0,0,0,0,0,0,0,0,0,0,0,0,114,20,1.0,1.0,0.0,0.0,0.18,0.05,0.0,255,6,0.02,0.06,0.0,0.0,1.0,1.0,0.0,0.0,anomaly,normal,anomaly
22002,0,udp,private,SF,28,0,0,3,0,0,0,0,0,0,0,0,0,0,0,0,0,0,3,3,0.0,0.0,0.0,0.0,1.0,0.0,0.0,206,3,0.01,0.05,0.01,0.0,0.02,0.0,0.0,0.0,anomaly,normal,anomaly
3759,0,tcp,private,S0,0,0,0,0,0,0,0,0,0,0,0,0,0,0,0,0,0,0,196,20,1.0,1.0,0.0,0.0,0.1,0.05,0.0,255,2,0.01,0.08,0.0,0.0,1.0,1.0,0.0,0.0,anomaly,normal,anomaly
24191,0,tcp,private,S0,0,0,0,0,0,0,0,0,0,0,0,0,0,0,0,0,0,0,139,18,1.0,1.0,0.0,0.0,0.13,0.06,0.0,255,1,0.0,0.07,0.0,0.0,1.0,1.0,0.0,0.0,anomaly,normal,anomaly
18559,0,tcp,private,S0,0,0,0,0,0,0,0,0,0,0,0,0,0,0,0,0,0,0,58,10,1.0,1.0,0.0,0.0,0.17,0.1,0.0,255,10,0.04,0.07,0.0,0.0,1.0,1.0,0.0,0.0,anomaly,normal,anomaly
1581,0,tcp,private,REJ,0,0,0,0,0,0,0,0,0,0,0,0,0,0,0,0,0,0,198,17,0.0,0.0,1.0,1.0,0.09,0.07,0.0,255,17,0.07,0.07,0.0,0.0,0.0,0.0,1.0,1.0,anomaly,normal,anomaly
22172,0,tcp,mtp,S0,0,0,0,0,0,0,0,0,0,0,0,0,0,0,0,0,0,0,252,4,1.0,1.0,0.0,0.0,0.02,0.06,0.0,255,4,0.02,0.06,0.0,0.0,1.0,1.0,0.0,0.0,anomaly,normal,anomaly
24648,0,icmp,eco_i,SF,8,0,0,0,0,0,0,0,0,0,0,0,0,0,0,0,0,0,1,33,0.0,0.0,0.0,0.0,1.0,0.0,1.0,1,99,1.0,0.0,1.0,0.51,0.0,0.0,0.0,0.0,anomaly,normal,anomaly
24900,0,tcp,smtp,S0,0,0,0,0,0,0,0,0,0,0,0,0,0,0,0,0,0,0,8,8,1.0,1.0,0.0,0.0,1.0,0.0,0.0,190,142,0.46,0.01,0.01,0.01,0.99,0.62,0.0,0.0,anomaly,normal,anomaly
9608,0,tcp,ctf,S0,0,0,0,0,0,0,0,0,0,0,0,0,0,0,0,0,0,0,250,6,1.0,1.0,0.0,0.0,0.02,0.06,0.0,255,6,0.02,0.08,0.0,0.0,1.0,1.0,0.0,0.0,anomaly,normal,anomaly
1739,0,tcp,Z39_50,S0,0,0,0,0,0,0,0,0,0,0,0,0,0,0,0,0,0,0,280,16,1.0,1.0,0.0,0.0,0.06,0.06,0.0,255,16,0.06,0.08,0.0,0.0,1.0,1.0,0.0,0.0,anomaly,normal,anomaly
3997,0,icmp,eco_i,SF,8,0,0,0,0,0,0,0,0,0,0,0,0,0,0,0,0,0,1,4,0.0,0.0,0.0,0.0,1.0,0.0,1.0,1,255,1.0,0.0,1.0,0.5,0.0,0.0,0.0,0.0,anomaly,normal,anomaly
14004,0,tcp,ftp_data,REJ,0,0,0,0,0,0,0,0,0,0,0,0,0,0,0,0,0,0,235,19,0.0,0.0,1.0,1.0,0.08,0.07,0.0,255,19,0.07,0.07,0.0,0.0,0.0,0.0,1.0,1.0,anomaly,normal,anomaly
21686,0,tcp,vmnet,S0,0,0,0,0,0,0,0,0,0,0,0,0,0,0,0,0,0,0,223,25,1.0,1.0,0.0,0.0,0.11,0.05,0.0,255,25,0.1,0.05,0.0,0.0,1.0,1.0,0.0,0.0,anomaly,normal,anomaly
13115,0,tcp,vmnet,S0,0,0,0,0,0,0,0,0,0,0,0,0,0,0,0,0,0,0,238,17,1.0,1.0,0.0,0.0,0.07,0.05,0.0,255,17,0.07,0.06,0.0,0.0,1.0,1.0,0.0,0.0,anomaly,normal,anomaly
10666,0,tcp,http,RSTR,33336,2920,0,0,0,1,0,1,0,0,0,0,0,0,0,0,0,0,5,5,0.0,0.0,0.4,0.4,1.0,0.0,0.0,255,255,1.0,0.0,0.0,0.0,0.0,0.0,0.06,0.06,anomaly,normal,anomaly
11383,0,tcp,finger,S0,0,0,0,0,0,0,0,0,0,0,0,0,0,0,0,0,0,0,254,3,1.0,1.0,0.0,0.0,0.01,0.07,0.0,255,3,0.01,0.07,0.0,0.0,1.0,1.0,0.0,0.0,anomaly,normal,anomaly
18463,0,tcp,telnet,RSTO,0,15,0,0,0,0,0,0,0,0,0,0,0,0,0,0,0,0,1,1,0.0,0.0,1.0,1.0,1.0,0.0,0.0,4,3,0.25,1.0,0.25,1.0,0.0,0.0,1.0,0.67,anomaly,normal,anomaly
14251,0,icmp,ecr_i,SF,520,0,0,0,0,0,0,0,0,0,0,0,0,0,0,0,0,0,257,257,0.0,0.0,0.0,0.0,1.0,0.0,0.0,255,255,1.0,0.0,1.0,0.0,0.0,0.0,0.0,0.0,anomaly,normal,anomaly
5979,0,tcp,private,S0,0,0,0,0,0,0,0,0,0,0,0,0,0,0,0,0,0,0,110,10,1.0,1.0,0.0,0.0,0.09,0.06,0.0,255,28,0.11,0.06,0.0,0.0,1.0,1.0,0.0,0.0,anomaly,normal,anomaly
17814,0,tcp,private,REJ,0,0,0,0,0,0,0,0,0,0,0,0,0,0,0,0,0,0,132,18,0.0,0.0,1.0,1.0,0.14,0.07,0.0,157,18,0.11,0.07,0.01,0.0,0.0,0.0,1.0,1.0,anomaly,normal,anomaly
16920,0,tcp,finger,S0,0,0,0,0,0,0,0,0,0,0,0,0,0,0,0,0,0,0,6,2,1.0,1.0,0.0,0.0,0.33,0.33,0.0,248,62,0.25,0.02,0.0,0.0,0.99,1.0,0.0,0.0,anomaly,normal,anomaly
4923,0,tcp,private,S0,0,0,0,0,0,0,0,0,0,0,0,0,0,0,0,0,0,0,107,11,1.0,1.0,0.0,0.0,0.1,0.06,0.0,255,13,0.05,0.06,0.0,0.0,1.0,1.0,0.0,0.0,anomaly,normal,anomaly
12578,0,tcp,netbios_ssn,S0,0,0,0,0,0,0,0,0,0,0,0,0,0,0,0,0,0,0,259,11,1.0,1.0,0.0,0.0,0.04,0.06,0.0,255,11,0.04,0.06,0.0,0.0,1.0,1.0,0.0,0.0,anomaly,normal,anomaly
3984,0,udp,private,SF,28,0,0,3,0,0,0,0,0,0,0,0,0,0,0,0,0,0,30,30,0.0,0.0,0.0,0.0,1.0,0.0,0.0,255,30,0.12,0.01,0.12,0.0,0.0,0.0,0.0,0.0,anomaly,normal,anomaly
899,0,tcp,uucp,S0,0,0,0,0,0,0,0,0,0,0,0,0,0,0,0,0,0,0,120,2,1.0,1.0,0.0,0.0,0.02,0.06,0.0,255,1,0.0,0.07,0.0,0.0,1.0,1.0,0.0,0.0,anomaly,normal,anomaly
10669,0,tcp,Z39_50,S0,0,0,0,0,0,0,0,0,0,0,0,0,0,0,0,0,0,0,13,5,1.0,1.0,0.0,0.0,0.38,0.31,0.0,255,5,0.02,0.09,0.0,0.0,1.0,1.0,0.0,0.0,anomaly,normal,anomaly
6499,0,tcp,whois,S0,0,0,0,0,0,0,0,0,0,0,0,0,0,0,0,0,0,0,210,11,1.0,1.0,0.0,0.0,0.05,0.07,0.0,255,11,0.04,0.07,0.0,0.0,1.0,1.0,0.0,0.0,anomaly,normal,anomaly
16871,0,tcp,private,S0,0,0,0,0,0,0,0,0,0,0,0,0,0,0,0,0,0,0,192,5,1.0,1.0,0.0,0.0,0.03,0.06,0.0,255,15,0.06,0.07,0.0,0.0,1.0,1.0,0.0,0.0,anomaly,normal,anomaly
2695,0,tcp,uucp_path,S0,0,0,0,0,0,0,0,0,0,0,0,0,0,0,0,0,0,0,222,18,1.0,1.0,0.0,0.0,0.08,0.06,0.0,255,18,0.07,0.07,0.0,0.0,1.0,1.0,0.0,0.0,anomaly,normal,anomaly
18720,0,tcp,private,S0,0,0,0,0,0,0,0,0,0,0,0,0,0,0,0,0,0,0,13,7,1.0,1.0,0.0,0.0,0.54,0.15,0.0,255,9,0.04,0.07,0.0,0.0,1.0,1.0,0.0,0.0,anomaly,normal,anomaly
25067,0,tcp,telnet,S0,0,0,0,0,0,0,0,0,0,0,0,0,0,0,0,0,0,0,15,15,1.0,1.0,0.0,0.0,1.0,0.0,0.0,177,97,0.55,0.01,0.01,0.0,0.99,0.98,0.0,0.0,anomaly,normal,anomaly
17883,0,tcp,time,S0,0,0,0,0,0,0,0,0,0,0,0,0,0,0,0,0,0,0,241,1,1.0,1.0,0.0,0.0,0.0,0.06,0.0,255,1,0.0,0.07,0.0,0.0,1.0,1.0,0.0,0.0,anomaly,normal,anomaly
23786,0,tcp,private,SH,0,0,0,0,0,0,0,0,0,0,0,0,0,0,0,0,0,0,1,1,1.0,1.0,0.0,0.0,1.0,0.0,0.0,161,1,0.01,0.94,0.95,0.0,0.95,1.0,0.0,0.0,anomaly,normal,anomaly
19296,0,udp,private,SF,28,0,0,3,0,0,0,0,0,0,0,0,0,0,0,0,0,0,4,4,0.0,0.0,0.0,0.0,1.0,0.0,0.0,76,4,0.05,0.05,0.05,0.0,0.0,0.0,0.0,0.0,anomaly,normal,anomaly
23639,0,tcp,private,S0,0,0,0,0,0,0,0,0,0,0,0,0,0,0,0,0,0,0,61,3,1.0,1.0,0.0,0.0,0.05,0.08,0.0,255,18,0.07,0.08,0.0,0.0,1.0,1.0,0.0,0.0,anomaly,normal,anomaly
24502,0,tcp,netbios_dgm,RSTR,0,0,0,0,0,0,0,0,0,0,0,0,0,0,0,0,0,0,1,1,0.0,0.0,1.0,1.0,1.0,0.0,0.0,255,1,0.0,0.5,1.0,0.0,0.0,0.0,1.0,1.0,anomaly,normal,anomaly
10559,0,tcp,uucp,S0,0,0,0,0,0,0,0,0,0,0,0,0,0,0,0,0,0,0,139,9,1.0,1.0,0.0,0.0,0.06,0.06,0.0,255,2,0.01,0.07,0.0,0.0,1.0,1.0,0.0,0.0,anomaly,normal,anomaly
20904,0,tcp,ftp_data,SF,334,0,0,0,0,0,0,1,0,0,0,0,0,0,0,0,0,0,1,1,0.0,0.0,0.0,0.0,1.0,0.0,0.0,6,40,1.0,0.0,1.0,0.15,0.0,0.03,0.0,0.0,anomaly,normal,anomaly
10622,0,tcp,ftp_data,S0,0,0,0,0,0,0,0,0,0,0,0,0,0,0,0,0,0,0,80,20,1.0,1.0,0.0,0.0,0.25,0.05,0.0,255,60,0.24,0.03,0.0,0.0,1.0,1.0,0.0,0.0,anomaly,normal,anomaly
9663,0,tcp,private,REJ,0,0,0,0,0,0,0,0,0,0,0,0,0,0,0,0,0,0,68,12,0.0,0.0,1.0,1.0,0.18,0.09,0.0,255,12,0.05,0.07,0.0,0.0,0.0,0.0,1.0,1.0,anomaly,normal,anomaly
14698,0,tcp,ftp_data,S0,0,0,0,0,0,0,0,0,0,0,0,0,0,0,0,0,0,0,6,6,1.0,1.0,0.0,0.0,1.0,0.0,0.0,255,54,0.21,0.02,0.0,0.0,1.0,1.0,0.0,0.0,anomaly,normal,anomaly
9030,0,tcp,http,S0,0,0,0,0,0,0,0,0,0,0,0,0,0,0,0,0,0,0,243,4,1.0,1.0,0.0,0.0,0.02,0.07,0.0,255,4,0.02,0.07,0.0,0.0,1.0,1.0,0.0,0.0,anomaly,normal,anomaly
14618,0,tcp,finger,S0,0,0,0,0,0,0,0,0,0,0,0,0,0,0,0,0,0,0,280,16,1.0,1.0,0.0,0.0,0.06,0.05,0.0,255,16,0.06,0.05,0.0,0.0,1.0,1.0,0.0,0.0,anomaly,normal,anomaly
16553,0,tcp,ftp_data,S0,0,0,0,0,0,0,0,0,0,0,0,0,0,0,0,0,0,0,19,3,1.0,1.0,0.0,0.0,0.16,0.21,0.0,255,63,0.25,0.02,0.0,0.0,1.0,1.0,0.0,0.0,anomaly,normal,anomaly
5703,0,udp,private,SF,1,0,0,0,0,0,0,0,0,0,0,0,0,0,0,0,0,0,36,3,0.0,0.0,0.0,0.0,0.08,0.11,0.0,255,3,0.01,0.24,0.96,0.0,0.0,0.0,0.04,0.0,anomaly,normal,anomaly
11510,0,tcp,netstat,REJ,0,0,0,0,0,0,0,0,0,0,0,0,0,0,0,0,0,0,285,17,0.0,0.0,1.0,1.0,0.06,0.06,0.0,255,17,0.07,0.07,0.0,0.0,0.0,0.0,1.0,1.0,anomaly,normal,anomaly
1854,0,tcp,private,S0,0,0,0,0,0,0,0,0,0,0,0,0,0,0,0,0,0,0,85,3,1.0,1.0,0.0,0.0,0.04,0.07,0.0,255,3,0.01,0.06,0.0,0.0,1.0,1.0,0.0,0.0,anomaly,normal,anomaly
8301,0,tcp,auth,S0,0,0,0,0,0,0,0,0,0,0,0,0,0,0,0,0,0,0,242,10,1.0,1.0,0.0,0.0,0.04,0.06,0.0,255,3,0.01,0.07,0.0,0.0,1.0,1.0,0.0,0.0,anomaly,normal,anomaly
7108,0,tcp,netbios_dgm,S0,0,0,0,0,0,0,0,0,0,0,0,0,0,0,0,0,0,0,193,15,1.0,1.0,0.0,0.0,0.08,0.06,0.0,255,15,0.06,0.07,0.0,0.0,1.0,1.0,0.0,0.0,anomaly,normal,anomaly
14246,0,tcp,private,S0,0,0,0,0,0,0,0,0,0,0,0,0,0,0,0,0,0,0,118,17,1.0,1.0,0.0,0.0,0.14,0.06,0.0,255,12,0.05,0.06,0.0,0.0,1.0,1.0,0.0,0.0,anomaly,normal,anomaly
9373,0,tcp,private,S0,0,0,0,0,0,0,0,0,0,0,0,0,0,0,0,0,0,0,218,19,1.0,1.0,0.0,0.0,0.09,0.06,0.0,255,19,0.07,0.05,0.0,0.0,1.0,1.0,0.0,0.0,anomaly,normal,anomaly
14210,0,icmp,eco_i,SF,8,0,0,0,0,0,0,0,0,0,0,0,0,0,0,0,0,0,1,37,0.0,0.0,0.0,0.0,1.0,0.0,1.0,2,64,1.0,0.0,1.0,0.5,0.0,0.0,0.0,0.0,anomaly,normal,anomaly
15643,0,tcp,kshell,REJ,0,0,0,0,0,0,0,0,0,0,0,0,0,0,0,0,0,0,146,19,0.0,0.0,1.0,1.0,0.13,0.06,0.0,255,19,0.07,0.06,0.0,0.0,0.0,0.0,1.0,1.0,anomaly,normal,anomaly
7589,0,tcp,hostnames,S0,0,0,0,0,0,0,0,0,0,0,0,0,0,0,0,0,0,0,233,2,1.0,1.0,0.0,0.0,0.01,0.06,0.0,255,2,0.01,0.07,0.0,0.0,1.0,1.0,0.0,0.0,anomaly,normal,anomaly
4097,0,tcp,netbios_dgm,S0,0,0,0,0,0,0,0,0,0,0,0,0,0,0,0,0,0,0,252,24,1.0,1.0,0.0,0.0,0.1,0.05,0.0,255,24,0.09,0.05,0.0,0.0,1.0,1.0,0.0,0.0,anomaly,normal,anomaly
8475,0,tcp,private,S0,0,0,0,0,0,0,0,0,0,0,0,0,0,0,0,0,0,0,198,16,1.0,1.0,0.0,0.0,0.08,0.07,0.0,255,16,0.06,0.06,0.0,0.0,1.0,1.0,0.0,0.0,anomaly,normal,anomaly
14479,0,tcp,login,S0,0,0,0,0,0,0,0,0,0,0,0,0,0,0,0,0,0,0,136,20,1.0,1.0,0.0,0.0,0.15,0.06,0.0,255,19,0.07,0.07,0.0,0.0,1.0,1.0,0.0,0.0,anomaly,normal,anomaly
5141,0,tcp,private,S0,0,0,0,0,0,0,0,0,0,0,0,0,0,0,0,0,0,0,118,17,1.0,1.0,0.0,0.0,0.14,0.06,0.0,148,4,0.03,0.11,0.01,0.0,1.0,1.0,0.0,0.0,anomaly,normal,anomaly
12519,0,tcp,Z39_50,S0,0,0,0,0,0,0,0,0,0,0,0,0,0,0,0,0,0,0,293,21,1.0,1.0,0.0,0.0,0.07,0.05,0.0,255,21,0.08,0.05,0.0,0.0,1.0,1.0,0.0,0.0,anomaly,normal,anomaly
8440,0,tcp,private,REJ,0,0,0,0,0,0,0,0,0,0,0,0,0,0,0,0,0,0,258,16,0.0,0.0,1.0,1.0,0.06,0.06,0.0,255,16,0.06,0.06,0.0,0.0,0.0,0.0,1.0,1.0,anomaly,normal,anomaly
13949,0,icmp,eco_i,SF,8,0,0,0,0,0,0,0,0,0,0,0,0,0,0,0,0,0,1,51,0.0,0.0,0.0,0.0,1.0,0.0,1.0,1,21,1.0,0.0,1.0,0.52,0.0,0.0,0.0,0.0,anomaly,normal,anomaly
18121,0,icmp,ecr_i,SF,520,0,0,0,0,0,0,0,0,0,0,0,0,0,0,0,0,0,417,417,0.0,0.0,0.0,0.0,1.0,0.0,0.0,255,255,1.0,0.0,1.0,0.0,0.0,0.0,0.0,0.0,anomaly,normal,anomaly
12080,0,tcp,private,S0,0,0,0,0,0,0,0,0,0,0,0,0,0,0,0,0,0,0,237,9,1.0,1.0,0.0,0.0,0.04,0.06,0.0,255,12,0.05,0.08,0.0,0.0,1.0,1.0,0.0,0.0,anomaly,normal,anomaly
11284,0,icmp,eco_i,SF,8,0,0,0,0,0,0,0,0,0,0,0,0,0,0,0,0,0,1,31,0.0,0.0,0.0,0.0,1.0,0.0,1.0,1,119,1.0,0.0,1.0,0.5,0.0,0.0,0.0,0.0,anomaly,normal,anomaly
14237,0,icmp,eco_i,SF,8,0,0,0,0,0,0,0,0,0,0,0,0,0,0,0,0,0,1,20,0.0,0.0,0.0,0.0,1.0,0.0,1.0,1,83,1.0,0.0,1.0,0.51,0.0,0.0,0.0,0.0,anomaly,normal,anomaly
24854,0,tcp,klogin,S0,0,0,0,0,0,0,0,0,0,0,0,0,0,0,0,0,0,0,19,14,1.0,1.0,0.0,0.0,0.74,0.11,0.0,255,14,0.05,0.06,0.0,0.0,1.0,1.0,0.0,0.0,anomaly,normal,anomaly
10721,0,tcp,private,REJ,0,0,0,0,0,0,0,0,0,0,0,0,0,0,0,0,0,0,293,20,0.0,0.0,1.0,1.0,0.07,0.06,0.0,255,34,0.13,0.07,0.0,0.0,0.0,0.0,1.0,1.0,anomaly,normal,anomaly
24458,0,tcp,time,RSTO,0,0,0,0,0,0,0,0,0,0,0,0,0,0,0,0,0,0,173,10,0.0,0.0,1.0,1.0,0.06,0.07,0.0,255,10,0.04,0.08,0.0,0.0,0.0,0.0,1.0,1.0,anomaly,normal,anomaly
18890,0,tcp,login,S0,0,0,0,0,0,0,0,0,0,0,0,0,0,0,0,0,0,0,137,17,1.0,1.0,0.0,0.0,0.12,0.04,0.0,255,17,0.07,0.05,0.0,0.0,1.0,1.0,0.0,0.0,anomaly,normal,anomaly
829,0,icmp,eco_i,SF,8,0,0,0,0,0,0,0,0,0,0,0,0,0,0,0,0,0,1,27,0.0,0.0,0.0,0.0,1.0,0.0,1.0,2,129,1.0,0.0,1.0,0.5,0.0,0.0,0.0,0.0,anomaly,normal,anomaly
5822,0,tcp,http,SF,54540,8314,0,0,0,2,0,1,1,0,0,0,0,0,0,0,0,0,2,2,0.0,0.0,0.0,0.0,1.0,0.0,0.0,177,177,1.0,0.0,0.01,0.0,0.0,0.0,0.01,0.01,anomaly,normal,anomaly
3750,0,tcp,name,S0,0,0,0,0,0,0,0,0,0,0,0,0,0,0,0,0,0,0,203,11,1.0,1.0,0.0,0.0,0.05,0.06,0.0,255,11,0.04,0.07,0.0,0.0,1.0,1.0,0.0,0.0,anomaly,normal,anomaly
4041,0,tcp,http_443,S0,0,0,0,0,0,0,0,0,0,0,0,0,0,0,0,0,0,0,149,16,1.0,1.0,0.0,0.0,0.11,0.05,0.0,255,16,0.06,0.06,0.0,0.0,1.0,1.0,0.0,0.0,anomaly,normal,anomaly
8370,0,tcp,printer,S0,0,0,0,0,0,0,0,0,0,0,0,0,0,0,0,0,0,0,133,10,1.0,1.0,0.0,0.0,0.08,0.07,0.0,255,10,0.04,0.07,0.0,0.0,1.0,1.0,0.0,0.0,anomaly,normal,anomaly
1839,0,tcp,nnsp,S0,0,0,0,0,0,0,0,0,0,0,0,0,0,0,0,0,0,0,142,13,1.0,1.0,0.0,0.0,0.09,0.06,0.0,255,13,0.05,0.07,0.0,0.0,1.0,1.0,0.0,0.0,anomaly,normal,anomaly
21887,0,tcp,private,S0,0,0,0,0,0,0,0,0,0,0,0,0,0,0,0,0,0,0,212,18,1.0,1.0,0.0,0.0,0.08,0.07,0.0,255,19,0.07,0.07,0.0,0.0,1.0,1.0,0.0,0.0,anomaly,normal,anomaly
7280,0,tcp,private,S0,0,0,0,0,0,0,0,0,0,0,0,0,0,0,0,0,0,0,157,4,1.0,1.0,0.0,0.0,0.03,0.05,0.0,255,4,0.02,0.05,0.0,0.0,1.0,1.0,0.0,0.0,anomaly,normal,anomaly
10385,0,tcp,http_443,S0,0,0,0,0,0,0,0,0,0,0,0,0,0,0,0,0,0,0,201,15,1.0,1.0,0.0,0.0,0.07,0.05,0.0,255,15,0.06,0.05,0.0,0.0,1.0,1.0,0.0,0.0,anomaly,normal,anomaly
1999,0,tcp,hostnames,S0,0,0,0,0,0,0,0,0,0,0,0,0,0,0,0,0,0,0,250,17,1.0,1.0,0.0,0.0,0.07,0.05,0.0,255,17,0.07,0.05,0.0,0.0,1.0,1.0,0.0,0.0,anomaly,normal,anomaly
7926,0,tcp,private,S0,0,0,0,0,0,0,0,0,0,0,0,0,0,0,0,0,0,0,139,2,1.0,1.0,0.0,0.0,0.01,0.05,0.0,255,2,0.01,0.05,0.0,0.0,1.0,1.0,0.0,0.0,anomaly,normal,anomaly
5676,0,tcp,netbios_dgm,REJ,0,0,0,0,0,0,0,0,0,0,0,0,0,0,0,0,0,0,247,1,0.0,0.0,1.0,1.0,0.0,0.07,0.0,255,1,0.0,0.07,0.0,0.0,0.0,0.0,1.0,1.0,anomaly,normal,anomaly
9686,0,tcp,printer,S0,0,0,0,0,0,0,0,0,0,0,0,0,0,0,0,0,0,0,119,7,1.0,1.0,0.0,0.0,0.06,0.07,0.0,255,7,0.03,0.06,0.0,0.0,1.0,1.0,0.0,0.0,anomaly,normal,anomaly
16588,0,tcp,rje,S0,0,0,0,0,0,0,0,0,0,0,0,0,0,0,0,0,0,0,224,10,1.0,1.0,0.0,0.0,0.04,0.05,0.0,255,10,0.04,0.06,0.0,0.0,1.0,1.0,0.0,0.0,anomaly,normal,anomaly
14245,0,tcp,whois,S0,0,0,0,0,0,0,0,0,0,0,0,0,0,0,0,0,0,0,300,20,1.0,1.0,0.0,0.0,0.07,0.06,0.0,255,18,0.07,0.05,0.0,0.0,1.0,1.0,0.0,0.0,anomaly,normal,anomaly
22604,0,tcp,ctf,REJ,0,0,0,0,0,0,0,0,0,0,0,0,0,0,0,0,0,0,1,1,0.0,0.0,1.0,1.0,1.0,0.0,0.0,65,2,0.02,1.0,0.02,1.0,0.0,0.0,0.92,1.0,anomaly,normal,anomaly
11234,0,tcp,private,S0,0,0,0,0,0,0,0,0,0,0,0,0,0,0,0,0,0,0,278,10,1.0,1.0,0.0,0.0,0.04,0.06,0.0,255,16,0.06,0.06,0.0,0.0,1.0,1.0,0.0,0.0,anomaly,normal,anomaly
19816,0,tcp,hostnames,S0,0,0,0,0,0,0,0,0,0,0,0,0,0,0,0,0,0,0,262,23,1.0,1.0,0.0,0.0,0.09,0.05,0.0,255,23,0.09,0.05,0.0,0.0,1.0,1.0,0.0,0.0,anomaly,normal,anomaly
7766,0,tcp,ldap,S0,0,0,0,0,0,0,0,0,0,0,0,0,0,0,0,0,0,0,246,12,1.0,1.0,0.0,0.0,0.05,0.06,0.0,255,12,0.05,0.06,0.0,0.0,1.0,1.0,0.0,0.0,anomaly,normal,anomaly
22336,0,tcp,vmnet,S0,0,0,0,0,0,0,0,0,0,0,0,0,0,0,0,0,0,0,282,23,1.0,1.0,0.0,0.0,0.08,0.04,0.0,255,23,0.09,0.05,0.0,0.0,1.0,1.0,0.0,0.0,anomaly,normal,anomaly
16322,11460,tcp,telnet,SF,3227,36853,0,0,0,1,0,1,0,0,0,0,17,0,0,0,0,0,1,1,0.0,0.0,0.0,0.0,1.0,0.0,0.0,132,13,0.1,0.04,0.01,0.0,0.02,0.23,0.0,0.0,normal,anomaly,normal
11672,0,tcp,ftp_data,S0,0,0,0,0,0,0,0,0,0,0,0,0,0,0,0,0,0,0,246,18,1.0,1.0,0.0,0.0,0.07,0.07,0.0,255,18,0.07,0.07,0.0,0.0,1.0,1.0,0.0,0.0,anomaly,normal,anomaly
6864,0,udp,private,SF,28,0,0,3,0,0,0,0,0,0,0,0,0,0,0,0,0,0,33,33,0.0,0.0,0.0,0.0,1.0,0.0,0.0,255,33,0.13,0.02,0.13,0.0,0.0,0.0,0.0,0.0,anomaly,normal,anomaly
2087,0,tcp,exec,S0,0,0,0,0,0,0,0,0,0,0,0,0,0,0,0,0,0,0,150,20,1.0,1.0,0.0,0.0,0.13,0.06,0.0,255,13,0.05,0.07,0.0,0.0,1.0,1.0,0.0,0.0,anomaly,normal,anomaly
193,0,tcp,echo,S0,0,0,0,0,0,0,0,0,0,0,0,0,0,0,0,0,0,0,223,17,1.0,1.0,0.0,0.0,0.08,0.06,0.0,255,17,0.07,0.06,0.0,0.0,1.0,1.0,0.0,0.0,anomaly,normal,anomaly
8390,0,tcp,time,S0,0,0,0,0,0,0,0,0,0,0,0,0,0,0,0,0,0,0,284,10,1.0,1.0,0.0,0.0,0.04,0.05,0.0,255,10,0.04,0.05,0.0,0.0,1.0,1.0,0.0,0.0,anomaly,normal,anomaly
14059,0,tcp,imap4,S0,0,0,0,0,0,0,0,0,0,0,0,0,0,0,0,0,0,0,205,15,1.0,1.0,0.0,0.0,0.07,0.06,0.0,255,15,0.06,0.06,0.0,0.0,1.0,1.0,0.0,0.0,anomaly,normal,anomaly
706,0,tcp,private,REJ,0,0,0,0,0,0,0,0,0,0,0,0,0,0,0,0,0,0,150,20,0.0,0.0,1.0,1.0,0.13,0.06,0.0,255,1,0.0,0.06,0.0,0.0,0.0,0.0,1.0,1.0,anomaly,normal,anomaly
565,0,tcp,private,S0,0,0,0,0,0,0,0,0,0,0,0,0,0,0,0,0,0,0,84,18,1.0,1.0,0.0,0.0,0.21,0.06,0.0,255,18,0.07,0.07,0.0,0.0,1.0,1.0,0.0,0.0,anomaly,normal,anomaly
5982,0,tcp,Z39_50,S0,0,0,0,0,0,0,0,0,0,0,0,0,0,0,0,0,0,0,256,14,1.0,1.0,0.0,0.0,0.05,0.06,0.0,255,14,0.05,0.06,0.0,0.0,1.0,1.0,0.0,0.0,anomaly,normal,anomaly
10692,0,tcp,private,RSTR,0,0,0,0,0,0,0,0,0,0,0,0,0,0,0,0,0,0,1,1,0.0,0.0,1.0,1.0,1.0,0.0,0.0,255,1,0.0,0.87,0.87,0.0,0.0,0.0,0.87,1.0,anomaly,normal,anomaly
6523,0,udp,private,SF,28,0,0,3,0,0,0,0,0,0,0,0,0,0,0,0,0,0,57,57,0.0,0.0,0.0,0.0,1.0,0.0,0.0,255,57,0.22,0.04,0.22,0.0,0.02,0.0,0.0,0.0,anomaly,normal,anomaly
20760,0,tcp,discard,S0,0,0,0,0,0,0,0,0,0,0,0,0,0,0,0,0,0,0,263,14,1.0,1.0,0.0,0.0,0.05,0.06,0.0,255,9,0.04,0.05,0.0,0.0,1.0,1.0,0.0,0.0,anomaly,normal,anomaly
14793,0,tcp,vmnet,S0,0,0,0,0,0,0,0,0,0,0,0,0,0,0,0,0,0,0,227,12,1.0,1.0,0.0,0.0,0.05,0.06,0.0,255,12,0.05,0.07,0.0,0.0,1.0,1.0,0.0,0.0,anomaly,normal,anomaly
17685,0,udp,private,SF,28,0,0,3,0,0,0,0,0,0,0,0,0,0,0,0,0,0,10,10,0.0,0.0,0.0,0.0,1.0,0.0,0.0,255,77,0.3,0.01,0.3,0.0,0.0,0.0,0.0,0.0,anomaly,normal,anomaly
10528,0,tcp,netbios_ssn,S0,0,0,0,0,0,0,0,0,0,0,0,0,0,0,0,0,0,0,282,21,1.0,1.0,0.0,0.0,0.07,0.05,0.0,255,21,0.08,0.05,0.0,0.0,1.0,1.0,0.0,0.0,anomaly,normal,anomaly
1072,0,icmp,eco_i,SF,8,0,0,0,0,0,0,0,0,0,0,0,0,0,0,0,0,0,1,9,0.0,0.0,0.0,0.0,1.0,0.0,1.0,2,62,1.0,0.0,1.0,0.52,0.0,0.0,0.0,0.0,anomaly,normal,anomaly
11424,0,tcp,remote_job,S0,0,0,0,0,0,0,0,0,0,0,0,0,0,0,0,0,0,0,212,6,1.0,1.0,0.0,0.0,0.03,0.07,0.0,255,6,0.02,0.07,0.0,0.0,1.0,1.0,0.0,0.0,anomaly,normal,anomaly
17786,0,tcp,http,S0,0,0,0,0,0,0,0,0,0,0,0,0,0,0,0,0,0,0,39,12,1.0,1.0,0.0,0.0,0.31,0.1,0.0,201,52,0.26,0.02,0.02,0.0,0.99,1.0,0.0,0.0,anomaly,normal,anomaly
15006,0,tcp,auth,S0,0,0,0,0,0,0,0,0,0,0,0,0,0,0,0,0,0,0,232,3,1.0,1.0,0.0,0.0,0.01,0.07,0.0,255,3,0.01,0.07,0.0,0.0,1.0,1.0,0.0,0.0,anomaly,normal,anomaly
379,0,tcp,private,S0,0,0,0,0,0,0,0,0,0,0,0,0,0,0,0,0,0,0,168,3,1.0,1.0,0.0,0.0,0.02,0.08,0.0,255,3,0.01,0.08,0.0,0.0,1.0,1.0,0.0,0.0,anomaly,normal,anomaly
5038,0,tcp,netstat,S0,0,0,0,0,0,0,0,0,0,0,0,0,0,0,0,0,0,0,227,15,1.0,1.0,0.0,0.0,0.07,0.07,0.0,255,4,0.02,0.09,0.0,0.0,1.0,1.0,0.0,0.0,anomaly,normal,anomaly
3382,0,tcp,private,S0,0,0,0,0,0,0,0,0,0,0,0,0,0,0,0,0,0,0,89,18,1.0,1.0,0.0,0.0,0.2,0.06,0.0,255,2,0.01,0.07,0.0,0.0,1.0,1.0,0.0,0.0,anomaly,normal,anomaly
12800,0,tcp,finger,S0,0,0,0,0,0,0,0,0,0,0,0,0,0,0,0,0,0,0,244,10,1.0,1.0,0.0,0.0,0.04,0.06,0.0,255,10,0.04,0.08,0.0,0.0,1.0,1.0,0.0,0.0,anomaly,normal,anomaly
20096,0,udp,private,SF,215,0,0,0,0,0,0,0,0,0,0,0,0,0,0,0,0,0,1,1,0.0,0.0,0.0,0.0,1.0,0.0,0.0,163,139,0.85,0.01,0.85,0.0,0.0,0.0,0.0,0.0,anomaly,normal,anomaly
17308,0,tcp,private,S0,0,0,0,0,0,0,0,0,0,0,0,0,0,0,0,0,0,0,107,5,1.0,1.0,0.0,0.0,0.05,0.08,0.0,255,5,0.02,0.08,0.0,0.0,1.0,1.0,0.0,0.0,anomaly,normal,anomaly
21877,0,tcp,private,S0,0,0,0,0,0,0,0,0,0,0,0,0,0,0,0,0,0,0,124,1,1.0,1.0,0.0,0.0,0.01,0.06,0.0,255,20,0.08,0.07,0.0,0.0,1.0,1.0,0.0,0.0,anomaly,normal,anomaly
8137,0,tcp,http,S0,0,0,0,0,0,0,0,0,0,0,0,0,0,0,0,0,0,0,14,8,1.0,1.0,0.0,0.0,0.57,0.29,0.0,255,69,0.27,0.02,0.0,0.0,1.0,1.0,0.0,0.0,anomaly,normal,anomaly
22295,0,tcp,Z39_50,S0,0,0,0,0,0,0,0,0,0,0,0,0,0,0,0,0,0,0,208,2,1.0,1.0,0.0,0.0,0.01,0.08,0.0,255,2,0.01,0.09,0.0,0.0,1.0,1.0,0.0,0.0,anomaly,normal,anomaly
17671,0,icmp,ecr_i,SF,1032,0,0,0,0,0,0,0,0,0,0,0,0,0,0,0,0,0,348,348,0.0,0.0,0.0,0.0,1.0,0.0,0.0,255,255,1.0,0.0,1.0,0.0,0.0,0.0,0.0,0.0,anomaly,normal,anomaly
8431,0,tcp,private,S0,0,0,0,0,0,0,0,0,0,0,0,0,0,0,0,0,0,0,299,12,1.0,1.0,0.0,0.0,0.04,0.05,0.0,255,8,0.03,0.07,0.0,0.0,1.0,1.0,0.0,0.0,anomaly,normal,anomaly
10828,0,tcp,http,SF,54540,8314,0,0,0,2,0,1,1,0,0,0,0,0,0,0,0,0,11,11,0.0,0.0,0.0,0.0,1.0,0.0,0.0,255,255,1.0,0.0,0.0,0.0,0.0,0.0,0.04,0.04,anomaly,normal,anomaly
11905,0,tcp,http_443,S0,0,0,0,0,0,0,0,0,0,0,0,0,0,0,0,0,0,0,134,1,1.0,1.0,0.0,0.0,0.01,0.06,0.0,255,1,0.0,0.06,0.0,0.0,1.0,1.0,0.0,0.0,anomaly,normal,anomaly
23776,0,tcp,private,S0,0,0,0,0,0,0,0,0,0,0,0,0,0,0,0,0,0,0,109,11,1.0,1.0,0.0,0.0,0.1,0.06,0.0,255,6,0.02,0.06,0.0,0.0,1.0,1.0,0.0,0.0,anomaly,normal,anomaly
8312,0,tcp,discard,S0,0,0,0,0,0,0,0,0,0,0,0,0,0,0,0,0,0,0,289,24,1.0,1.0,0.0,0.0,0.08,0.05,0.0,255,24,0.09,0.05,0.0,0.0,1.0,1.0,0.0,0.0,anomaly,normal,anomaly
11191,0,tcp,private,S0,0,0,0,0,0,0,0,0,0,0,0,0,0,0,0,0,0,0,222,12,1.0,1.0,0.0,0.0,0.05,0.06,0.0,255,11,0.04,0.07,0.0,0.0,1.0,1.0,0.0,0.0,anomaly,normal,anomaly
271,0,tcp,auth,REJ,0,0,0,0,0,0,0,0,0,0,0,0,0,0,0,0,0,0,276,14,0.0,0.0,1.0,1.0,0.05,0.06,0.0,255,14,0.05,0.07,0.0,0.0,0.0,0.0,1.0,1.0,anomaly,normal,anomaly
6017,0,tcp,auth,S0,0,0,0,0,0,0,0,0,0,0,0,0,0,0,0,0,0,0,296,24,1.0,1.0,0.0,0.0,0.08,0.05,0.0,255,24,0.09,0.05,0.0,0.0,1.0,1.0,0.0,0.0,anomaly,normal,anomaly
18910,0,tcp,private,S0,0,0,0,0,0,0,0,0,0,0,0,0,0,0,0,0,0,0,140,5,1.0,1.0,0.0,0.0,0.04,0.06,0.0,255,10,0.04,0.07,0.0,0.0,1.0,1.0,0.0,0.0,anomaly,normal,anomaly
7073,0,tcp,daytime,RSTO,0,0,0,0,0,0,0,0,0,0,0,0,0,0,0,0,0,0,261,7,0.0,0.0,1.0,1.0,0.03,0.07,0.0,255,7,0.03,0.08,0.0,0.0,0.0,0.0,1.0,1.0,anomaly,normal,anomaly
21735,1,tcp,ftp,SF,1236,2450,0,0,0,28,0,1,0,0,0,0,0,0,0,0,0,1,1,1,0.0,0.0,0.0,0.0,1.0,0.0,0.0,255,86,0.34,0.02,0.0,0.0,0.0,0.0,0.0,0.0,anomaly,normal,anomaly
7298,0,tcp,vmnet,S0,0,0,0,0,0,0,0,0,0,0,0,0,0,0,0,0,0,0,110,18,1.0,1.0,0.0,0.0,0.16,0.06,0.0,255,17,0.07,0.07,0.0,0.0,1.0,1.0,0.0,0.0,anomaly,normal,anomaly
3816,0,tcp,private,REJ,0,0,0,0,0,0,0,0,0,0,0,0,0,0,0,0,0,0,255,1,0.08,0.0,0.87,1.0,0.0,1.0,0.0,255,1,0.0,1.0,0.0,0.0,0.08,0.0,0.87,1.0,anomaly,normal,anomaly
1055,0,tcp,private,S0,0,0,0,0,0,0,0,0,0,0,0,0,0,0,0,0,0,0,116,2,1.0,1.0,0.0,0.0,0.02,0.06,0.0,255,4,0.02,0.06,0.0,0.0,1.0,1.0,0.0,0.0,anomaly,normal,anomaly
18934,0,tcp,private,S0,0,0,0,0,0,0,0,0,0,0,0,0,0,0,0,0,0,0,128,7,1.0,1.0,0.0,0.0,0.05,0.06,0.0,255,7,0.03,0.04,0.0,0.0,1.0,1.0,0.0,0.0,anomaly,normal,anomaly
20766,0,tcp,private,S0,0,0,0,0,0,0,0,0,0,0,0,0,0,0,0,0,0,0,245,11,1.0,1.0,0.0,0.0,0.04,0.07,0.0,255,9,0.04,0.09,0.0,0.0,1.0,1.0,0.0,0.0,anomaly,normal,anomaly
11954,9093,tcp,telnet,SF,2664,16749,0,0,0,0,0,1,2,0,0,2,14,0,0,0,0,0,1,1,0.0,0.0,0.0,0.0,1.0,0.0,0.0,255,20,0.08,0.07,0.0,0.0,0.62,0.0,0.01,0.1,normal,anomaly,normal
10277,0,tcp,private,REJ,0,0,0,0,0,0,0,0,0,0,0,0,0,0,0,0,0,0,155,4,0.0,0.0,0.99,1.0,0.03,0.08,0.0,255,4,0.02,0.07,0.0,0.0,0.0,0.0,1.0,1.0,anomaly,normal,anomaly
4829,0,tcp,Z39_50,S0,0,0,0,0,0,0,0,0,0,0,0,0,0,0,0,0,0,0,284,18,1.0,1.0,0.0,0.0,0.06,0.06,0.0,255,18,0.07,0.08,0.0,0.0,1.0,1.0,0.0,0.0,anomaly,normal,anomaly
10175,0,tcp,private,S0,0,0,0,0,0,0,0,0,0,0,0,0,0,0,0,0,0,0,119,12,1.0,1.0,0.0,0.0,0.1,0.06,0.0,255,3,0.01,0.07,0.0,0.0,1.0,1.0,0.0,0.0,anomaly,normal,anomaly
696,0,tcp,imap4,S0,0,0,0,0,0,0,0,0,0,0,0,0,0,0,0,0,0,0,191,2,1.0,1.0,0.0,0.0,0.01,0.06,0.0,255,2,0.01,0.06,0.0,0.0,1.0,1.0,0.0,0.0,anomaly,normal,anomaly
66,0,tcp,netbios_dgm,RSTR,0,0,0,0,0,0,0,0,0,0,0,0,0,0,0,0,0,0,1,1,0.0,0.0,1.0,1.0,1.0,0.0,0.0,236,1,0.0,0.58,0.58,0.0,0.0,0.0,0.58,1.0,anomaly,normal,anomaly
7133,0,tcp,courier,S0,0,0,0,0,0,0,0,0,0,0,0,0,0,0,0,0,0,0,145,17,1.0,1.0,0.0,0.0,0.12,0.06,0.0,255,17,0.07,0.07,0.0,0.0,1.0,1.0,0.0,0.0,anomaly,normal,anomaly
14191,0,tcp,vmnet,S0,0,0,0,0,0,0,0,0,0,0,0,0,0,0,0,0,0,0,98,1,1.0,1.0,0.0,0.0,0.01,0.06,0.0,255,1,0.0,0.07,0.0,0.0,1.0,1.0,0.0,0.0,anomaly,normal,anomaly
10632,0,udp,private,SF,1,0,0,0,0,0,0,0,0,0,0,0,0,0,0,0,0,0,17,15,0.0,0.0,0.0,0.0,0.88,0.12,0.0,255,18,0.07,0.22,1.0,0.0,0.0,0.0,0.0,0.0,anomaly,normal,anomaly
2861,0,tcp,private,S0,0,0,0,0,0,0,0,0,0,0,0,0,0,0,0,0,0,0,98,7,1.0,1.0,0.0,0.0,0.07,0.07,0.0,150,7,0.05,0.07,0.01,0.0,1.0,1.0,0.0,0.0,anomaly,normal,anomaly
6345,0,tcp,telnet,S0,0,0,0,0,0,0,0,0,0,0,0,0,0,0,0,0,0,0,29,6,1.0,1.0,0.0,0.0,0.21,0.14,0.0,191,48,0.25,0.02,0.01,0.0,0.99,0.96,0.0,0.0,anomaly,normal,anomaly
2941,0,tcp,private,REJ,0,0,0,0,0,0,0,0,0,0,0,0,0,0,0,0,0,0,291,1,0.07,0.0,0.88,1.0,0.0,1.0,0.0,255,1,0.0,1.0,0.0,0.0,0.08,0.0,0.88,1.0,anomaly,normal,anomaly
22935,0,tcp,uucp_path,S0,0,0,0,0,0,0,0,0,0,0,0,0,0,0,0,0,0,0,235,2,1.0,1.0,0.0,0.0,0.01,0.07,0.0,255,2,0.01,0.08,0.0,0.0,1.0,1.0,0.0,0.0,anomaly,normal,anomaly
10340,0,tcp,courier,S0,0,0,0,0,0,0,0,0,0,0,0,0,0,0,0,0,0,0,101,4,1.0,1.0,0.0,0.0,0.04,0.06,0.0,255,11,0.04,0.05,0.0,0.0,1.0,1.0,0.0,0.0,anomaly,normal,anomaly
5215,0,tcp,private,S0,0,0,0,0,0,0,0,0,0,0,0,0,0,0,0,0,0,0,295,8,1.0,1.0,0.0,0.0,0.03,0.05,0.0,255,8,0.03,0.07,0.0,0.0,1.0,1.0,0.0,0.0,anomaly,normal,anomaly
6367,0,tcp,echo,RSTO,0,0,0,0,0,0,0,0,0,0,0,0,0,0,0,0,0,0,265,17,0.0,0.0,1.0,1.0,0.06,0.06,0.0,255,17,0.07,0.07,0.0,0.0,0.0,0.0,1.0,1.0,anomaly,normal,anomaly
15723,2,tcp,ftp_data,SF,2194619,0,0,0,0,0,0,0,0,0,0,0,0,0,0,0,0,0,2,3,0.0,0.0,0.0,0.0,1.0,0.0,0.67,93,14,0.15,0.04,0.15,0.0,0.0,0.0,0.0,0.0,normal,anomaly,normal
21441,0,tcp,csnet_ns,REJ,0,0,0,0,0,0,0,0,0,0,0,0,0,0,0,0,0,0,225,6,0.0,0.0,1.0,1.0,0.03,0.07,0.0,255,6,0.02,0.09,0.0,0.0,0.0,0.0,1.0,1.0,anomaly,normal,anomaly
17283,0,icmp,eco_i,SF,8,0,0,0,0,0,0,0,0,0,0,0,0,0,0,0,0,0,1,37,0.0,0.0,0.0,0.0,1.0,0.0,1.0,2,28,1.0,0.0,1.0,0.5,0.0,0.0,0.0,0.0,anomaly,normal,anomaly
2247,0,tcp,mtp,S0,0,0,0,0,0,0,0,0,0,0,0,0,0,0,0,0,0,0,289,3,1.0,1.0,0.0,0.0,0.01,0.05,0.0,255,3,0.01,0.05,0.0,0.0,1.0,1.0,0.0,0.0,anomaly,normal,anomaly
393,0,tcp,private,S0,0,0,0,0,0,0,0,0,0,0,0,0,0,0,0,0,0,0,260,8,1.0,1.0,0.0,0.0,0.03,0.05,0.0,120,8,0.07,0.08,0.01,0.0,0.98,1.0,0.0,0.0,anomaly,normal,anomaly
19201,0,tcp,private,S0,0,0,0,0,0,0,0,0,0,0,0,0,0,0,0,0,0,0,95,23,1.0,1.0,0.0,0.0,0.24,0.05,0.0,255,23,0.09,0.05,0.0,0.0,1.0,1.0,0.0,0.0,anomaly,normal,anomaly
22790,0,tcp,ctf,S0,0,0,0,0,0,0,0,0,0,0,0,0,0,0,0,0,0,0,271,7,1.0,1.0,0.0,0.0,0.03,0.05,0.0,255,7,0.03,0.05,0.0,0.0,1.0,1.0,0.0,0.0,anomaly,normal,anomaly
2255,1,tcp,private,RSTR,0,0,0,0,0,0,0,0,0,0,0,0,0,0,0,0,0,0,56,2,0.0,0.0,1.0,1.0,0.04,0.54,0.0,226,2,0.01,0.14,0.25,0.0,0.01,0.0,0.46,1.0,anomaly,normal,anomaly
4401,0,tcp,private,S0,0,0,0,0,0,0,0,0,0,0,0,0,0,0,0,0,0,0,282,17,1.0,1.0,0.0,0.0,0.06,0.06,0.0,255,20,0.08,0.06,0.0,0.0,1.0,1.0,0.0,0.0,anomaly,normal,anomaly
17465,0,tcp,private,REJ,0,0,0,0,0,0,0,0,0,0,0,0,0,0,0,0,0,0,105,12,0.0,0.0,1.0,1.0,0.11,0.08,0.0,255,1,0.0,0.08,0.0,0.0,0.0,0.0,1.0,1.0,anomaly,normal,anomaly
22086,0,icmp,eco_i,SF,8,0,0,0,0,0,0,0,0,0,0,0,0,0,0,0,0,0,1,46,0.0,0.0,0.0,0.0,1.0,0.0,1.0,2,62,1.0,0.0,1.0,0.52,0.0,0.0,0.0,0.0,anomaly,normal,anomaly
4291,0,tcp,private,S0,0,0,0,0,0,0,0,0,0,0,0,0,0,0,0,0,0,0,106,12,1.0,1.0,0.0,0.0,0.11,0.07,0.0,4,2,0.5,0.75,0.25,0.0,1.0,1.0,0.0,0.0,anomaly,normal,anomaly
10602,0,tcp,uucp_path,S0,0,0,0,0,0,0,0,0,0,0,0,0,0,0,0,0,0,0,103,4,1.0,1.0,0.0,0.0,0.04,0.06,0.0,255,13,0.05,0.07,0.0,0.0,1.0,1.0,0.0,0.0,anomaly,normal,anomaly
23179,0,tcp,ctf,S0,0,0,0,0,0,0,0,0,0,0,0,0,0,0,0,0,0,0,209,20,1.0,1.0,0.0,0.0,0.1,0.07,0.0,255,20,0.08,0.07,0.0,0.0,1.0,1.0,0.0,0.0,anomaly,normal,anomaly
24676,0,tcp,http_443,S0,0,0,0,0,0,0,0,0,0,0,0,0,0,0,0,0,0,0,101,11,1.0,1.0,0.0,0.0,0.11,0.06,0.0,255,11,0.04,0.07,0.0,0.0,1.0,1.0,0.0,0.0,anomaly,normal,anomaly
21290,0,tcp,private,S0,0,0,0,0,0,0,0,0,0,0,0,0,0,0,0,0,0,0,261,3,1.0,1.0,0.0,0.0,0.01,0.06,0.0,255,3,0.01,0.07,0.0,0.0,1.0,1.0,0.0,0.0,anomaly,normal,anomaly
3180,0,tcp,private,S0,0,0,0,0,0,0,0,0,0,0,0,0,0,0,0,0,0,0,295,9,1.0,1.0,0.0,0.0,0.03,0.06,0.0,255,9,0.04,0.07,0.0,0.0,1.0,1.0,0.0,0.0,anomaly,normal,anomaly
18639,0,tcp,netbios_dgm,S0,0,0,0,0,0,0,0,0,0,0,0,0,0,0,0,0,0,0,111,23,1.0,1.0,0.0,0.0,0.21,0.05,0.0,255,23,0.09,0.05,0.0,0.0,1.0,1.0,0.0,0.0,anomaly,normal,anomaly
4917,0,tcp,netbios_ns,S0,0,0,0,0,0,0,0,0,0,0,0,0,0,0,0,0,0,0,133,18,1.0,1.0,0.0,0.0,0.14,0.06,0.0,255,18,0.07,0.09,0.0,0.0,1.0,1.0,0.0,0.0,anomaly,normal,anomaly
24284,0,tcp,Z39_50,S0,0,0,0,0,0,0,0,0,0,0,0,0,0,0,0,0,0,0,287,19,1.0,1.0,0.0,0.0,0.07,0.06,0.0,255,19,0.07,0.08,0.0,0.0,1.0,1.0,0.0,0.0,anomaly,normal,anomaly
15299,0,tcp,private,S0,0,0,0,0,0,0,0,0,0,0,0,0,0,0,0,0,0,0,263,3,1.0,1.0,0.0,0.0,0.01,0.06,0.0,255,17,0.07,0.07,0.0,0.0,1.0,1.0,0.0,0.0,anomaly,normal,anomaly
158,0,icmp,eco_i,SF,8,0,0,0,0,0,0,0,0,0,0,0,0,0,0,0,0,0,1,46,0.0,0.0,0.0,0.0,1.0,0.0,1.0,1,15,1.0,0.0,1.0,0.53,0.0,0.0,0.0,0.0,anomaly,normal,anomaly
7200,0,tcp,vmnet,S0,0,0,0,0,0,0,0,0,0,0,0,0,0,0,0,0,0,0,254,19,1.0,1.0,0.0,0.0,0.07,0.06,0.0,255,10,0.04,0.07,0.0,0.0,1.0,1.0,0.0,0.0,anomaly,normal,anomaly
21949,0,tcp,ctf,REJ,0,0,0,0,0,0,0,0,0,0,0,0,0,0,0,0,0,0,198,3,0.0,0.0,1.0,1.0,0.02,0.07,0.0,255,3,0.01,0.08,0.0,0.0,0.0,0.0,1.0,1.0,anomaly,normal,anomaly
6388,0,tcp,ssh,S0,0,0,0,0,0,0,0,0,0,0,0,0,0,0,0,0,0,0,128,8,1.0,1.0,0.0,0.0,0.06,0.06,0.0,255,7,0.03,0.06,0.0,0.0,1.0,1.0,0.0,0.0,anomaly,normal,anomaly
20426,0,icmp,eco_i,SF,8,0,0,0,0,0,0,0,0,0,0,0,0,0,0,0,0,0,1,17,0.0,0.0,0.0,0.0,1.0,0.0,1.0,3,41,1.0,0.0,1.0,0.27,0.0,0.0,0.0,0.0,anomaly,normal,anomaly
7429,5041,tcp,ftp_data,SF,0,5131424,0,0,0,0,0,0,0,0,0,0,0,0,0,0,0,0,1,1,0.0,0.0,0.0,0.0,1.0,0.0,0.0,255,65,0.25,0.02,0.0,0.0,0.75,0.85,0.0,0.0,normal,anomaly,normal
6493,0,tcp,supdup,S0,0,0,0,0,0,0,0,0,0,0,0,0,0,0,0,0,0,0,123,17,1.0,1.0,0.0,0.0,0.14,0.07,0.0,255,17,0.07,0.06,0.0,0.0,1.0,1.0,0.0,0.0,anomaly,normal,anomaly
13323,0,tcp,bgp,S0,0,0,0,0,0,0,0,0,0,0,0,0,0,0,0,0,0,0,246,4,1.0,1.0,0.0,0.0,0.02,0.06,0.0,255,4,0.02,0.05,0.0,0.0,1.0,1.0,0.0,0.0,anomaly,normal,anomaly
619,0,tcp,http,SF,54540,8314,0,0,0,2,0,1,1,0,0,0,0,0,0,0,0,0,3,3,0.0,0.0,0.0,0.0,1.0,0.0,0.0,214,214,1.0,0.0,0.0,0.0,0.0,0.0,0.01,0.01,anomaly,normal,anomaly
23047,0,tcp,http,SF,54540,8314,0,0,0,2,0,1,1,0,0,0,0,0,0,0,0,0,5,5,0.0,0.0,0.0,0.0,1.0,0.0,0.0,18,18,1.0,0.0,0.06,0.0,0.0,0.0,0.06,0.06,anomaly,normal,anomaly
2567,0,tcp,private,S0,0,0,0,0,0,0,0,0,0,0,0,0,0,0,0,0,0,0,147,5,1.0,1.0,0.0,0.0,0.03,0.06,0.0,255,5,0.02,0.09,0.0,0.0,1.0,1.0,0.0,0.0,anomaly,normal,anomaly
9712,0,tcp,private,REJ,0,0,0,0,0,0,0,0,0,0,0,0,0,0,0,0,0,0,272,12,0.0,0.0,1.0,1.0,0.04,0.06,0.0,255,12,0.05,0.08,0.0,0.0,0.0,0.0,1.0,1.0,anomaly,normal,anomaly
17287,0,tcp,iso_tsap,S0,0,0,0,0,0,0,0,0,0,0,0,0,0,0,0,0,0,0,276,19,1.0,1.0,0.0,0.0,0.07,0.06,0.0,255,19,0.07,0.07,0.0,0.0,1.0,1.0,0.0,0.0,anomaly,normal,anomaly
4157,0,tcp,link,S0,0,0,0,0,0,0,0,0,0,0,0,0,0,0,0,0,0,0,198,7,1.0,1.0,0.0,0.0,0.04,0.06,0.0,255,7,0.03,0.06,0.0,0.0,1.0,1.0,0.0,0.0,anomaly,normal,anomaly
13255,0,tcp,link,S0,0,0,0,0,0,0,0,0,0,0,0,0,0,0,0,0,0,0,280,10,1.0,1.0,0.0,0.0,0.04,0.06,0.0,255,10,0.04,0.07,0.0,0.0,1.0,1.0,0.0,0.0,anomaly,normal,anomaly
1154,0,tcp,private,S0,0,0,0,0,0,0,0,0,0,0,0,0,0,0,0,0,0,0,288,8,1.0,1.0,0.0,0.0,0.03,0.06,0.0,255,4,0.02,0.06,0.0,0.0,1.0,1.0,0.0,0.0,anomaly,normal,anomaly
375,0,tcp,courier,S0,0,0,0,0,0,0,0,0,0,0,0,0,0,0,0,0,0,0,111,6,1.0,1.0,0.0,0.0,0.05,0.07,0.0,255,6,0.02,0.07,0.0,0.0,1.0,1.0,0.0,0.0,anomaly,normal,anomaly
20602,0,tcp,private,S0,0,0,0,0,0,0,0,0,0,0,0,0,0,0,0,0,0,0,129,8,1.0,1.0,0.0,0.0,0.06,0.06,0.0,136,13,0.1,0.11,0.01,0.0,1.0,1.0,0.0,0.0,anomaly,normal,anomaly
21812,0,tcp,ftp,S0,0,0,0,0,0,0,0,0,0,0,0,0,0,0,0,0,0,0,261,4,1.0,1.0,0.0,0.0,0.02,0.07,0.0,255,4,0.02,0.08,0.0,0.0,1.0,1.0,0.0,0.0,anomaly,normal,anomaly
19529,0,tcp,private,S0,0,0,0,0,0,0,0,0,0,0,0,0,0,0,0,0,0,0,124,5,1.0,1.0,0.0,0.0,0.04,0.06,0.0,255,3,0.01,0.08,0.0,0.0,1.0,1.0,0.0,0.0,anomaly,normal,anomaly
8648,0,tcp,http,S0,0,0,0,0,0,0,0,0,0,0,0,0,0,0,0,0,0,0,15,14,0.93,1.0,0.07,0.0,0.93,0.13,0.0,255,15,0.06,0.06,0.0,0.0,1.0,1.0,0.0,0.0,anomaly,normal,anomaly
13571,0,tcp,uucp,RSTO,0,0,0,0,0,0,0,0,0,0,0,0,0,0,0,0,0,0,88,17,0.0,0.0,1.0,1.0,0.19,0.07,0.0,255,17,0.07,0.06,0.0,0.0,0.0,0.0,1.0,1.0,anomaly,normal,anomaly
8584,0,tcp,hostnames,S0,0,0,0,0,0,0,0,0,0,0,0,0,0,0,0,0,0,0,287,10,1.0,1.0,0.0,0.0,0.03,0.06,0.0,255,9,0.04,0.08,0.0,0.0,1.0,1.0,0.0,0.0,anomaly,normal,anomaly
19831,0,tcp,private,S0,0,0,0,0,0,0,0,0,0,0,0,0,0,0,0,0,0,0,38,9,1.0,1.0,0.0,0.0,0.24,0.11,0.0,255,9,0.04,0.07,0.0,0.0,1.0,1.0,0.0,0.0,anomaly,normal,anomaly
22562,0,tcp,nnsp,S0,0,0,0,0,0,0,0,0,0,0,0,0,0,0,0,0,0,0,113,20,1.0,1.0,0.0,0.0,0.18,0.05,0.0,255,12,0.05,0.05,0.0,0.0,1.0,1.0,0.0,0.0,anomaly,normal,anomaly
21928,0,tcp,echo,S0,0,0,0,0,0,0,0,0,0,0,0,0,0,0,0,0,0,0,225,25,1.0,1.0,0.0,0.0,0.11,0.05,0.0,255,25,0.1,0.05,0.0,0.0,1.0,1.0,0.0,0.0,anomaly,normal,anomaly
15091,0,tcp,private,S0,0,0,0,0,0,0,0,0,0,0,0,0,0,0,0,0,0,0,138,15,1.0,1.0,0.0,0.0,0.11,0.06,0.0,255,14,0.05,0.08,0.0,0.0,1.0,1.0,0.0,0.0,anomaly,normal,anomaly
16436,0,tcp,systat,S0,0,0,0,0,0,0,0,0,0,0,0,0,0,0,0,0,0,0,267,6,1.0,1.0,0.0,0.0,0.02,0.06,0.0,255,2,0.01,0.09,0.0,0.0,1.0,1.0,0.0,0.0,anomaly,normal,anomaly
13516,0,tcp,private,S0,0,0,0,0,0,0,0,0,0,0,0,0,0,0,0,0,0,0,116,17,1.0,1.0,0.0,0.0,0.15,0.07,0.0,255,18,0.07,0.07,0.0,0.0,1.0,1.0,0.0,0.0,anomaly,normal,anomaly
2400,0,tcp,kshell,REJ,0,0,0,0,0,0,0,0,0,0,0,0,0,0,0,0,0,0,149,19,0.0,0.0,1.0,1.0,0.13,0.05,0.0,255,19,0.07,0.07,0.0,0.0,0.0,0.0,1.0,1.0,anomaly,normal,anomaly
18757,0,tcp,time,S0,0,0,0,0,0,0,0,0,0,0,0,0,0,0,0,0,0,0,4,2,1.0,1.0,0.0,0.0,0.5,0.75,0.0,255,8,0.03,0.08,0.0,0.0,1.0,1.0,0.0,0.0,anomaly,normal,anomaly
24714,0,tcp,ctf,S0,0,0,0,0,0,0,0,0,0,0,0,0,0,0,0,0,0,0,266,7,1.0,1.0,0.0,0.0,0.03,0.06,0.0,255,7,0.03,0.07,0.0,0.0,1.0,1.0,0.0,0.0,anomaly,normal,anomaly
19587,0,icmp,eco_i,SF,18,0,0,0,0,0,0,0,0,0,0,0,0,0,0,0,0,0,1,1,0.0,0.0,0.0,0.0,1.0,0.0,0.0,3,151,1.0,0.0,1.0,0.25,0.0,0.0,0.0,0.0,anomaly,normal,anomaly
1379,0,icmp,ecr_i,SF,520,0,0,0,0,0,0,0,0,0,0,0,0,0,0,0,0,0,391,391,0.0,0.0,0.0,0.0,1.0,0.0,0.0,255,255,1.0,0.0,1.0,0.0,0.0,0.0,0.0,0.0,anomaly,normal,anomaly
22761,0,tcp,systat,S0,0,0,0,0,0,0,0,0,0,0,0,0,0,0,0,0,0,0,285,24,1.0,1.0,0.0,0.0,0.08,0.05,0.0,255,24,0.09,0.05,0.0,0.0,1.0,1.0,0.0,0.0,anomaly,normal,anomaly
14856,0,tcp,private,REJ,0,0,0,0,0,0,0,0,0,0,0,0,0,0,0,0,0,0,143,11,0.0,0.0,1.0,1.0,0.08,0.07,0.0,255,11,0.04,0.07,0.0,0.0,0.0,0.0,1.0,1.0,anomaly,normal,anomaly
15219,0,tcp,uucp,RSTO,0,0,0,0,0,0,0,0,0,0,0,0,0,0,0,0,0,0,150,20,0.0,0.0,1.0,1.0,0.13,0.06,0.0,255,20,0.08,0.07,0.0,0.0,0.0,0.0,1.0,1.0,anomaly,normal,anomaly
18991,0,tcp,http,SF,54540,8314,0,0,0,2,0,1,1,0,0,0,0,0,0,0,0,0,5,6,0.0,0.0,0.0,0.17,1.0,0.0,0.33,255,255,1.0,0.0,0.0,0.0,0.0,0.0,0.02,0.02,anomaly,normal,anomaly
18863,0,tcp,private,S0,0,0,0,0,0,0,0,0,0,0,0,0,0,0,0,0,0,0,22,19,1.0,1.0,0.0,0.0,0.86,0.09,0.0,255,19,0.07,0.07,0.0,0.0,1.0,1.0,0.0,0.0,anomaly,normal,anomaly
3651,0,tcp,uucp,RSTO,0,0,0,0,0,0,0,0,0,0,0,0,0,0,0,0,0,0,128,8,0.0,0.0,1.0,1.0,0.06,0.06,0.0,255,8,0.03,0.07,0.0,0.0,0.0,0.0,1.0,1.0,anomaly,normal,anomaly
15227,0,tcp,private,REJ,0,0,0,0,0,0,0,0,0,0,0,0,0,0,0,0,0,0,29,1,0.0,0.0,1.0,1.0,0.03,0.59,0.0,255,1,0.0,0.07,0.11,0.0,0.0,0.0,0.85,1.0,anomaly,normal,anomaly
12608,0,udp,private,SF,1,0,0,0,0,0,0,0,0,0,0,0,0,0,0,0,0,0,66,39,0.0,0.0,0.0,0.0,0.59,0.06,0.0,255,103,0.4,0.06,1.0,0.0,0.0,0.0,0.0,0.0,anomaly,normal,anomaly
15931,169,tcp,telnet,SF,1567,2857,0,0,0,3,0,1,4,1,0,0,1,0,0,0,0,0,1,1,0.0,0.0,0.0,0.0,1.0,0.0,0.0,1,1,1.0,0.0,1.0,0.0,0.0,0.0,0.0,0.0,anomaly,normal,anomaly
12688,0,tcp,klogin,S0,0,0,0,0,0,0,0,0,0,0,0,0,0,0,0,0,0,0,105,9,1.0,1.0,0.0,0.0,0.09,0.07,0.0,255,9,0.04,0.07,0.0,0.0,1.0,1.0,0.0,0.0,anomaly,normal,anomaly
11304,0,tcp,sunrpc,S0,0,0,0,0,0,0,0,0,0,0,0,0,0,0,0,0,0,0,243,20,1.0,1.0,0.0,0.0,0.08,0.06,0.0,255,20,0.08,0.07,0.0,0.0,1.0,1.0,0.0,0.0,anomaly,normal,anomaly
22960,0,icmp,eco_i,SF,18,0,0,0,0,0,0,0,0,0,0,0,0,0,0,0,0,0,1,1,0.0,0.0,0.0,0.0,1.0,0.0,0.0,1,140,1.0,0.0,1.0,1.0,0.0,0.0,0.0,0.0,anomaly,normal,anomaly
22150,0,tcp,uucp_path,S0,0,0,0,0,0,0,0,0,0,0,0,0,0,0,0,0,0,0,233,23,1.0,1.0,0.0,0.0,0.1,0.06,0.0,255,23,0.09,0.06,0.0,0.0,1.0,1.0,0.0,0.0,anomaly,normal,anomaly
6250,0,tcp,nntp,RSTO,0,0,0,0,0,0,0,0,0,0,0,0,0,0,0,0,0,0,124,20,0.0,0.0,1.0,1.0,0.16,0.07,0.0,255,20,0.08,0.07,0.0,0.0,0.0,0.0,1.0,1.0,anomaly,normal,anomaly
9238,0,tcp,whois,S0,0,0,0,0,0,0,0,0,0,0,0,0,0,0,0,0,0,0,238,1,1.0,1.0,0.0,0.0,0.0,0.06,0.0,255,1,0.0,0.08,0.0,0.0,1.0,1.0,0.0,0.0,anomaly,normal,anomaly
2809,0,tcp,gopher,S0,0,0,0,0,0,0,0,0,0,0,0,0,0,0,0,0,0,0,235,11,1.0,1.0,0.0,0.0,0.05,0.06,0.0,255,11,0.04,0.06,0.0,0.0,1.0,1.0,0.0,0.0,anomaly,normal,anomaly
9003,0,tcp,private,S0,0,0,0,0,0,0,0,0,0,0,0,0,0,0,0,0,0,0,238,10,1.0,1.0,0.0,0.0,0.04,0.07,0.0,255,10,0.04,0.06,0.0,0.0,1.0,1.0,0.0,0.0,anomaly,normal,anomaly
5210,0,tcp,private,S0,0,0,0,0,0,0,0,0,0,0,0,0,0,0,0,0,0,0,292,16,1.0,1.0,0.0,0.0,0.05,0.05,0.0,255,9,0.04,0.07,0.0,0.0,1.0,1.0,0.0,0.0,anomaly,normal,anomaly
3013,0,tcp,private,SH,0,0,0,0,0,0,0,0,0,0,0,0,0,0,0,0,0,0,1,1,1.0,1.0,0.0,0.0,1.0,0.0,0.0,139,1,0.01,0.93,0.94,0.0,0.94,1.0,0.0,0.0,anomaly,normal,anomaly
16459,0,tcp,private,REJ,0,0,0,0,0,0,0,0,0,0,0,0,0,0,0,0,0,0,107,7,0.0,0.0,1.0,1.0,0.07,0.06,0.0,255,7,0.03,0.05,0.0,0.0,0.0,0.0,1.0,1.0,anomaly,normal,anomaly
13209,0,tcp,private,S0,0,0,0,0,0,0,0,0,0,0,0,0,0,0,0,0,0,0,135,19,1.0,1.0,0.0,0.0,0.14,0.06,0.0,255,14,0.05,0.07,0.0,0.0,1.0,1.0,0.0,0.0,anomaly,normal,anomaly
17014,0,icmp,eco_i,SF,8,0,0,0,0,0,0,0,0,0,0,0,0,0,0,0,0,0,1,48,0.0,0.0,0.0,0.0,1.0,0.0,1.0,2,160,1.0,0.0,1.0,0.5,0.0,0.0,0.0,0.0,anomaly,normal,anomaly
24066,0,udp,private,SF,28,0,0,3,0,0,0,0,0,0,0,0,0,0,0,0,0,0,58,58,0.0,0.0,0.0,0.0,1.0,0.0,0.0,255,58,0.23,0.04,0.23,0.0,0.02,0.0,0.0,0.0,anomaly,normal,anomaly
21734,0,tcp,daytime,S0,0,0,0,0,0,0,0,0,0,0,0,0,0,0,0,0,0,0,271,11,1.0,1.0,0.0,0.0,0.04,0.06,0.0,255,11,0.04,0.07,0.0,0.0,1.0,1.0,0.0,0.0,anomaly,normal,anomaly
23004,0,tcp,private,S0,0,0,0,0,0,0,0,0,0,0,0,0,0,0,0,0,0,0,248,13,1.0,1.0,0.0,0.0,0.05,0.05,0.0,255,13,0.05,0.09,0.0,0.0,1.0,1.0,0.0,0.0,anomaly,normal,anomaly
15891,0,tcp,http_443,S0,0,0,0,0,0,0,0,0,0,0,0,0,0,0,0,0,0,0,43,6,1.0,1.0,0.0,0.0,0.14,0.12,0.0,255,6,0.02,0.08,0.0,0.0,1.0,1.0,0.0,0.0,anomaly,normal,anomaly
3290,0,tcp,Z39_50,REJ,0,0,0,0,0,0,0,0,0,0,0,0,0,0,0,0,0,0,220,8,0.0,0.0,1.0,1.0,0.04,0.07,0.0,255,8,0.03,0.07,0.0,0.0,0.0,0.0,1.0,1.0,anomaly,normal,anomaly
10362,0,tcp,csnet_ns,REJ,0,0,0,0,0,0,0,0,0,0,0,0,0,0,0,0,0,0,266,13,0.0,0.0,1.0,1.0,0.05,0.06,0.0,255,13,0.05,0.07,0.0,0.0,0.0,0.0,1.0,1.0,anomaly,normal,anomaly
7483,4550,udp,other,SF,147,105,0,0,0,0,0,0,0,0,0,0,0,0,0,0,0,0,1,1,0.0,0.0,0.0,0.0,1.0,0.0,0.0,255,1,0.0,0.56,0.85,0.0,0.0,0.0,0.0,0.0,normal,anomaly,normal
7178,0,tcp,private,S0,0,0,0,0,0,0,0,0,0,0,0,0,0,0,0,0,0,0,173,5,1.0,1.0,0.0,0.0,0.03,0.06,0.0,255,5,0.02,0.06,0.0,0.0,1.0,1.0,0.0,0.0,anomaly,normal,anomaly
24582,0,icmp,eco_i,SF,8,0,0,0,0,0,0,0,0,0,0,0,0,0,0,0,0,0,1,3,0.0,0.0,0.0,0.0,1.0,0.0,1.0,4,61,1.0,0.0,1.0,0.26,0.0,0.0,0.0,0.0,anomaly,normal,anomaly
12066,0,tcp,telnet,S0,0,0,0,0,0,0,0,0,0,0,0,0,0,0,0,0,0,0,67,16,1.0,1.0,0.0,0.0,0.24,0.06,0.0,255,67,0.26,0.02,0.0,0.0,1.0,1.0,0.0,0.0,anomaly,normal,anomaly
14385,0,tcp,login,S0,0,0,0,0,0,0,0,0,0,0,0,0,0,0,0,0,0,0,125,1,1.0,1.0,0.0,0.0,0.01,0.07,0.0,255,1,0.0,0.06,0.0,0.0,1.0,1.0,0.0,0.0,anomaly,normal,anomaly
22366,0,tcp,daytime,S0,0,0,0,0,0,0,0,0,0,0,0,0,0,0,0,0,0,0,262,12,1.0,1.0,0.0,0.0,0.05,0.06,0.0,255,20,0.08,0.07,0.0,0.0,1.0,1.0,0.0,0.0,anomaly,normal,anomaly
13960,0,tcp,private,S0,0,0,0,0,0,0,0,0,0,0,0,0,0,0,0,0,0,0,193,4,1.0,1.0,0.0,0.0,0.02,0.06,0.0,255,4,0.02,0.07,0.0,0.0,1.0,1.0,0.0,0.0,anomaly,normal,anomaly
18921,0,icmp,eco_i,SF,8,0,0,0,0,0,0,0,0,0,0,0,0,0,0,0,0,0,1,43,0.0,0.0,0.0,0.0,1.0,0.0,1.0,1,58,1.0,0.0,1.0,0.52,0.0,0.0,0.0,0.0,anomaly,normal,anomaly
7887,0,udp,private,SF,28,0,0,3,0,0,0,0,0,0,0,0,0,0,0,0,0,0,16,16,0.0,0.0,0.0,0.0,1.0,0.0,0.0,255,16,0.06,0.02,0.06,0.0,0.0,0.0,0.73,0.0,anomaly,normal,anomaly
2719,0,tcp,gopher,S0,0,0,0,0,0,0,0,0,0,0,0,0,0,0,0,0,0,0,47,13,1.0,1.0,0.0,0.0,0.28,0.11,0.0,255,13,0.05,0.08,0.0,0.0,1.0,1.0,0.0,0.0,anomaly,normal,anomaly
17857,0,tcp,private,S0,0,0,0,0,0,0,0,0,0,0,0,0,0,0,0,0,0,0,46,3,1.0,1.0,0.0,0.0,0.07,0.13,0.0,255,16,0.06,0.08,0.0,0.0,1.0,1.0,0.0,0.0,anomaly,normal,anomaly
6587,0,tcp,mtp,S0,0,0,0,0,0,0,0,0,0,0,0,0,0,0,0,0,0,0,193,13,1.0,1.0,0.0,0.0,0.07,0.08,0.0,255,13,0.05,0.09,0.0,0.0,1.0,1.0,0.0,0.0,anomaly,normal,anomaly
15837,0,icmp,eco_i,SF,8,0,0,0,0,0,0,0,0,0,0,0,0,0,0,0,0,0,1,24,0.0,0.0,0.0,0.0,1.0,0.0,1.0,4,108,1.0,0.0,1.0,0.25,0.0,0.0,0.0,0.0,anomaly,normal,anomaly
18272,0,tcp,private,RSTR,0,0,0,0,0,0,0,0,0,0,0,0,0,0,0,0,0,0,1,1,0.0,0.0,1.0,1.0,1.0,0.0,0.0,92,1,0.01,0.49,0.48,0.0,0.07,0.0,0.46,1.0,anomaly,normal,anomaly
19146,0,tcp,uucp_path,S0,0,0,0,0,0,0,0,0,0,0,0,0,0,0,0,0,0,0,299,20,1.0,1.0,0.0,0.0,0.07,0.06,0.0,255,20,0.08,0.06,0.0,0.0,1.0,1.0,0.0,0.0,anomaly,normal,anomaly
5460,0,tcp,bgp,S0,0,0,0,0,0,0,0,0,0,0,0,0,0,0,0,0,0,0,286,24,1.0,1.0,0.0,0.0,0.08,0.05,0.0,255,24,0.09,0.05,0.0,0.0,1.0,1.0,0.0,0.0,anomaly,normal,anomaly
23554,0,tcp,imap4,S0,0,0,0,0,0,0,0,0,0,0,0,0,0,0,0,0,0,0,13,3,1.0,1.0,0.0,0.0,0.23,0.23,0.0,255,3,0.01,0.08,0.0,0.0,1.0,1.0,0.0,0.0,anomaly,normal,anomaly
1748,0,tcp,imap4,S0,0,0,0,0,0,0,0,0,0,0,0,0,0,0,0,0,0,0,248,11,1.0,1.0,0.0,0.0,0.04,0.06,0.0,255,11,0.04,0.07,0.0,0.0,1.0,1.0,0.0,0.0,anomaly,normal,anomaly
14907,0,udp,other,SF,1,0,0,0,0,0,0,0,0,0,0,0,0,0,0,0,0,0,10,10,0.0,0.0,0.0,0.0,1.0,0.0,0.0,255,10,0.04,0.2,0.6,0.0,0.0,0.0,0.35,0.0,anomaly,normal,anomaly
6183,0,tcp,uucp,S0,0,0,0,0,0,0,0,0,0,0,0,0,0,0,0,0,0,0,131,5,1.0,1.0,0.0,0.0,0.04,0.06,0.0,255,15,0.06,0.07,0.0,0.0,1.0,1.0,0.0,0.0,anomaly,normal,anomaly
22095,0,tcp,private,S0,0,0,0,0,0,0,0,0,0,0,0,0,0,0,0,0,0,0,163,13,1.0,1.0,0.0,0.0,0.08,0.07,0.0,255,3,0.01,0.08,0.0,0.0,1.0,1.0,0.0,0.0,anomaly,normal,anomaly
847,0,tcp,private,S0,0,0,0,0,0,0,0,0,0,0,0,0,0,0,0,0,0,0,233,7,1.0,1.0,0.0,0.0,0.03,0.06,0.0,255,9,0.04,0.05,0.0,0.0,1.0,1.0,0.0,0.0,anomaly,normal,anomaly
15192,0,tcp,private,REJ,0,0,0,0,0,0,0,0,0,0,0,0,0,0,0,0,0,0,104,16,0.0,0.0,1.0,1.0,0.15,0.07,0.0,255,3,0.01,0.07,0.0,0.0,0.0,0.0,1.0,1.0,anomaly,normal,anomaly
18370,0,tcp,ftp_data,S0,0,0,0,0,0,0,0,0,0,0,0,0,0,0,0,0,0,0,34,6,1.0,1.0,0.0,0.0,0.18,0.12,0.0,255,46,0.18,0.03,0.0,0.0,1.0,1.0,0.0,0.0,anomaly,normal,anomaly
14327,0,tcp,private,REJ,0,0,0,0,0,0,0,0,0,0,0,0,0,0,0,0,0,0,7,1,0.0,0.0,0.86,1.0,0.14,1.0,0.0,255,1,0.0,0.07,0.0,0.0,0.0,0.0,0.03,1.0,anomaly,normal,anomaly
19982,0,tcp,private,S0,0,0,0,0,0,0,0,0,0,0,0,0,0,0,0,0,0,0,208,18,1.0,1.0,0.0,0.0,0.09,0.06,0.0,255,18,0.07,0.07,0.0,0.0,1.0,1.0,0.0,0.0,anomaly,normal,anomaly
11771,0,tcp,time,RSTO,0,0,0,0,0,0,0,0,0,0,0,0,0,0,0,0,0,0,258,17,0.0,0.0,1.0,1.0,0.07,0.07,0.0,255,17,0.07,0.07,0.0,0.0,0.0,0.0,1.0,1.0,anomaly,normal,anomaly
3492,0,tcp,telnet,S0,0,0,0,0,0,0,0,0,0,0,0,0,0,0,0,0,0,0,65,6,1.0,1.0,0.0,0.0,0.09,0.06,0.0,255,6,0.02,0.05,0.0,0.0,1.0,1.0,0.0,0.0,anomaly,normal,anomaly
12006,0,tcp,klogin,S0,0,0,0,0,0,0,0,0,0,0,0,0,0,0,0,0,0,0,137,2,1.0,1.0,0.0,0.0,0.01,0.06,0.0,255,2,0.01,0.06,0.0,0.0,1.0,1.0,0.0,0.0,anomaly,normal,anomaly
24299,0,tcp,http_443,S0,0,0,0,0,0,0,0,0,0,0,0,0,0,0,0,0,0,0,98,20,1.0,1.0,0.0,0.0,0.2,0.05,0.0,255,20,0.08,0.05,0.0,0.0,1.0,1.0,0.0,0.0,anomaly,normal,anomaly
4244,1,tcp,ftp,SF,1213,2449,0,0,0,28,0,1,0,0,0,0,0,0,0,0,0,1,1,1,0.0,0.0,0.0,0.0,1.0,0.0,0.0,255,132,0.52,0.02,0.0,0.0,0.0,0.0,0.0,0.0,anomaly,normal,anomaly
13943,0,tcp,private,RSTR,0,0,0,0,0,0,0,0,0,0,0,0,0,0,0,0,0,0,1,1,0.0,0.0,1.0,1.0,1.0,0.0,0.0,187,1,0.01,0.74,0.74,0.0,0.03,0.0,0.63,1.0,anomaly,normal,anomaly
10085,0,tcp,private,S0,0,0,0,0,0,0,0,0,0,0,0,0,0,0,0,0,0,0,211,10,1.0,1.0,0.0,0.0,0.05,0.06,0.0,255,9,0.04,0.07,0.0,0.0,1.0,1.0,0.0,0.0,anomaly,normal,anomaly
22671,14680,tcp,telnet,SF,4866,72771,0,0,0,0,0,1,4,0,0,0,20,0,0,0,0,0,1,1,0.0,0.0,0.0,0.0,1.0,0.0,0.0,255,33,0.13,0.34,0.0,0.0,0.34,0.12,0.0,0.03,normal,anomaly,normal
20981,0,tcp,iso_tsap,S0,0,0,0,0,0,0,0,0,0,0,0,0,0,0,0,0,0,0,227,11,1.0,1.0,0.0,0.0,0.05,0.06,0.0,255,11,0.04,0.06,0.0,0.0,1.0,1.0,0.0,0.0,anomaly,normal,anomaly
4045,0,icmp,eco_i,SF,8,0,0,0,0,0,0,0,0,0,0,0,0,0,0,0,0,0,1,47,0.0,0.0,0.0,0.0,1.0,0.0,1.0,1,249,1.0,0.0,1.0,0.5,0.0,0.0,0.0,0.0,anomaly,normal,anomaly
1984,0,tcp,vmnet,REJ,0,0,0,0,0,0,0,0,0,0,0,0,0,0,0,0,0,0,246,1,0.0,0.0,1.0,1.0,0.0,0.07,0.0,255,1,0.0,0.08,0.0,0.0,0.0,0.0,1.0,1.0,anomaly,normal,anomaly
13378,156,tcp,ftp,SF,950,2551,0,0,0,18,0,1,0,0,0,0,21,0,0,0,0,1,1,1,0.0,0.0,0.0,0.0,1.0,0.0,0.0,218,1,0.0,0.03,0.0,0.0,0.01,0.0,0.07,0.0,anomaly,normal,anomaly
2165,0,tcp,private,S0,0,0,0,0,0,0,0,0,0,0,0,0,0,0,0,0,0,0,117,2,1.0,1.0,0.0,0.0,0.02,0.06,0.0,255,8,0.03,0.06,0.0,0.0,1.0,1.0,0.0,0.0,anomaly,normal,anomaly
22486,0,tcp,daytime,S0,0,0,0,0,0,0,0,0,0,0,0,0,0,0,0,0,0,0,114,12,1.0,1.0,0.0,0.0,0.11,0.06,0.0,255,12,0.05,0.07,0.0,0.0,1.0,1.0,0.0,0.0,anomaly,normal,anomaly
3549,0,tcp,iso_tsap,S0,0,0,0,0,0,0,0,0,0,0,0,0,0,0,0,0,0,0,252,11,1.0,1.0,0.0,0.0,0.04,0.06,0.0,255,11,0.04,0.07,0.0,0.0,1.0,1.0,0.0,0.0,anomaly,normal,anomaly
14022,0,tcp,private,S0,0,0,0,0,0,0,0,0,0,0,0,0,0,0,0,0,0,0,134,5,1.0,1.0,0.0,0.0,0.04,0.06,0.0,137,5,0.04,0.07,0.01,0.0,1.0,1.0,0.0,0.0,anomaly,normal,anomaly
713,0,tcp,private,S0,0,0,0,0,0,0,0,0,0,0,0,0,0,0,0,0,0,0,219,2,1.0,1.0,0.0,0.0,0.01,0.06,0.0,255,3,0.01,0.06,0.0,0.0,1.0,1.0,0.0,0.0,anomaly,normal,anomaly
13538,0,tcp,X11,REJ,0,0,0,0,0,0,0,0,0,0,0,0,0,0,0,0,0,0,1,1,0.0,0.0,1.0,1.0,1.0,0.0,0.0,255,1,0.0,0.33,0.0,0.0,0.0,0.0,0.11,1.0,anomaly,normal,anomaly
16006,0,tcp,Z39_50,S0,0,0,0,0,0,0,0,0,0,0,0,0,0,0,0,0,0,0,236,1,1.0,1.0,0.0,0.0,0.0,0.07,0.0,255,1,0.0,0.07,0.0,0.0,1.0,1.0,0.0,0.0,anomaly,normal,anomaly
2348,0,tcp,ftp_data,S0,0,0,0,0,0,0,0,0,0,0,0,0,0,0,0,0,0,0,215,16,1.0,1.0,0.0,0.0,0.07,0.07,0.0,255,15,0.06,0.07,0.0,0.0,1.0,1.0,0.0,0.0,anomaly,normal,anomaly
4681,0,tcp,http,SF,54540,8314,0,0,0,2,0,1,1,0,0,0,0,0,0,0,0,0,6,6,0.0,0.0,0.0,0.0,1.0,0.0,0.0,255,255,1.0,0.0,0.0,0.0,0.0,0.0,0.05,0.05,anomaly,normal,anomaly
7911,0,tcp,auth,S0,0,0,0,0,0,0,0,0,0,0,0,0,0,0,0,0,0,0,232,2,1.0,1.0,0.0,0.0,0.01,0.07,0.0,255,2,0.01,0.07,0.0,0.0,1.0,1.0,0.0,0.0,anomaly,normal,anomaly
3762,0,tcp,uucp_path,REJ,0,0,0,0,0,0,0,0,0,0,0,0,0,0,0,0,0,0,231,5,0.0,0.0,1.0,1.0,0.02,0.06,0.0,255,5,0.02,0.07,0.0,0.0,0.0,0.0,1.0,1.0,anomaly,normal,anomaly
5370,0,tcp,http,S0,0,0,0,0,0,0,0,0,0,0,0,0,0,0,0,0,0,0,195,3,1.0,0.67,0.0,0.33,0.01,0.06,0.67,255,2,0.01,0.07,0.0,0.0,1.0,1.0,0.0,0.0,anomaly,normal,anomaly
19742,0,udp,private,SF,1,0,0,0,0,0,0,0,0,0,0,0,0,0,0,0,0,0,15,1,0.0,0.0,0.0,0.0,0.07,0.33,0.0,255,1,0.0,0.48,0.67,0.0,0.0,0.0,0.33,0.0,anomaly,normal,anomaly
8338,0,tcp,private,S0,0,0,0,0,0,0,0,0,0,0,0,0,0,0,0,0,0,0,13,1,1.0,1.0,0.0,0.0,0.08,0.38,0.0,255,3,0.01,0.09,0.0,0.0,1.0,1.0,0.0,0.0,anomaly,normal,anomaly
16477,0,icmp,eco_i,SF,18,0,0,0,0,0,0,0,0,0,0,0,0,0,0,0,0,0,1,1,0.0,0.0,0.0,0.0,1.0,0.0,0.0,3,63,1.0,0.0,1.0,0.25,0.0,0.0,0.0,0.0,anomaly,normal,anomaly
11251,0,icmp,eco_i,SF,18,0,0,0,0,0,0,0,0,0,0,0,0,0,0,0,0,0,1,1,0.0,0.0,0.0,0.0,1.0,0.0,0.0,1,127,1.0,0.0,1.0,1.0,0.0,0.0,0.0,0.0,anomaly,normal,anomaly
24446,0,tcp,http,S0,0,0,0,0,0,0,0,0,0,0,0,0,0,0,0,0,0,0,253,31,1.0,0.45,0.0,0.0,0.06,0.06,0.06,255,14,0.05,0.07,0.0,0.0,1.0,1.0,0.0,0.0,anomaly,normal,anomaly
11129,0,icmp,eco_i,SF,8,0,0,0,0,0,0,0,0,0,0,0,0,0,0,0,0,0,1,31,0.0,0.0,0.0,0.0,1.0,0.0,1.0,2,129,1.0,0.0,1.0,0.5,0.0,0.0,0.0,0.0,anomaly,normal,anomaly
20061,0,tcp,http,S0,0,0,0,0,0,0,0,0,0,0,0,0,0,0,0,0,0,0,24,10,1.0,1.0,0.0,0.0,0.42,0.17,0.0,104,30,0.29,0.04,0.04,0.0,1.0,1.0,0.0,0.0,anomaly,normal,anomaly
4187,0,tcp,private,S0,0,0,0,0,0,0,0,0,0,0,0,0,0,0,0,0,0,0,273,20,1.0,1.0,0.0,0.0,0.07,0.04,0.0,255,20,0.08,0.05,0.0,0.0,1.0,1.0,0.0,0.0,anomaly,normal,anomaly
1650,1,tcp,private,RSTOS0,0,0,0,0,0,0,0,0,0,0,0,0,0,0,0,0,0,0,208,2,0.64,0.5,0.36,0.5,0.01,0.41,0.0,255,2,0.01,0.34,0.82,0.0,0.53,0.5,0.29,0.5,anomaly,normal,anomaly
15463,0,tcp,imap4,S0,0,0,0,0,0,0,0,0,0,0,0,0,0,0,0,0,0,0,211,10,1.0,1.0,0.0,0.0,0.05,0.07,0.0,255,10,0.04,0.06,0.0,0.0,1.0,1.0,0.0,0.0,anomaly,normal,anomaly
2381,0,tcp,private,S0,0,0,0,0,0,0,0,0,0,0,0,0,0,0,0,0,0,0,226,15,1.0,1.0,0.0,0.0,0.07,0.05,0.0,255,15,0.06,0.08,0.0,0.0,1.0,1.0,0.0,0.0,anomaly,normal,anomaly
6118,0,tcp,shell,S0,0,0,0,0,0,0,0,0,0,0,0,0,0,0,0,0,0,0,130,18,1.0,1.0,0.0,0.0,0.14,0.06,0.0,255,18,0.07,0.05,0.0,0.0,1.0,1.0,0.0,0.0,anomaly,normal,anomaly
20868,0,tcp,ftp_data,S0,0,0,0,0,0,0,0,0,0,0,0,0,0,0,0,0,0,0,40,20,1.0,1.0,0.0,0.0,0.5,0.05,0.0,240,60,0.25,0.02,0.0,0.0,1.0,1.0,0.0,0.0,anomaly,normal,anomaly
9922,0,tcp,private,S0,0,0,0,0,0,0,0,0,0,0,0,0,0,0,0,0,0,0,277,16,1.0,1.0,0.0,0.0,0.06,0.06,0.0,255,14,0.05,0.07,0.0,0.0,1.0,1.0,0.0,0.0,anomaly,normal,anomaly
20639,0,tcp,http_443,S0,0,0,0,0,0,0,0,0,0,0,0,0,0,0,0,0,0,0,135,23,1.0,1.0,0.0,0.0,0.17,0.04,0.0,255,23,0.09,0.05,0.0,0.0,1.0,1.0,0.0,0.0,anomaly,normal,anomaly
2763,0,tcp,netstat,S0,0,0,0,0,0,0,0,0,0,0,0,0,0,0,0,0,0,0,212,25,1.0,1.0,0.0,0.0,0.12,0.06,0.0,255,25,0.1,0.06,0.0,0.0,1.0,1.0,0.0,0.0,anomaly,normal,anomaly
6590,0,tcp,whois,S0,0,0,0,0,0,0,0,0,0,0,0,0,0,0,0,0,0,0,204,2,1.0,1.0,0.0,0.0,0.01,0.07,0.0,255,2,0.01,0.04,0.0,0.0,1.0,1.0,0.0,0.0,anomaly,normal,anomaly
16539,0,tcp,kshell,S0,0,0,0,0,0,0,0,0,0,0,0,0,0,0,0,0,0,0,121,19,1.0,1.0,0.0,0.0,0.16,0.06,0.0,255,2,0.01,0.08,0.0,0.0,1.0,1.0,0.0,0.0,anomaly,normal,anomaly
20445,0,tcp,efs,S0,0,0,0,0,0,0,0,0,0,0,0,0,0,0,0,0,0,0,140,15,1.0,1.0,0.0,0.0,0.11,0.06,0.0,255,7,0.03,0.07,0.0,0.0,1.0,1.0,0.0,0.0,anomaly,normal,anomaly
17185,0,tcp,private,REJ,0,0,0,0,0,0,0,0,0,0,0,0,0,0,0,0,0,0,148,10,0.0,0.0,1.0,1.0,0.07,0.08,0.0,255,10,0.04,0.08,0.0,0.0,0.0,0.0,1.0,1.0,anomaly,normal,anomaly
9902,0,tcp,private,REJ,0,0,0,0,0,0,0,0,0,0,0,0,0,0,0,0,0,0,131,1,0.06,0.0,0.92,1.0,0.01,1.0,0.0,255,1,0.0,0.72,0.0,0.0,0.03,0.0,0.49,1.0,anomaly,normal,anomaly
20101,0,tcp,supdup,S0,0,0,0,0,0,0,0,0,0,0,0,0,0,0,0,0,0,0,249,1,1.0,1.0,0.0,0.0,0.0,0.06,0.0,255,1,0.0,0.07,0.0,0.0,1.0,1.0,0.0,0.0,anomaly,normal,anomaly
8508,0,tcp,ssh,S0,0,0,0,0,0,0,0,0,0,0,0,0,0,0,0,0,0,0,10,5,1.0,1.0,0.0,0.0,0.5,0.3,0.0,255,5,0.02,0.09,0.0,0.0,1.0,1.0,0.0,0.0,anomaly,normal,anomaly
8028,0,tcp,courier,S0,0,0,0,0,0,0,0,0,0,0,0,0,0,0,0,0,0,0,114,9,1.0,1.0,0.0,0.0,0.08,0.07,0.0,255,9,0.04,0.07,0.0,0.0,1.0,1.0,0.0,0.0,anomaly,normal,anomaly
22192,0,tcp,time,S0,0,0,0,0,0,0,0,0,0,0,0,0,0,0,0,0,0,0,106,1,1.0,1.0,0.0,0.0,0.01,0.07,0.0,255,1,0.0,0.08,0.0,0.0,1.0,1.0,0.0,0.0,anomaly,normal,anomaly
7156,0,tcp,http,S0,0,0,0,0,0,0,0,0,0,0,0,0,0,0,0,0,0,0,52,16,1.0,1.0,0.0,0.0,0.31,0.08,0.0,255,46,0.18,0.05,0.01,0.0,1.0,1.0,0.0,0.0,anomaly,normal,anomaly
246,0,tcp,private,S0,0,0,0,0,0,0,0,0,0,0,0,0,0,0,0,0,0,0,163,9,1.0,1.0,0.0,0.0,0.06,0.09,0.0,255,9,0.04,0.1,0.0,0.0,1.0,1.0,0.0,0.0,anomaly,normal,anomaly
13186,0,tcp,supdup,REJ,0,0,0,0,0,0,0,0,0,0,0,0,0,0,0,0,0,0,202,2,0.0,0.0,1.0,1.0,0.01,0.06,0.0,255,2,0.01,0.08,0.0,0.0,0.0,0.0,1.0,1.0,anomaly,normal,anomaly
16631,1,tcp,ftp,SF,1228,2449,0,0,0,28,0,1,0,0,0,0,0,0,0,0,0,1,1,1,0.0,0.0,0.0,0.0,1.0,0.0,0.0,107,5,0.05,0.06,0.01,0.0,0.02,0.0,0.07,0.0,anomaly,normal,anomaly
8710,0,tcp,discard,S0,0,0,0,0,0,0,0,0,0,0,0,0,0,0,0,0,0,0,112,11,1.0,1.0,0.0,0.0,0.1,0.07,0.0,255,11,0.04,0.07,0.0,0.0,1.0,1.0,0.0,0.0,anomaly,normal,anomaly
15544,0,tcp,http,SF,54540,8314,0,0,0,2,0,1,1,0,0,0,0,0,0,0,0,0,4,4,0.0,0.0,0.0,0.0,1.0,0.0,0.0,67,67,1.0,0.0,0.01,0.0,0.0,0.0,0.18,0.18,anomaly,normal,anomaly
23346,0,udp,private,SF,28,0,0,3,0,0,0,0,0,0,0,0,0,0,0,0,0,0,32,32,0.0,0.0,0.0,0.0,1.0,0.0,0.0,235,32,0.14,0.05,0.14,0.0,0.02,0.0,0.0,0.0,anomaly,normal,anomaly
16889,0,tcp,private,S0,0,0,0,0,0,0,0,0,0,0,0,0,0,0,0,0,0,0,83,19,1.0,1.0,0.0,0.0,0.23,0.06,0.0,255,1,0.0,0.06,0.0,0.0,1.0,1.0,0.0,0.0,anomaly,normal,anomaly
534,0,tcp,private,S0,0,0,0,0,0,0,0,0,0,0,0,0,0,0,0,0,0,0,26,2,1.0,1.0,0.0,0.0,0.08,0.15,0.0,255,12,0.05,0.08,0.0,0.0,1.0,1.0,0.0,0.0,anomaly,normal,anomaly
20601,0,tcp,Z39_50,REJ,0,0,0,0,0,0,0,0,0,0,0,0,0,0,0,0,0,0,274,9,0.0,0.0,1.0,1.0,0.03,0.06,0.0,255,9,0.04,0.07,0.0,0.0,0.0,0.0,1.0,1.0,anomaly,normal,anomaly
9979,0,tcp,Z39_50,REJ,0,0,0,0,0,0,0,0,0,0,0,0,0,0,0,0,0,0,245,4,0.0,0.0,1.0,1.0,0.02,0.07,0.0,255,4,0.02,0.08,0.0,0.0,0.0,0.0,1.0,1.0,anomaly,normal,anomaly
8344,0,icmp,eco_i,SF,8,0,0,0,0,0,0,0,0,0,0,0,0,0,0,0,0,0,1,25,0.0,0.0,0.0,0.0,1.0,0.0,1.0,2,82,1.0,0.0,1.0,0.5,0.0,0.0,0.0,0.0,anomaly,normal,anomaly
4645,12096,tcp,telnet,SF,99,2822,0,0,0,0,0,1,0,0,0,0,0,0,0,0,0,0,1,1,0.0,0.0,0.0,0.0,1.0,0.0,0.0,3,2,0.33,0.67,0.33,1.0,0.0,0.0,0.0,0.0,normal,anomaly,normal
258,0,tcp,private,RSTR,0,0,0,0,0,0,0,0,0,0,0,0,0,0,0,0,0,0,1,1,0.0,0.0,1.0,1.0,1.0,0.0,0.0,255,1,0.0,0.38,0.36,0.0,0.0,0.0,0.37,1.0,anomaly,normal,anomaly
607,0,tcp,http,SF,54540,8314,0,0,0,2,0,1,1,0,0,0,0,0,0,0,0,0,4,4,0.0,0.0,0.0,0.0,1.0,0.0,0.0,68,68,1.0,0.0,0.01,0.0,0.0,0.0,0.03,0.03,anomaly,normal,anomaly
24401,0,tcp,ftp_data,S0,0,0,0,0,0,0,0,0,0,0,0,0,0,0,0,0,0,0,32,9,1.0,1.0,0.0,0.0,0.28,0.12,0.0,255,48,0.19,0.05,0.01,0.0,1.0,1.0,0.0,0.0,anomaly,normal,anomaly
349,0,tcp,private,REJ,0,0,0,0,0,0,0,0,0,0,0,0,0,0,0,0,0,0,1,1,0.0,0.0,1.0,1.0,1.0,0.0,0.0,37,2,0.03,1.0,0.03,1.0,0.0,0.0,0.86,1.0,anomaly,normal,anomaly
19652,0,tcp,netbios_ns,S0,0,0,0,0,0,0,0,0,0,0,0,0,0,0,0,0,0,0,106,15,1.0,1.0,0.0,0.0,0.14,0.06,0.0,255,15,0.06,0.05,0.0,0.0,1.0,1.0,0.0,0.0,anomaly,normal,anomaly
16270,0,icmp,eco_i,SF,8,0,0,0,0,0,0,0,0,0,0,0,0,0,0,0,0,0,1,31,0.0,0.0,0.0,0.0,1.0,0.0,1.0,1,173,1.0,0.0,1.0,0.5,0.0,0.0,0.0,0.0,anomaly,normal,anomaly
20671,0,tcp,gopher,S0,0,0,0,0,0,0,0,0,0,0,0,0,0,0,0,0,0,0,106,20,1.0,1.0,0.0,0.0,0.19,0.06,0.0,255,6,0.02,0.08,0.0,0.0,1.0,1.0,0.0,0.0,anomaly,normal,anomaly
7823,0,tcp,netbios_ns,REJ,0,0,0,0,0,0,0,0,0,0,0,0,0,0,0,0,0,0,145,16,0.0,0.0,1.0,1.0,0.11,0.06,0.0,255,8,0.03,0.07,0.0,0.0,0.0,0.0,1.0,1.0,anomaly,normal,anomaly
11343,0,tcp,http_443,REJ,0,0,0,0,0,0,0,0,0,0,0,0,0,0,0,0,0,0,111,11,0.0,0.0,1.0,1.0,0.1,0.06,0.0,255,11,0.04,0.05,0.0,0.0,0.0,0.0,1.0,1.0,anomaly,normal,anomaly
561,0,tcp,time,RSTO,0,0,0,0,0,0,0,0,0,0,0,0,0,0,0,0,0,0,280,16,0.0,0.0,1.0,1.0,0.06,0.06,0.0,255,16,0.06,0.07,0.0,0.0,0.0,0.0,1.0,1.0,anomaly,normal,anomaly
19024,0,tcp,private,S0,0,0,0,0,0,0,0,0,0,0,0,0,0,0,0,0,0,0,188,2,1.0,1.0,0.0,0.0,0.01,0.07,0.0,255,16,0.06,0.06,0.0,0.0,1.0,1.0,0.0,0.0,anomaly,normal,anomaly
10372,0,tcp,finger,RSTO,0,0,0,0,0,0,0,0,0,0,0,0,0,0,0,0,0,0,282,19,0.0,0.0,1.0,1.0,0.07,0.06,0.0,255,19,0.07,0.07,0.0,0.0,0.0,0.0,1.0,1.0,anomaly,normal,anomaly
8398,0,tcp,finger,S0,0,0,0,0,0,0,0,0,0,0,0,0,0,0,0,0,0,0,278,10,1.0,1.0,0.0,0.0,0.04,0.06,0.0,255,10,0.04,0.07,0.0,0.0,1.0,1.0,0.0,0.0,anomaly,normal,anomaly
2413,0,tcp,private,S0,0,0,0,0,0,0,0,0,0,0,0,0,0,0,0,0,0,0,105,13,1.0,1.0,0.0,0.0,0.12,0.06,0.0,255,10,0.04,0.08,0.0,0.0,1.0,1.0,0.0,0.0,anomaly,normal,anomaly
10740,0,tcp,time,SF,6,4,0,0,0,0,0,1,0,0,0,0,0,0,0,0,0,0,2,1,0.0,0.0,0.5,0.0,0.5,1.0,0.0,120,1,0.01,0.13,0.01,0.0,0.0,0.0,0.03,0.0,anomaly,normal,anomaly
5727,0,tcp,telnet,S0,0,0,0,0,0,0,0,0,0,0,0,0,0,0,0,0,0,0,192,1,1.0,1.0,0.0,0.0,0.01,0.07,0.0,255,1,0.0,0.09,0.0,0.0,1.0,1.0,0.0,0.0,anomaly,normal,anomaly
25071,0,tcp,private,S0,0,0,0,0,0,0,0,0,0,0,0,0,0,0,0,0,0,0,108,17,1.0,1.0,0.0,0.0,0.16,0.06,0.0,185,17,0.09,0.1,0.01,0.0,1.0,1.0,0.0,0.0,anomaly,normal,anomaly
281,0,tcp,http,S0,0,0,0,0,0,0,0,0,0,0,0,0,0,0,0,0,0,0,14,6,1.0,1.0,0.0,0.0,0.43,0.29,0.0,94,26,0.28,0.04,0.01,0.0,1.0,1.0,0.0,0.0,anomaly,normal,anomaly
18001,0,tcp,iso_tsap,S0,0,0,0,0,0,0,0,0,0,0,0,0,0,0,0,0,0,0,267,18,1.0,1.0,0.0,0.0,0.07,0.06,0.0,255,18,0.07,0.08,0.0,0.0,1.0,1.0,0.0,0.0,anomaly,normal,anomaly
10064,0,icmp,eco_i,SF,18,0,0,0,0,0,0,0,0,0,0,0,0,0,0,0,0,0,1,1,0.0,0.0,0.0,0.0,1.0,0.0,0.0,4,116,1.0,0.0,1.0,0.25,0.0,0.0,0.0,0.0,anomaly,normal,anomaly
4448,0,tcp,private,RSTR,0,0,0,0,0,0,0,0,0,0,0,0,0,0,0,0,0,0,1,1,0.0,0.0,1.0,1.0,1.0,0.0,0.0,198,1,0.01,0.51,0.51,0.0,0.0,0.0,0.5,1.0,anomaly,normal,anomaly
16040,0,tcp,http_443,S0,0,0,0,0,0,0,0,0,0,0,0,0,0,0,0,0,0,0,127,8,1.0,1.0,0.0,0.0,0.06,0.06,0.0,255,19,0.07,0.06,0.0,0.0,1.0,1.0,0.0,0.0,anomaly,normal,anomaly
5170,0,tcp,nnsp,S0,0,0,0,0,0,0,0,0,0,0,0,0,0,0,0,0,0,0,137,19,1.0,1.0,0.0,0.0,0.14,0.06,0.0,255,19,0.07,0.07,0.0,0.0,1.0,1.0,0.0,0.0,anomaly,normal,anomaly
22207,0,tcp,private,S0,0,0,0,0,0,0,0,0,0,0,0,0,0,0,0,0,0,0,45,8,1.0,1.0,0.0,0.0,0.18,0.13,0.0,255,18,0.07,0.08,0.0,0.0,1.0,1.0,0.0,0.0,anomaly,normal,anomaly
24019,0,tcp,name,REJ,0,0,0,0,0,0,0,0,0,0,0,0,0,0,0,0,0,0,1,1,0.0,0.0,1.0,1.0,1.0,0.0,0.0,23,2,0.04,1.0,0.04,1.0,0.0,0.0,0.83,1.0,anomaly,normal,anomaly
16284,0,tcp,private,S0,0,0,0,0,0,0,0,0,0,0,0,0,0,0,0,0,0,0,133,2,1.0,1.0,0.0,0.0,0.02,0.06,0.0,255,4,0.02,0.06,0.0,0.0,1.0,1.0,0.0,0.0,anomaly,normal,anomaly
9757,0,tcp,private,REJ,0,0,0,0,0,0,0,0,0,0,0,0,0,0,0,0,0,0,1,1,0.0,0.0,1.0,1.0,1.0,0.0,0.0,15,2,0.07,1.0,0.07,1.0,0.0,0.0,0.87,1.0,anomaly,normal,anomaly
16955,0,tcp,finger,S0,0,0,0,0,0,0,0,0,0,0,0,0,0,0,0,0,0,0,53,13,1.0,1.0,0.0,0.0,0.25,0.08,0.0,135,36,0.24,0.03,0.02,0.06,0.99,0.92,0.0,0.0,anomaly,normal,anomaly
10577,0,tcp,private,S0,0,0,0,0,0,0,0,0,0,0,0,0,0,0,0,0,0,0,195,17,1.0,1.0,0.0,0.0,0.09,0.06,0.0,255,5,0.02,0.07,0.0,0.0,1.0,1.0,0.0,0.0,anomaly,normal,anomaly
2969,0,icmp,eco_i,SF,8,0,0,0,0,0,0,0,0,0,0,0,0,0,0,0,0,0,1,2,0.0,0.0,0.0,0.0,1.0,0.0,1.0,1,95,1.0,0.0,1.0,0.51,0.0,0.0,0.0,0.0,anomaly,normal,anomaly
6268,0,tcp,private,S0,0,0,0,0,0,0,0,0,0,0,0,0,0,0,0,0,0,0,113,1,1.0,1.0,0.0,0.0,0.01,0.06,0.0,255,1,0.0,0.09,0.0,0.0,1.0,1.0,0.0,0.0,anomaly,normal,anomaly
11164,0,tcp,telnet,S0,0,0,0,0,0,0,0,0,0,0,0,0,0,0,0,0,0,0,288,20,1.0,1.0,0.0,0.0,0.07,0.06,0.0,255,17,0.07,0.07,0.0,0.0,1.0,1.0,0.0,0.0,anomaly,normal,anomaly
4495,0,tcp,imap4,S0,0,0,0,0,0,0,0,0,0,0,0,0,0,0,0,0,0,0,283,12,1.0,1.0,0.0,0.0,0.04,0.06,0.0,255,2,0.01,0.07,0.0,0.0,1.0,1.0,0.0,0.0,anomaly,normal,anomaly
23946,0,tcp,imap4,S0,0,0,0,0,0,0,0,0,0,0,0,0,0,0,0,0,0,0,279,15,1.0,1.0,0.0,0.0,0.05,0.05,0.0,255,15,0.06,0.08,0.0,0.0,1.0,1.0,0.0,0.0,anomaly,normal,anomaly
5313,0,tcp,exec,S0,0,0,0,0,0,0,0,0,0,0,0,0,0,0,0,0,0,0,145,15,1.0,1.0,0.0,0.0,0.1,0.06,0.0,255,15,0.06,0.05,0.0,0.0,1.0,1.0,0.0,0.0,anomaly,normal,anomaly
20603,0,tcp,Z39_50,S0,0,0,0,0,0,0,0,0,0,0,0,0,0,0,0,0,0,0,114,8,1.0,1.0,0.0,0.0,0.07,0.07,0.0,255,8,0.03,0.07,0.0,0.0,1.0,1.0,0.0,0.0,anomaly,normal,anomaly
20087,0,tcp,private,S0,0,0,0,0,0,0,0,0,0,0,0,0,0,0,0,0,0,0,17,8,1.0,1.0,0.0,0.0,0.47,0.29,0.0,255,8,0.03,0.08,0.0,0.0,1.0,1.0,0.0,0.0,anomaly,normal,anomaly
20957,0,tcp,private,S0,0,0,0,0,0,0,0,0,0,0,0,0,0,0,0,0,0,0,232,2,1.0,1.0,0.0,0.0,0.01,0.07,0.0,255,2,0.01,0.06,0.0,0.0,1.0,1.0,0.0,0.0,anomaly,normal,anomaly
22462,0,tcp,http,SF,54540,8314,0,0,0,2,0,1,1,0,0,0,0,0,0,0,0,0,4,5,0.0,0.0,0.0,0.2,1.0,0.0,0.4,255,255,1.0,0.0,0.0,0.0,0.0,0.0,0.03,0.03,anomaly,normal,anomaly
4568,0,tcp,private,S0,0,0,0,0,0,0,0,0,0,0,0,0,0,0,0,0,0,0,128,14,1.0,1.0,0.0,0.0,0.11,0.05,0.0,255,14,0.05,0.07,0.0,0.0,1.0,1.0,0.0,0.0,anomaly,normal,anomaly
18633,0,tcp,private,S0,0,0,0,0,0,0,0,0,0,0,0,0,0,0,0,0,0,0,257,14,1.0,1.0,0.0,0.0,0.05,0.07,0.0,255,14,0.05,0.07,0.0,0.0,1.0,1.0,0.0,0.0,anomaly,normal,anomaly
13606,0,tcp,http,SF,54540,8314,0,0,0,2,0,1,1,0,0,0,0,0,0,0,0,0,2,4,0.0,0.0,0.0,0.0,1.0,0.0,0.75,6,6,1.0,0.0,0.17,0.0,0.0,0.0,0.17,0.17,anomaly,normal,anomaly
9850,0,tcp,private,RSTR,0,0,0,0,0,0,0,0,0,0,0,0,0,0,0,0,0,0,1,1,0.0,0.0,1.0,1.0,1.0,0.0,0.0,255,1,0.0,0.63,0.63,0.0,0.0,0.0,0.63,1.0,anomaly,normal,anomaly
21374,0,tcp,netbios_dgm,REJ,0,0,0,0,0,0,0,0,0,0,0,0,0,0,0,0,0,0,241,6,0.0,0.0,1.0,1.0,0.02,0.07,0.0,255,6,0.02,0.07,0.0,0.0,0.0,0.0,1.0,1.0,anomaly,normal,anomaly
21217,0,tcp,kshell,S0,0,0,0,0,0,0,0,0,0,0,0,0,0,0,0,0,0,0,128,21,1.0,1.0,0.0,0.0,0.16,0.05,0.0,255,21,0.08,0.05,0.0,0.0,1.0,1.0,0.0,0.0,anomaly,normal,anomaly
16212,0,tcp,bgp,S0,0,0,0,0,0,0,0,0,0,0,0,0,0,0,0,0,0,0,277,17,1.0,1.0,0.0,0.0,0.06,0.06,0.0,255,17,0.07,0.07,0.0,0.0,1.0,1.0,0.0,0.0,anomaly,normal,anomaly
9241,0,tcp,netbios_ssn,S0,0,0,0,0,0,0,0,0,0,0,0,0,0,0,0,0,0,0,283,22,1.0,1.0,0.0,0.0,0.08,0.05,0.0,255,22,0.09,0.05,0.0,0.0,1.0,1.0,0.0,0.0,anomaly,normal,anomaly
21560,0,tcp,bgp,S0,0,0,0,0,0,0,0,0,0,0,0,0,0,0,0,0,0,0,270,8,1.0,1.0,0.0,0.0,0.03,0.06,0.0,255,8,0.03,0.07,0.0,0.0,1.0,1.0,0.0,0.0,anomaly,normal,anomaly
5933,0,tcp,private,S0,0,0,0,0,0,0,0,0,0,0,0,0,0,0,0,0,0,0,109,10,1.0,1.0,0.0,0.0,0.09,0.06,0.0,255,4,0.02,0.06,0.0,0.0,1.0,1.0,0.0,0.0,anomaly,normal,anomaly
1416,0,tcp,ftp_data,S0,0,0,0,0,0,0,0,0,0,0,0,0,0,0,0,0,0,0,15,4,0.93,1.0,0.07,0.0,0.27,0.27,0.0,255,10,0.04,0.07,0.0,0.0,1.0,1.0,0.0,0.0,anomaly,normal,anomaly
1435,0,tcp,private,S0,0,0,0,0,0,0,0,0,0,0,0,0,0,0,0,0,0,0,87,3,1.0,1.0,0.0,0.0,0.03,0.07,0.0,255,3,0.01,0.06,0.0,0.0,1.0,1.0,0.0,0.0,anomaly,normal,anomaly
24780,0,icmp,eco_i,SF,8,0,0,0,0,0,0,0,0,0,0,0,0,0,0,0,0,0,1,5,0.0,0.0,0.0,0.0,1.0,0.0,1.0,2,138,1.0,0.0,1.0,0.5,0.0,0.0,0.0,0.0,anomaly,normal,anomaly
11214,0,tcp,csnet_ns,S0,0,0,0,0,0,0,0,0,0,0,0,0,0,0,0,0,0,0,224,2,1.0,1.0,0.0,0.0,0.01,0.07,0.0,255,2,0.01,0.09,0.0,0.0,1.0,1.0,0.0,0.0,anomaly,normal,anomaly
22223,0,tcp,smtp,S0,0,0,0,0,0,0,0,0,0,0,0,0,0,0,0,0,0,0,257,6,1.0,1.0,0.0,0.0,0.02,0.06,0.0,255,6,0.02,0.07,0.0,0.0,1.0,1.0,0.0,0.0,anomaly,normal,anomaly
11941,0,tcp,private,S0,0,0,0,0,0,0,0,0,0,0,0,0,0,0,0,0,0,0,99,11,1.0,1.0,0.0,0.0,0.11,0.06,0.0,255,13,0.05,0.06,0.0,0.0,1.0,1.0,0.0,0.0,anomaly,normal,anomaly
22287,0,icmp,eco_i,SF,8,0,0,0,0,0,0,0,0,0,0,0,0,0,0,0,0,0,1,5,0.0,0.0,0.0,0.0,1.0,0.0,1.0,2,46,1.0,0.0,1.0,0.5,0.0,0.0,0.0,0.0,anomaly,normal,anomaly
6827,0,tcp,ftp_data,REJ,0,0,0,0,0,0,0,0,0,0,0,0,0,0,0,0,0,0,272,7,0.0,0.0,1.0,1.0,0.03,0.06,0.0,255,7,0.03,0.09,0.0,0.0,0.0,0.0,1.0,1.0,anomaly,normal,anomaly
11610,0,tcp,http_443,S0,0,0,0,0,0,0,0,0,0,0,0,0,0,0,0,0,0,0,255,13,1.0,1.0,0.0,0.0,0.05,0.05,0.0,255,13,0.05,0.07,0.0,0.0,1.0,1.0,0.0,0.0,anomaly,normal,anomaly
5860,0,tcp,private,S0,0,0,0,0,0,0,0,0,0,0,0,0,0,0,0,0,0,0,178,14,1.0,1.0,0.0,0.0,0.08,0.06,0.0,255,3,0.01,0.07,0.0,0.0,1.0,1.0,0.0,0.0,anomaly,normal,anomaly
6191,1,tcp,ftp,SF,1261,2451,0,0,0,28,0,1,0,0,0,0,0,0,0,0,0,1,1,1,0.0,0.0,0.0,0.0,1.0,0.0,0.0,255,135,0.53,0.02,0.0,0.0,0.0,0.0,0.0,0.0,anomaly,normal,anomaly
13628,0,tcp,http,S0,0,0,0,0,0,0,0,0,0,0,0,0,0,0,0,0,0,0,28,11,1.0,1.0,0.0,0.0,0.39,0.14,0.0,255,67,0.26,0.02,0.01,0.0,1.0,1.0,0.0,0.0,anomaly,normal,anomaly
21989,0,tcp,private,S0,0,0,0,0,0,0,0,0,0,0,0,0,0,0,0,0,0,0,110,15,1.0,1.0,0.0,0.0,0.14,0.06,0.0,255,16,0.06,0.07,0.0,0.0,1.0,1.0,0.0,0.0,anomaly,normal,anomaly
15322,0,tcp,private,REJ,0,0,0,0,0,0,0,0,0,0,0,0,0,0,0,0,0,0,129,9,0.0,0.0,1.0,1.0,0.07,0.06,0.0,255,9,0.04,0.07,0.0,0.0,0.0,0.0,1.0,1.0,anomaly,normal,anomaly
9603,1,tcp,private,RSTOS0,0,0,0,0,0,0,0,0,0,0,0,0,0,0,0,0,0,0,6,2,0.67,0.5,0.33,0.5,0.33,0.5,0.0,255,2,0.01,0.02,0.02,0.0,0.02,0.5,0.01,0.5,anomaly,normal,anomaly
20863,0,tcp,http,SF,54540,8314,0,0,0,2,0,1,1,0,0,0,0,0,0,0,0,0,3,4,0.0,0.0,0.0,0.25,1.0,0.0,0.5,26,26,1.0,0.0,0.04,0.0,0.0,0.0,0.0,0.0,anomaly,normal,anomaly
11778,0,tcp,courier,S0,0,0,0,0,0,0,0,0,0,0,0,0,0,0,0,0,0,0,117,6,1.0,1.0,0.0,0.0,0.05,0.06,0.0,255,6,0.02,0.05,0.0,0.0,1.0,1.0,0.0,0.0,anomaly,normal,anomaly
14943,9838,udp,other,SF,147,105,0,0,0,0,0,0,0,0,0,0,0,0,0,0,0,0,1,1,0.0,0.0,0.0,0.0,1.0,0.0,0.0,255,3,0.01,0.37,0.77,0.0,0.0,0.0,0.0,0.0,normal,anomaly,normal
8294,0,tcp,iso_tsap,S0,0,0,0,0,0,0,0,0,0,0,0,0,0,0,0,0,0,0,295,24,1.0,1.0,0.0,0.0,0.08,0.05,0.0,255,24,0.09,0.05,0.0,0.0,1.0,1.0,0.0,0.0,anomaly,normal,anomaly
15423,0,tcp,private,S0,0,0,0,0,0,0,0,0,0,0,0,0,0,0,0,0,0,0,242,12,1.0,1.0,0.0,0.0,0.05,0.06,0.0,255,9,0.04,0.08,0.0,0.0,1.0,1.0,0.0,0.0,anomaly,normal,anomaly
15547,0,tcp,ftp_data,S0,0,0,0,0,0,0,0,0,0,0,0,0,0,0,0,0,0,0,37,8,1.0,1.0,0.0,0.0,0.22,0.11,0.0,255,48,0.19,0.03,0.01,0.0,1.0,1.0,0.0,0.0,anomaly,normal,anomaly
9189,0,icmp,eco_i,SF,18,0,0,0,0,0,0,0,0,0,0,0,0,0,0,0,0,0,1,1,0.0,0.0,0.0,0.0,1.0,0.0,0.0,1,20,1.0,0.0,1.0,1.0,0.0,0.0,0.0,0.0,anomaly,normal,anomaly
14027,0,tcp,private,RSTR,0,0,0,0,0,0,0,0,0,0,0,0,0,0,0,0,0,0,1,1,0.0,0.0,1.0,1.0,1.0,0.0,0.0,255,1,0.0,0.27,0.26,0.0,0.0,0.0,0.26,1.0,anomaly,normal,anomaly
10637,0,tcp,ctf,S0,0,0,0,0,0,0,0,0,0,0,0,0,0,0,0,0,0,0,270,17,1.0,1.0,0.0,0.0,0.06,0.06,0.0,255,4,0.02,0.08,0.0,0.0,1.0,1.0,0.0,0.0,anomaly,normal,anomaly
3501,11481,udp,other,SF,146,105,0,0,0,0,0,0,0,0,0,0,0,0,0,0,0,0,1,1,0.0,0.0,0.0,0.0,1.0,0.0,0.0,92,1,0.01,0.72,0.97,0.0,0.0,0.0,0.0,0.0,normal,anomaly,normal
23339,0,tcp,uucp_path,S0,0,0,0,0,0,0,0,0,0,0,0,0,0,0,0,0,0,0,227,6,1.0,1.0,0.0,0.0,0.03,0.07,0.0,255,6,0.02,0.08,0.0,0.0,1.0,1.0,0.0,0.0,anomaly,normal,anomaly
23722,0,tcp,exec,S0,0,0,0,0,0,0,0,0,0,0,0,0,0,0,0,0,0,0,118,23,1.0,1.0,0.0,0.0,0.19,0.04,0.0,255,23,0.09,0.04,0.0,0.0,1.0,1.0,0.0,0.0,anomaly,normal,anomaly
23255,0,tcp,telnet,S0,0,0,0,0,0,0,0,0,0,0,0,0,0,0,0,0,0,0,228,12,1.0,1.0,0.0,0.0,0.05,0.06,0.0,255,12,0.05,0.06,0.0,0.0,1.0,1.0,0.0,0.0,anomaly,normal,anomaly
3633,0,tcp,ldap,S0,0,0,0,0,0,0,0,0,0,0,0,0,0,0,0,0,0,0,134,5,1.0,1.0,0.0,0.0,0.04,0.06,0.0,255,5,0.02,0.06,0.0,0.0,1.0,1.0,0.0,0.0,anomaly,normal,anomaly
13006,0,icmp,ecr_i,SF,520,0,0,0,0,0,0,0,0,0,0,0,0,0,0,0,0,0,179,179,0.0,0.0,0.0,0.0,1.0,0.0,0.0,255,255,1.0,0.0,1.0,0.0,0.0,0.0,0.0,0.0,anomaly,normal,anomaly
7901,0,tcp,private,REJ,0,0,0,0,0,0,0,0,0,0,0,0,0,0,0,0,0,0,181,16,0.0,0.0,1.0,1.0,0.09,0.06,0.0,255,16,0.06,0.07,0.0,0.0,0.0,0.0,1.0,1.0,anomaly,normal,anomaly
627,0,tcp,private,S0,0,0,0,0,0,0,0,0,0,0,0,0,0,0,0,0,0,0,209,8,1.0,1.0,0.0,0.0,0.04,0.07,0.0,255,9,0.04,0.07,0.0,0.0,1.0,1.0,0.0,0.0,anomaly,normal,anomaly
21840,0,tcp,private,REJ,0,0,0,0,0,0,0,0,0,0,0,0,0,0,0,0,0,0,245,6,0.0,0.0,1.0,1.0,0.02,0.07,0.0,255,6,0.02,0.08,0.0,0.0,0.0,0.0,1.0,1.0,anomaly,normal,anomaly
18046,0,tcp,private,REJ,0,0,0,0,0,0,0,0,0,0,0,0,0,0,0,0,0,0,104,1,0.01,0.0,0.91,1.0,0.01,1.0,0.0,255,1,0.0,0.42,0.0,0.0,0.0,0.0,0.38,1.0,anomaly,normal,anomaly
23549,0,tcp,time,S0,0,0,0,0,0,0,0,0,0,0,0,0,0,0,0,0,0,0,202,1,1.0,1.0,0.0,0.0,0.0,0.07,0.0,255,1,0.0,0.07,0.0,0.0,1.0,1.0,0.0,0.0,anomaly,normal,anomaly
1713,0,tcp,private,S0,0,0,0,0,0,0,0,0,0,0,0,0,0,0,0,0,0,0,253,11,1.0,1.0,0.0,0.0,0.04,0.07,0.0,255,11,0.04,0.08,0.0,0.0,1.0,1.0,0.0,0.0,anomaly,normal,anomaly
2090,0,tcp,private,S0,0,0,0,0,0,0,0,0,0,0,0,0,0,0,0,0,0,0,60,1,1.0,1.0,0.0,0.0,0.02,0.1,0.0,255,21,0.08,0.05,0.0,0.0,1.0,1.0,0.0,0.0,anomaly,normal,anomaly
13167,0,tcp,http_443,S0,0,0,0,0,0,0,0,0,0,0,0,0,0,0,0,0,0,0,114,15,1.0,1.0,0.0,0.0,0.13,0.05,0.0,255,9,0.04,0.06,0.0,0.0,1.0,1.0,0.0,0.0,anomaly,normal,anomaly
11101,0,tcp,Z39_50,S0,0,0,0,0,0,0,0,0,0,0,0,0,0,0,0,0,0,0,274,20,1.0,1.0,0.0,0.0,0.07,0.06,0.0,255,20,0.08,0.06,0.0,0.0,1.0,1.0,0.0,0.0,anomaly,normal,anomaly
22411,0,tcp,sunrpc,S0,0,0,0,0,0,0,0,0,0,0,0,0,0,0,0,0,0,0,266,25,1.0,1.0,0.0,0.0,0.09,0.05,0.0,255,25,0.1,0.05,0.0,0.0,1.0,1.0,0.0,0.0,anomaly,normal,anomaly
758,0,udp,private,SF,28,0,0,3,0,0,0,0,0,0,0,0,0,0,0,0,0,0,27,27,0.0,0.0,0.0,0.0,1.0,0.0,0.0,255,27,0.11,0.02,0.11,0.0,0.0,0.0,0.0,0.0,anomaly,normal,anomaly
14023,0,tcp,netstat,S0,0,0,0,0,0,0,0,0,0,0,0,0,0,0,0,0,0,0,214,16,1.0,1.0,0.0,0.0,0.07,0.06,0.0,255,15,0.06,0.07,0.0,0.0,1.0,1.0,0.0,0.0,anomaly,normal,anomaly
24467,0,udp,private,SF,28,0,0,3,0,0,0,0,0,0,0,0,0,0,0,0,0,0,70,70,0.0,0.0,0.0,0.0,1.0,0.0,0.0,255,70,0.27,0.01,0.27,0.0,0.0,0.0,0.0,0.0,anomaly,normal,anomaly
23305,0,tcp,private,S0,0,0,0,0,0,0,0,0,0,0,0,0,0,0,0,0,0,0,102,6,1.0,1.0,0.0,0.0,0.06,0.06,0.0,255,18,0.07,0.06,0.0,0.0,1.0,1.0,0.0,0.0,anomaly,normal,anomaly
11629,0,tcp,Z39_50,S0,0,0,0,0,0,0,0,0,0,0,0,0,0,0,0,0,0,0,287,18,1.0,1.0,0.0,0.0,0.06,0.06,0.0,255,18,0.07,0.07,0.0,0.0,1.0,1.0,0.0,0.0,anomaly,normal,anomaly
4269,0,tcp,netbios_ns,S0,0,0,0,0,0,0,0,0,0,0,0,0,0,0,0,0,0,0,132,17,1.0,1.0,0.0,0.0,0.13,0.06,0.0,255,17,0.07,0.09,0.0,0.0,1.0,1.0,0.0,0.0,anomaly,normal,anomaly
1672,0,tcp,private,S0,0,0,0,0,0,0,0,0,0,0,0,0,0,0,0,0,0,0,299,14,1.0,1.0,0.0,0.0,0.05,0.05,0.0,255,7,0.03,0.08,0.0,0.0,1.0,1.0,0.0,0.0,anomaly,normal,anomaly
3105,0,tcp,klogin,S0,0,0,0,0,0,0,0,0,0,0,0,0,0,0,0,0,0,0,143,10,1.0,1.0,0.0,0.0,0.07,0.06,0.0,255,8,0.03,0.06,0.0,0.0,1.0,1.0,0.0,0.0,anomaly,normal,anomaly
2515,0,tcp,courier,S0,0,0,0,0,0,0,0,0,0,0,0,0,0,0,0,0,0,0,118,11,1.0,1.0,0.0,0.0,0.09,0.06,0.0,255,11,0.04,0.07,0.0,0.0,1.0,1.0,0.0,0.0,anomaly,normal,anomaly
18187,0,tcp,time,S0,0,0,0,0,0,0,0,0,0,0,0,0,0,0,0,0,0,0,201,1,1.0,1.0,0.0,0.0,0.0,0.06,0.0,255,6,0.02,0.08,0.0,0.0,1.0,1.0,0.0,0.0,anomaly,normal,anomaly
11019,0,tcp,ftp_data,S0,0,0,0,0,0,0,0,0,0,0,0,0,0,0,0,0,0,0,64,14,1.0,1.0,0.0,0.0,0.22,0.06,0.0,255,74,0.29,0.02,0.01,0.0,1.0,1.0,0.0,0.0,anomaly,normal,anomaly
24488,0,tcp,finger,S0,0,0,0,0,0,0,0,0,0,0,0,0,0,0,0,0,0,0,229,4,1.0,1.0,0.0,0.0,0.02,0.07,0.0,255,4,0.02,0.07,0.0,0.0,1.0,1.0,0.0,0.0,anomaly,normal,anomaly
5755,0,tcp,private,S0,0,0,0,0,0,0,0,0,0,0,0,0,0,0,0,0,0,0,67,7,1.0,1.0,0.0,0.0,0.1,0.06,0.0,255,20,0.08,0.07,0.0,0.0,1.0,1.0,0.0,0.0,anomaly,normal,anomaly
7097,0,tcp,netbios_ssn,S0,0,0,0,0,0,0,0,0,0,0,0,0,0,0,0,0,0,0,274,16,1.0,1.0,0.0,0.0,0.06,0.05,0.0,255,16,0.06,0.05,0.0,0.0,1.0,1.0,0.0,0.0,anomaly,normal,anomaly
2798,0,tcp,telnet,RSTO,126,179,0,0,0,1,1,0,0,0,0,0,0,0,0,0,0,0,2,2,0.0,0.0,1.0,1.0,1.0,0.0,0.0,13,13,1.0,0.0,0.08,0.0,0.08,0.08,0.92,0.92,anomaly,normal,anomaly
4868,0,tcp,daytime,S0,0,0,0,0,0,0,0,0,0,0,0,0,0,0,0,0,0,0,243,20,1.0,1.0,0.0,0.0,0.08,0.06,0.0,255,20,0.08,0.06,0.0,0.0,1.0,1.0,0.0,0.0,anomaly,normal,anomaly
5182,0,tcp,auth,S0,0,0,0,0,0,0,0,0,0,0,0,0,0,0,0,0,0,0,293,7,1.0,1.0,0.0,0.0,0.02,0.05,0.0,255,12,0.05,0.07,0.0,0.0,1.0,1.0,0.0,0.0,anomaly,normal,anomaly
24464,0,tcp,vmnet,S0,0,0,0,0,0,0,0,0,0,0,0,0,0,0,0,0,0,0,261,3,1.0,1.0,0.0,0.0,0.01,0.05,0.0,255,3,0.01,0.05,0.0,0.0,1.0,1.0,0.0,0.0,anomaly,normal,anomaly
8816,0,tcp,private,S0,0,0,0,0,0,0,0,0,0,0,0,0,0,0,0,0,0,0,111,20,1.0,1.0,0.0,0.0,0.18,0.05,0.0,189,20,0.11,0.1,0.01,0.0,1.0,1.0,0.0,0.0,anomaly,normal,anomaly
5866,0,tcp,private,S0,0,0,0,0,0,0,0,0,0,0,0,0,0,0,0,0,0,0,71,6,1.0,1.0,0.0,0.0,0.08,0.08,0.0,255,19,0.07,0.07,0.0,0.0,1.0,1.0,0.0,0.0,anomaly,normal,anomaly
9350,0,udp,private,SF,28,0,0,3,0,0,0,0,0,0,0,0,0,0,0,0,0,0,11,11,0.0,0.0,0.0,0.0,1.0,0.0,0.0,255,78,0.31,0.01,0.31,0.0,0.0,0.0,0.0,0.0,anomaly,normal,anomaly
3725,0,tcp,private,S0,0,0,0,0,0,0,0,0,0,0,0,0,0,0,0,0,0,0,173,2,1.0,1.0,0.0,0.0,0.01,0.07,0.0,255,16,0.06,0.07,0.0,0.0,1.0,1.0,0.0,0.0,anomaly,normal,anomaly
7656,0,tcp,private,REJ,0,0,0,0,0,0,0,0,0,0,0,0,0,0,0,0,0,0,54,20,0.0,0.0,1.0,1.0,0.37,0.07,0.0,255,20,0.08,0.06,0.0,0.0,0.0,0.0,1.0,1.0,anomaly,normal,anomaly
13721,0,tcp,supdup,S0,0,0,0,0,0,0,0,0,0,0,0,0,0,0,0,0,0,0,60,14,1.0,1.0,0.0,0.0,0.23,0.1,0.0,255,15,0.06,0.08,0.0,0.0,1.0,1.0,0.0,0.0,anomaly,normal,anomaly
19018,0,tcp,ftp_data,REJ,0,0,0,0,0,0,0,0,0,0,0,0,0,0,0,0,0,0,216,1,0.0,0.0,1.0,1.0,0.0,0.07,0.0,255,1,0.0,0.09,0.0,0.0,0.0,0.0,1.0,1.0,anomaly,normal,anomaly
6353,0,tcp,smtp,RSTO,0,0,0,0,0,0,0,0,0,0,0,0,0,0,0,0,0,0,192,2,0.0,0.0,1.0,1.0,0.01,0.07,0.0,255,2,0.01,0.08,0.0,0.0,0.0,0.0,1.0,1.0,anomaly,normal,anomaly
2097,0,tcp,ssh,S0,0,0,0,0,0,0,0,0,0,0,0,0,0,0,0,0,0,0,287,6,1.0,1.0,0.0,0.0,0.02,0.06,0.0,255,7,0.03,0.07,0.0,0.0,1.0,1.0,0.0,0.0,anomaly,normal,anomaly
11332,0,tcp,private,S0,0,0,0,0,0,0,0,0,0,0,0,0,0,0,0,0,0,0,236,19,1.0,1.0,0.0,0.0,0.08,0.06,0.0,255,17,0.07,0.08,0.0,0.0,1.0,1.0,0.0,0.0,anomaly,normal,anomaly
13540,0,tcp,private,REJ,0,0,0,0,0,0,0,0,0,0,0,0,0,0,0,0,0,0,236,18,0.0,0.0,1.0,1.0,0.08,0.06,0.0,255,18,0.07,0.07,0.0,0.0,0.0,0.0,1.0,1.0,anomaly,normal,anomaly
1639,0,tcp,private,S0,0,0,0,0,0,0,0,0,0,0,0,0,0,0,0,0,0,0,66,7,1.0,1.0,0.0,0.0,0.11,0.08,0.0,255,4,0.02,0.07,0.0,0.0,1.0,1.0,0.0,0.0,anomaly,normal,anomaly
13178,0,icmp,eco_i,SF,8,0,0,0,0,0,0,0,0,0,0,0,0,0,0,0,0,0,1,38,0.0,0.0,0.0,0.0,1.0,0.0,1.0,1,71,1.0,0.0,1.0,0.51,0.0,0.0,0.0,0.0,anomaly,normal,anomaly
5476,0,tcp,telnet,S0,0,0,0,0,0,0,0,0,0,0,0,0,0,0,0,0,0,0,6,6,1.0,1.0,0.0,0.0,1.0,0.0,0.0,128,68,0.53,0.02,0.01,0.0,0.98,0.97,0.0,0.0,anomaly,normal,anomaly
11121,0,tcp,hostnames,S0,0,0,0,0,0,0,0,0,0,0,0,0,0,0,0,0,0,0,295,24,1.0,1.0,0.0,0.0,0.08,0.05,0.0,255,24,0.09,0.05,0.0,0.0,1.0,1.0,0.0,0.0,anomaly,normal,anomaly
6397,0,udp,private,SF,1,0,0,0,0,0,0,0,0,0,0,0,0,0,0,0,0,0,26,10,0.0,0.0,0.0,0.0,0.38,0.12,0.0,255,10,0.04,0.27,0.93,0.0,0.0,0.0,0.07,0.0,anomaly,normal,anomaly
3396,0,tcp,private,RSTR,0,0,0,0,0,0,0,0,0,0,0,0,0,0,0,0,0,0,1,1,0.0,0.0,1.0,1.0,1.0,0.0,0.0,255,1,0.0,0.62,0.62,0.0,0.0,0.0,0.62,1.0,anomaly,normal,anomaly
8221,0,tcp,auth,S0,0,0,0,0,0,0,0,0,0,0,0,0,0,0,0,0,0,0,234,2,1.0,1.0,0.0,0.0,0.01,0.06,0.0,255,10,0.04,0.07,0.0,0.0,1.0,1.0,0.0,0.0,anomaly,normal,anomaly
5951,0,tcp,supdup,S0,0,0,0,0,0,0,0,0,0,0,0,0,0,0,0,0,0,0,170,22,1.0,1.0,0.0,0.0,0.13,0.06,0.0,255,22,0.09,0.06,0.0,0.0,1.0,1.0,0.0,0.0,anomaly,normal,anomaly
5300,0,icmp,eco_i,SF,8,0,0,0,0,0,0,0,0,0,0,0,0,0,0,0,0,0,1,23,0.0,0.0,0.0,0.0,1.0,0.0,1.0,2,96,1.0,0.0,1.0,0.5,0.0,0.0,0.0,0.0,anomaly,normal,anomaly
23751,0,tcp,ftp_data,S0,0,0,0,0,0,0,0,0,0,0,0,0,0,0,0,0,0,0,278,19,1.0,1.0,0.0,0.0,0.07,0.06,0.0,255,19,0.07,0.07,0.0,0.0,1.0,1.0,0.0,0.0,anomaly,normal,anomaly
12681,0,tcp,private,REJ,0,0,0,0,0,0,0,0,0,0,0,0,0,0,0,0,0,0,112,2,0.0,0.0,1.0,1.0,0.02,0.07,0.0,255,2,0.01,0.08,0.0,0.0,0.0,0.0,1.0,1.0,anomaly,normal,anomaly
8413,0,tcp,http,REJ,0,0,0,0,0,0,0,0,0,0,0,0,0,0,0,0,0,0,227,11,0.0,0.0,1.0,1.0,0.05,0.07,0.0,255,11,0.04,0.08,0.0,0.0,0.0,0.0,1.0,1.0,anomaly,normal,anomaly
14830,0,tcp,auth,S0,0,0,0,0,0,0,0,0,0,0,0,0,0,0,0,0,0,0,239,5,1.0,1.0,0.0,0.0,0.02,0.05,0.0,255,5,0.02,0.05,0.0,0.0,1.0,1.0,0.0,0.0,anomaly,normal,anomaly
705,0,udp,private,SF,28,0,0,3,0,0,0,0,0,0,0,0,0,0,0,0,0,0,99,99,0.0,0.0,0.0,0.0,1.0,0.0,0.0,255,66,0.26,0.01,0.26,0.0,0.0,0.0,0.0,0.0,anomaly,normal,anomaly
22951,0,tcp,klogin,S0,0,0,0,0,0,0,0,0,0,0,0,0,0,0,0,0,0,0,99,17,1.0,1.0,0.0,0.0,0.17,0.05,0.0,255,17,0.07,0.05,0.0,0.0,1.0,1.0,0.0,0.0,anomaly,normal,anomaly
9534,0,tcp,private,S0,0,0,0,0,0,0,0,0,0,0,0,0,0,0,0,0,0,0,265,17,1.0,1.0,0.0,0.0,0.06,0.05,0.0,255,16,0.06,0.08,0.0,0.0,1.0,1.0,0.0,0.0,anomaly,normal,anomaly
3629,0,tcp,private,REJ,0,0,0,0,0,0,0,0,0,0,0,0,0,0,0,0,0,0,2,1,0.0,0.0,1.0,1.0,0.5,1.0,0.0,255,1,0.0,0.55,0.5,0.0,0.02,0.0,0.51,1.0,anomaly,normal,anomaly
20623,0,tcp,supdup,S0,0,0,0,0,0,0,0,0,0,0,0,0,0,0,0,0,0,0,203,13,1.0,1.0,0.0,0.0,0.06,0.06,0.0,255,12,0.05,0.07,0.0,0.0,1.0,1.0,0.0,0.0,anomaly,normal,anomaly
1855,0,tcp,domain,S0,0,0,0,0,0,0,0,0,0,0,0,0,0,0,0,0,0,0,290,8,1.0,1.0,0.0,0.0,0.03,0.06,0.0,255,8,0.03,0.07,0.0,0.0,1.0,1.0,0.0,0.0,anomaly,normal,anomaly
23917,0,tcp,efs,S0,0,0,0,0,0,0,0,0,0,0,0,0,0,0,0,0,0,0,140,12,1.0,1.0,0.0,0.0,0.09,0.06,0.0,255,12,0.05,0.05,0.0,0.0,1.0,1.0,0.0,0.0,anomaly,normal,anomaly
11293,0,tcp,daytime,S0,0,0,0,0,0,0,0,0,0,0,0,0,0,0,0,0,0,0,271,20,1.0,1.0,0.0,0.0,0.07,0.06,0.0,255,19,0.07,0.07,0.0,0.0,1.0,1.0,0.0,0.0,anomaly,normal,anomaly
1071,0,tcp,klogin,S0,0,0,0,0,0,0,0,0,0,0,0,0,0,0,0,0,0,0,9,9,1.0,1.0,0.0,0.0,1.0,0.0,0.0,255,9,0.04,0.07,0.0,0.0,1.0,1.0,0.0,0.0,anomaly,normal,anomaly
24261,0,tcp,netbios_ssn,S0,0,0,0,0,0,0,0,0,0,0,0,0,0,0,0,0,0,0,295,23,1.0,1.0,0.0,0.0,0.08,0.05,0.0,255,23,0.09,0.05,0.0,0.0,1.0,1.0,0.0,0.0,anomaly,normal,anomaly
10957,0,tcp,private,S0,0,0,0,0,0,0,0,0,0,0,0,0,0,0,0,0,0,0,205,5,1.0,1.0,0.0,0.0,0.02,0.06,0.0,255,11,0.04,0.06,0.0,0.0,1.0,1.0,0.0,0.0,anomaly,normal,anomaly
22021,0,tcp,csnet_ns,REJ,0,0,0,0,0,0,0,0,0,0,0,0,0,0,0,0,0,0,101,1,0.0,0.0,1.0,1.0,0.01,0.07,0.0,255,1,0.0,0.07,0.0,0.0,0.0,0.0,1.0,1.0,anomaly,normal,anomaly
1929,0,tcp,finger,RSTO,0,0,0,0,0,0,0,0,0,0,0,0,0,0,0,0,0,0,299,20,0.0,0.0,1.0,1.0,0.07,0.06,0.0,255,20,0.08,0.07,0.0,0.0,0.0,0.0,1.0,1.0,anomaly,normal,anomaly
6247,0,tcp,private,REJ,0,0,0,0,0,0,0,0,0,0,0,0,0,0,0,0,0,0,2,1,0.0,0.0,1.0,1.0,0.5,1.0,0.0,255,1,0.0,0.74,0.73,0.0,0.0,0.0,0.73,1.0,anomaly,normal,anomaly
25160,0,tcp,ftp,S0,0,0,0,0,0,0,0,0,0,0,0,0,0,0,0,0,0,0,142,14,1.0,1.0,0.0,0.0,0.1,0.06,0.0,255,8,0.03,0.07,0.0,0.0,1.0,1.0,0.0,0.0,anomaly,normal,anomaly
673,0,tcp,ldap,REJ,0,0,0,0,0,0,0,0,0,0,0,0,0,0,0,0,0,0,287,15,0.0,0.0,1.0,1.0,0.05,0.06,0.0,255,15,0.06,0.07,0.0,0.0,0.0,0.0,1.0,1.0,anomaly,normal,anomaly
5719,0,tcp,echo,S0,0,0,0,0,0,0,0,0,0,0,0,0,0,0,0,0,0,0,265,19,1.0,1.0,0.0,0.0,0.07,0.06,0.0,255,19,0.07,0.07,0.0,0.0,1.0,1.0,0.0,0.0,anomaly,normal,anomaly
11810,0,tcp,nnsp,S0,0,0,0,0,0,0,0,0,0,0,0,0,0,0,0,0,0,0,116,8,1.0,1.0,0.0,0.0,0.07,0.06,0.0,255,8,0.03,0.07,0.0,0.0,1.0,1.0,0.0,0.0,anomaly,normal,anomaly
10060,0,tcp,ftp_data,S0,0,0,0,0,0,0,0,0,0,0,0,0,0,0,0,0,0,0,9,1,1.0,1.0,0.0,0.0,0.11,0.44,0.0,255,46,0.18,0.05,0.01,0.0,1.0,1.0,0.0,0.0,anomaly,normal,anomaly
15116,0,tcp,courier,S0,0,0,0,0,0,0,0,0,0,0,0,0,0,0,0,0,0,0,130,15,1.0,1.0,0.0,0.0,0.12,0.06,0.0,255,6,0.02,0.08,0.0,0.0,1.0,1.0,0.0,0.0,anomaly,normal,anomaly
20795,0,tcp,netbios_ns,S0,0,0,0,0,0,0,0,0,0,0,0,0,0,0,0,0,0,0,235,5,1.0,1.0,0.0,0.0,0.02,0.07,0.0,255,5,0.02,0.08,0.0,0.0,1.0,1.0,0.0,0.0,anomaly,normal,anomaly
9113,0,icmp,eco_i,SF,18,0,0,0,0,0,0,0,0,0,0,0,0,0,0,0,0,0,1,1,0.0,0.0,0.0,0.0,1.0,0.0,0.0,1,113,1.0,0.0,1.0,1.0,0.0,0.0,0.0,0.0,anomaly,normal,anomaly
4837,0,tcp,vmnet,S0,0,0,0,0,0,0,0,0,0,0,0,0,0,0,0,0,0,0,206,3,1.0,1.0,0.0,0.0,0.01,0.07,0.0,255,3,0.01,0.08,0.0,0.0,1.0,1.0,0.0,0.0,anomaly,normal,anomaly
23416,0,tcp,private,S0,0,0,0,0,0,0,0,0,0,0,0,0,0,0,0,0,0,0,271,20,1.0,1.0,0.0,0.0,0.07,0.06,0.0,255,20,0.08,0.09,0.0,0.0,1.0,1.0,0.0,0.0,anomaly,normal,anomaly
237,0,tcp,kshell,S0,0,0,0,0,0,0,0,0,0,0,0,0,0,0,0,0,0,0,102,2,1.0,1.0,0.0,0.0,0.02,0.07,0.0,255,2,0.01,0.06,0.0,0.0,1.0,1.0,0.0,0.0,anomaly,normal,anomaly
299,0,tcp,private,S0,0,0,0,0,0,0,0,0,0,0,0,0,0,0,0,0,0,0,74,16,1.0,1.0,0.0,0.0,0.22,0.05,0.0,255,5,0.02,0.06,0.0,0.0,1.0,1.0,0.0,0.0,anomaly,normal,anomaly
22078,0,tcp,private,REJ,0,0,0,0,0,0,0,0,0,0,0,0,0,0,0,0,0,0,1,1,0.0,0.0,1.0,1.0,1.0,0.0,0.0,57,2,0.02,1.0,0.02,1.0,0.0,0.0,0.96,1.0,anomaly,normal,anomaly
7199,0,tcp,private,REJ,0,0,0,0,0,0,0,0,0,0,0,0,0,0,0,0,0,0,140,14,0.0,0.0,1.0,1.0,0.1,0.06,0.0,255,29,0.11,0.05,0.0,0.0,0.0,0.0,1.0,1.0,anomaly,normal,anomaly
9987,0,tcp,http,S0,0,0,0,0,0,0,0,0,0,0,0,0,0,0,0,0,0,0,65,18,1.0,1.0,0.0,0.0,0.28,0.06,0.0,255,58,0.23,0.03,0.02,0.0,1.0,1.0,0.0,0.0,anomaly,normal,anomaly
4976,0,tcp,private,S0,0,0,0,0,0,0,0,0,0,0,0,0,0,0,0,0,0,0,254,14,1.0,1.0,0.0,0.0,0.06,0.06,0.0,255,14,0.05,0.06,0.0,0.0,1.0,1.0,0.0,0.0,anomaly,normal,anomaly
10505,0,tcp,private,S0,0,0,0,0,0,0,0,0,0,0,0,0,0,0,0,0,0,0,142,12,1.0,1.0,0.0,0.0,0.08,0.06,0.0,255,14,0.05,0.08,0.0,0.0,1.0,1.0,0.0,0.0,anomaly,normal,anomaly
24725,0,tcp,private,S0,0,0,0,0,0,0,0,0,0,0,0,0,0,0,0,0,0,0,109,2,1.0,1.0,0.0,0.0,0.02,0.06,0.0,255,8,0.03,0.06,0.0,0.0,1.0,1.0,0.0,0.0,anomaly,normal,anomaly
17942,0,tcp,echo,RSTO,0,0,0,0,0,0,0,0,0,0,0,0,0,0,0,0,0,0,198,2,0.0,0.0,1.0,1.0,0.01,0.06,0.0,255,2,0.01,0.06,0.0,0.0,0.0,0.0,1.0,1.0,anomaly,normal,anomaly
9805,0,tcp,private,S0,0,0,0,0,0,0,0,0,0,0,0,0,0,0,0,0,0,0,270,13,1.0,1.0,0.0,0.0,0.05,0.06,0.0,255,14,0.05,0.05,0.0,0.0,1.0,1.0,0.0,0.0,anomaly,normal,anomaly
8823,0,tcp,private,S0,0,0,0,0,0,0,0,0,0,0,0,0,0,0,0,0,0,0,267,2,1.0,1.0,0.0,0.0,0.01,0.06,0.0,255,4,0.02,0.07,0.0,0.0,1.0,1.0,0.0,0.0,anomaly,normal,anomaly
17601,0,tcp,private,S0,0,0,0,0,0,0,0,0,0,0,0,0,0,0,0,0,0,0,278,10,1.0,1.0,0.0,0.0,0.04,0.06,0.0,255,14,0.05,0.05,0.0,0.0,1.0,1.0,0.0,0.0,anomaly,normal,anomaly
5908,0,tcp,gopher,S0,0,0,0,0,0,0,0,0,0,0,0,0,0,0,0,0,0,0,263,11,1.0,1.0,0.0,0.0,0.04,0.06,0.0,255,10,0.04,0.09,0.0,0.0,1.0,1.0,0.0,0.0,anomaly,normal,anomaly
2476,0,icmp,eco_i,SF,8,0,0,0,0,0,0,0,0,0,0,0,0,0,0,0,0,0,1,50,0.0,0.0,0.0,0.0,1.0,0.0,1.0,2,70,1.0,0.0,1.0,0.26,0.0,0.0,0.0,0.0,anomaly,normal,anomaly
20876,0,tcp,private,S0,0,0,0,0,0,0,0,0,0,0,0,0,0,0,0,0,0,0,27,3,1.0,1.0,0.0,0.0,0.11,0.11,0.0,255,17,0.07,0.07,0.0,0.0,1.0,1.0,0.0,0.0,anomaly,normal,anomaly
14585,0,tcp,private,S0,0,0,0,0,0,0,0,0,0,0,0,0,0,0,0,0,0,0,150,25,1.0,1.0,0.0,0.0,0.17,0.05,0.0,255,8,0.03,0.05,0.0,0.0,1.0,1.0,0.0,0.0,anomaly,normal,anomaly
6906,0,tcp,ftp_data,S0,0,0,0,0,0,0,0,0,0,0,0,0,0,0,0,0,0,0,71,18,1.0,1.0,0.0,0.0,0.25,0.06,0.0,255,69,0.27,0.02,0.02,0.0,1.0,1.0,0.0,0.0,anomaly,normal,anomaly
13396,0,tcp,daytime,S0,0,0,0,0,0,0,0,0,0,0,0,0,0,0,0,0,0,0,300,20,1.0,1.0,0.0,0.0,0.07,0.06,0.0,255,8,0.03,0.08,0.0,0.0,1.0,1.0,0.0,0.0,anomaly,normal,anomaly
5244,0,icmp,eco_i,SF,8,0,0,0,0,0,0,0,0,0,0,0,0,0,0,0,0,0,1,45,0.0,0.0,0.0,0.0,1.0,0.0,1.0,1,255,1.0,0.0,1.0,0.5,0.0,0.0,0.0,0.0,anomaly,normal,anomaly
16401,0,tcp,nnsp,S0,0,0,0,0,0,0,0,0,0,0,0,0,0,0,0,0,0,0,127,9,1.0,1.0,0.0,0.0,0.07,0.06,0.0,255,6,0.02,0.08,0.0,0.0,1.0,1.0,0.0,0.0,anomaly,normal,anomaly
15338,0,tcp,private,S0,0,0,0,0,0,0,0,0,0,0,0,0,0,0,0,0,0,0,296,16,1.0,1.0,0.0,0.0,0.05,0.06,0.0,255,17,0.07,0.09,0.0,0.0,1.0,1.0,0.0,0.0,anomaly,normal,anomaly
20715,0,tcp,finger,S0,0,0,0,0,0,0,0,0,0,0,0,0,0,0,0,0,0,0,22,11,1.0,1.0,0.0,0.0,0.5,0.09,0.0,182,54,0.28,0.02,0.01,0.04,1.0,0.94,0.0,0.0,anomaly,normal,anomaly
15345,0,tcp,csnet_ns,S0,0,0,0,0,0,0,0,0,0,0,0,0,0,0,0,0,0,0,271,7,1.0,1.0,0.0,0.0,0.03,0.05,0.0,255,7,0.03,0.05,0.0,0.0,1.0,1.0,0.0,0.0,anomaly,normal,anomaly
19121,0,tcp,http,S0,0,0,0,0,0,0,0,0,0,0,0,0,0,0,0,0,0,0,285,11,1.0,1.0,0.0,0.0,0.04,0.06,0.0,255,11,0.04,0.07,0.0,0.0,1.0,1.0,0.0,0.0,anomaly,normal,anomaly
7351,0,tcp,private,S0,0,0,0,0,0,0,0,0,0,0,0,0,0,0,0,0,0,0,202,16,1.0,1.0,0.0,0.0,0.08,0.06,0.0,255,16,0.06,0.07,0.0,0.0,1.0,1.0,0.0,0.0,anomaly,normal,anomaly
3942,0,tcp,supdup,S0,0,0,0,0,0,0,0,0,0,0,0,0,0,0,0,0,0,0,297,16,1.0,1.0,0.0,0.0,0.05,0.05,0.0,255,16,0.06,0.06,0.0,0.0,1.0,1.0,0.0,0.0,anomaly,normal,anomaly
8262,0,tcp,private,REJ,0,0,0,0,0,0,0,0,0,0,0,0,0,0,0,0,0,0,144,18,0.0,0.0,1.0,1.0,0.12,0.06,0.0,255,18,0.07,0.07,0.0,0.0,0.0,0.0,1.0,1.0,anomaly,normal,anomaly
52,0,udp,private,SF,28,0,0,3,0,0,0,0,0,0,0,0,0,0,0,0,0,0,2,2,0.0,0.0,0.0,0.0,1.0,0.0,0.0,255,2,0.01,0.02,0.01,0.0,0.0,0.0,0.77,0.0,anomaly,normal,anomaly
10139,7130,udp,other,SF,146,105,0,0,0,0,0,0,0,0,0,0,0,0,0,0,0,0,1,1,0.0,0.0,0.0,0.0,1.0,0.0,0.0,255,1,0.0,0.55,0.75,0.0,0.0,0.0,0.0,0.0,normal,anomaly,normal
5751,0,tcp,private,S0,0,0,0,0,0,0,0,0,0,0,0,0,0,0,0,0,0,0,151,8,1.0,1.0,0.0,0.0,0.05,0.07,0.0,255,8,0.03,0.07,0.0,0.0,1.0,1.0,0.0,0.0,anomaly,normal,anomaly
21096,0,tcp,private,RSTR,0,0,0,0,0,0,0,0,0,0,0,0,0,0,0,0,0,0,1,1,0.0,0.0,1.0,1.0,1.0,0.0,0.0,255,1,0.0,0.42,0.42,0.0,0.0,0.0,0.42,1.0,anomaly,normal,anomaly
18673,0,tcp,nnsp,S0,0,0,0,0,0,0,0,0,0,0,0,0,0,0,0,0,0,0,252,25,1.0,1.0,0.0,0.0,0.1,0.06,0.0,255,25,0.1,0.06,0.0,0.0,1.0,1.0,0.0,0.0,anomaly,normal,anomaly
1938,0,tcp,finger,S0,0,0,0,0,0,0,0,0,0,0,0,0,0,0,0,0,0,0,276,19,1.0,1.0,0.0,0.0,0.07,0.06,0.0,255,19,0.07,0.07,0.0,0.0,1.0,1.0,0.0,0.0,anomaly,normal,anomaly
18549,0,tcp,auth,S0,0,0,0,0,0,0,0,0,0,0,0,0,0,0,0,0,0,0,210,4,1.0,1.0,0.0,0.0,0.02,0.07,0.0,255,4,0.02,0.07,0.0,0.0,1.0,1.0,0.0,0.0,anomaly,normal,anomaly
15641,0,tcp,private,S0,0,0,0,0,0,0,0,0,0,0,0,0,0,0,0,0,0,0,190,4,1.0,1.0,0.0,0.0,0.02,0.06,0.0,255,4,0.02,0.06,0.0,0.0,1.0,1.0,0.0,0.0,anomaly,normal,anomaly
5126,0,tcp,private,REJ,0,0,0,0,0,0,0,0,0,0,0,0,0,0,0,0,0,0,134,1,0.06,0.0,0.93,1.0,0.01,1.0,0.0,255,1,0.0,0.73,0.0,0.0,0.03,0.0,0.5,1.0,anomaly,normal,anomaly
22803,0,tcp,time,S0,0,0,0,0,0,0,0,0,0,0,0,0,0,0,0,0,0,0,200,16,1.0,1.0,0.0,0.0,0.08,0.05,0.0,255,16,0.06,0.05,0.0,0.0,1.0,1.0,0.0,0.0,anomaly,normal,anomaly
14967,0,tcp,private,S0,0,0,0,0,0,0,0,0,0,0,0,0,0,0,0,0,0,0,81,2,1.0,1.0,0.0,0.0,0.02,0.06,0.0,255,20,0.08,0.07,0.0,0.0,1.0,1.0,0.0,0.0,anomaly,normal,anomaly
855,0,tcp,iso_tsap,S0,0,0,0,0,0,0,0,0,0,0,0,0,0,0,0,0,0,0,229,9,1.0,1.0,0.0,0.0,0.04,0.07,0.0,255,9,0.04,0.09,0.0,0.0,1.0,1.0,0.0,0.0,anomaly,normal,anomaly
23334,0,tcp,mtp,S0,0,0,0,0,0,0,0,0,0,0,0,0,0,0,0,0,0,0,231,6,1.0,1.0,0.0,0.0,0.03,0.06,0.0,255,6,0.02,0.07,0.0,0.0,1.0,1.0,0.0,0.0,anomaly,normal,anomaly
7548,0,udp,private,SF,28,0,0,3,0,0,0,0,0,0,0,0,0,0,0,0,0,0,42,42,0.0,0.0,0.0,0.0,1.0,0.0,0.0,114,42,0.37,0.04,0.37,0.0,0.0,0.0,0.0,0.0,anomaly,normal,anomaly
1537,0,tcp,imap4,S0,0,0,0,0,0,0,0,0,0,0,0,0,0,0,0,0,0,0,271,14,1.0,1.0,0.0,0.0,0.05,0.06,0.0,255,14,0.05,0.06,0.0,0.0,1.0,1.0,0.0,0.0,anomaly,normal,anomaly
16093,0,tcp,telnet,S0,0,0,0,0,0,0,0,0,0,0,0,0,0,0,0,0,0,0,48,12,1.0,1.0,0.0,0.0,0.25,0.08,0.0,255,39,0.15,0.05,0.0,0.0,1.0,1.0,0.0,0.0,anomaly,normal,anomaly
5007,0,tcp,private,REJ,0,0,0,0,0,0,0,0,0,0,0,0,0,0,0,0,0,0,2,1,0.0,0.0,1.0,1.0,0.5,1.0,0.0,255,1,0.0,0.3,0.24,0.0,0.29,0.0,0.24,1.0,anomaly,normal,anomaly
11097,0,tcp,systat,S0,0,0,0,0,0,0,0,0,0,0,0,0,0,0,0,0,0,0,243,21,1.0,1.0,0.0,0.0,0.09,0.05,0.0,255,21,0.08,0.06,0.0,0.0,1.0,1.0,0.0,0.0,anomaly,normal,anomaly
15752,0,tcp,time,RSTO,0,0,0,0,0,0,0,0,0,0,0,0,0,0,0,0,0,0,190,19,0.0,0.0,1.0,1.0,0.1,0.06,0.0,255,19,0.07,0.07,0.0,0.0,0.0,0.0,1.0,1.0,anomaly,normal,anomaly
442,0,tcp,whois,S0,0,0,0,0,0,0,0,0,0,0,0,0,0,0,0,0,0,0,200,6,1.0,1.0,0.0,0.0,0.03,0.08,0.0,255,6,0.02,0.07,0.0,0.0,1.0,1.0,0.0,0.0,anomaly,normal,anomaly
24765,0,icmp,eco_i,SF,8,0,0,0,0,0,0,0,0,0,0,0,0,0,0,0,0,0,1,9,0.0,0.0,0.0,0.0,1.0,0.0,1.0,1,58,1.0,0.0,1.0,0.52,0.0,0.0,0.0,0.0,anomaly,normal,anomaly
2555,0,icmp,eco_i,SF,8,0,0,0,0,0,0,0,0,0,0,0,0,0,0,0,0,0,1,48,0.0,0.0,0.0,0.0,1.0,0.0,1.0,1,11,1.0,0.0,1.0,0.55,0.0,0.0,0.0,0.0,anomaly,normal,anomaly
10176,0,tcp,efs,S0,0,0,0,0,0,0,0,0,0,0,0,0,0,0,0,0,0,0,103,15,1.0,1.0,0.0,0.0,0.15,0.06,0.0,255,15,0.06,0.07,0.0,0.0,1.0,1.0,0.0,0.0,anomaly,normal,anomaly
12726,0,tcp,nnsp,S0,0,0,0,0,0,0,0,0,0,0,0,0,0,0,0,0,0,0,101,16,1.0,1.0,0.0,0.0,0.16,0.06,0.0,255,16,0.06,0.07,0.0,0.0,1.0,1.0,0.0,0.0,anomaly,normal,anomaly
2756,0,tcp,kshell,S0,0,0,0,0,0,0,0,0,0,0,0,0,0,0,0,0,0,0,117,4,1.0,1.0,0.0,0.0,0.03,0.05,0.0,255,4,0.02,0.05,0.0,0.0,1.0,1.0,0.0,0.0,anomaly,normal,anomaly
3617,0,tcp,ldap,S0,0,0,0,0,0,0,0,0,0,0,0,0,0,0,0,0,0,0,100,13,1.0,1.0,0.0,0.0,0.13,0.06,0.0,255,19,0.07,0.07,0.0,0.0,1.0,1.0,0.0,0.0,anomaly,normal,anomaly
21617,0,icmp,eco_i,SF,8,0,0,0,0,0,0,0,0,0,0,0,0,0,0,0,0,0,1,34,0.0,0.0,0.0,0.0,1.0,0.0,1.0,2,102,1.0,0.0,1.0,0.5,0.0,0.0,0.0,0.0,anomaly,normal,anomaly
2473,0,tcp,csnet_ns,S0,0,0,0,0,0,0,0,0,0,0,0,0,0,0,0,0,0,0,241,16,1.0,1.0,0.0,0.0,0.07,0.05,0.0,255,16,0.06,0.05,0.0,0.0,1.0,1.0,0.0,0.0,anomaly,normal,anomaly
9613,0,tcp,http,S0,0,0,0,0,0,0,0,0,0,0,0,0,0,0,0,0,0,0,12,8,1.0,1.0,0.0,0.0,0.67,0.25,0.0,255,68,0.27,0.02,0.0,0.0,1.0,1.0,0.0,0.0,anomaly,normal,anomaly
20238,0,tcp,finger,RSTO,0,0,0,0,0,0,0,0,0,0,0,0,0,0,0,0,0,0,126,1,0.0,0.0,1.0,1.0,0.01,0.07,0.0,255,1,0.0,0.08,0.0,0.0,0.0,0.0,1.0,1.0,anomaly,normal,anomaly
4934,58,tcp,telnet,SF,835,1639484,0,0,0,0,0,1,0,0,0,0,0,0,0,0,0,0,1,1,0.0,0.0,0.0,0.0,1.0,0.0,0.0,47,4,0.09,0.06,0.02,0.0,0.0,0.0,0.0,0.0,normal,anomaly,normal
12997,0,tcp,login,S0,0,0,0,0,0,0,0,0,0,0,0,0,0,0,0,0,0,0,72,9,1.0,1.0,0.0,0.0,0.12,0.07,0.0,255,9,0.04,0.06,0.0,0.0,1.0,1.0,0.0,0.0,anomaly,normal,anomaly
4909,0,tcp,http,SF,54540,8314,0,0,0,2,0,1,1,0,0,0,0,0,0,0,0,0,2,3,0.0,0.0,0.0,0.33,1.0,0.0,0.67,141,141,1.0,0.0,0.01,0.0,0.0,0.0,0.01,0.01,anomaly,normal,anomaly
5622,0,tcp,other,RSTR,0,0,0,0,0,0,0,0,0,0,0,0,0,0,0,0,0,0,1,1,0.0,0.0,1.0,1.0,1.0,0.0,0.0,255,1,0.0,0.68,1.0,0.0,0.0,0.0,1.0,1.0,anomaly,normal,anomaly
10595,0,tcp,courier,S0,0,0,0,0,0,0,0,0,0,0,0,0,0,0,0,0,0,0,109,9,1.0,1.0,0.0,0.0,0.08,0.06,0.0,255,9,0.04,0.07,0.0,0.0,1.0,1.0,0.0,0.0,anomaly,normal,anomaly
6762,0,udp,private,SF,1,0,0,0,0,0,0,0,0,0,0,0,0,0,0,0,0,0,14,7,0.0,0.0,0.0,0.0,0.5,0.14,0.0,255,35,0.14,0.54,0.49,0.0,0.16,0.0,0.36,0.0,anomaly,normal,anomaly
8168,0,icmp,eco_i,SF,8,0,0,0,0,0,0,0,0,0,0,0,0,0,0,0,0,0,1,36,0.0,0.0,0.0,0.0,1.0,0.0,1.0,2,250,1.0,0.0,1.0,0.5,0.0,0.0,0.0,0.0,anomaly,normal,anomaly
135,0,tcp,supdup,S0,0,0,0,0,0,0,0,0,0,0,0,0,0,0,0,0,0,0,245,20,1.0,1.0,0.0,0.0,0.08,0.06,0.0,255,7,0.03,0.07,0.0,0.0,1.0,1.0,0.0,0.0,anomaly,normal,anomaly
8672,0,tcp,klogin,S0,0,0,0,0,0,0,0,0,0,0,0,0,0,0,0,0,0,0,129,1,1.0,1.0,0.0,0.0,0.01,0.06,0.0,255,1,0.0,0.07,0.0,0.0,1.0,1.0,0.0,0.0,anomaly,normal,anomaly
6595,0,tcp,shell,S0,0,0,0,0,0,0,0,0,0,0,0,0,0,0,0,0,0,0,128,19,1.0,1.0,0.0,0.0,0.15,0.05,0.0,255,19,0.07,0.05,0.0,0.0,1.0,1.0,0.0,0.0,anomaly,normal,anomaly
17203,0,tcp,private,S0,0,0,0,0,0,0,0,0,0,0,0,0,0,0,0,0,0,0,261,18,1.0,1.0,0.0,0.0,0.07,0.06,0.0,255,5,0.02,0.09,0.0,0.0,1.0,1.0,0.0,0.0,anomaly,normal,anomaly
12546,0,tcp,private,S0,0,0,0,0,0,0,0,0,0,0,0,0,0,0,0,0,0,0,253,23,1.0,1.0,0.0,0.0,0.09,0.05,0.0,57,23,0.4,0.11,0.02,0.0,0.96,1.0,0.0,0.0,anomaly,normal,anomaly
16487,0,tcp,private,S0,0,0,0,0,0,0,0,0,0,0,0,0,0,0,0,0,0,0,126,5,1.0,1.0,0.0,0.0,0.04,0.06,0.0,255,16,0.06,0.06,0.0,0.0,1.0,1.0,0.0,0.0,anomaly,normal,anomaly
22532,0,tcp,private,S0,0,0,0,0,0,0,0,0,0,0,0,0,0,0,0,0,0,0,45,15,1.0,1.0,0.0,0.0,0.33,0.13,0.0,255,15,0.06,0.08,0.0,0.0,1.0,1.0,0.0,0.0,anomaly,normal,anomaly
23038,0,tcp,klogin,S0,0,0,0,0,0,0,0,0,0,0,0,0,0,0,0,0,0,0,131,19,1.0,1.0,0.0,0.0,0.15,0.05,0.0,255,19,0.07,0.06,0.0,0.0,1.0,1.0,0.0,0.0,anomaly,normal,anomaly
7743,0,tcp,uucp_path,REJ,0,0,0,0,0,0,0,0,0,0,0,0,0,0,0,0,0,0,270,18,0.0,0.0,1.0,1.0,0.07,0.06,0.0,255,18,0.07,0.07,0.0,0.0,0.0,0.0,1.0,1.0,anomaly,normal,anomaly
15726,4834,udp,other,SF,147,105,0,0,0,0,0,0,0,0,0,0,0,0,0,0,0,0,3,1,0.0,0.0,0.0,0.0,0.33,0.67,0.0,255,3,0.01,0.57,0.91,0.0,0.0,0.0,0.0,0.0,normal,anomaly,normal
7379,0,tcp,iso_tsap,REJ,0,0,0,0,0,0,0,0,0,0,0,0,0,0,0,0,0,0,266,20,0.0,0.0,1.0,1.0,0.08,0.06,0.0,255,20,0.08,0.07,0.0,0.0,0.0,0.0,1.0,1.0,anomaly,normal,anomaly
3948,0,icmp,eco_i,SF,8,0,0,0,0,0,0,0,0,0,0,0,0,0,0,0,0,0,1,8,0.0,0.0,0.0,0.0,1.0,0.0,1.0,1,89,1.0,0.0,1.0,0.51,0.0,0.0,0.0,0.0,anomaly,normal,anomaly
16911,0,tcp,hostnames,S0,0,0,0,0,0,0,0,0,0,0,0,0,0,0,0,0,0,0,240,5,1.0,1.0,0.0,0.0,0.02,0.07,0.0,255,5,0.02,0.07,0.0,0.0,1.0,1.0,0.0,0.0,anomaly,normal,anomaly
12084,0,tcp,private,S0,0,0,0,0,0,0,0,0,0,0,0,0,0,0,0,0,0,0,214,3,1.0,1.0,0.0,0.0,0.01,0.07,0.0,255,1,0.0,0.09,0.0,0.0,1.0,1.0,0.0,0.0,anomaly,normal,anomaly
23753,0,tcp,discard,S0,0,0,0,0,0,0,0,0,0,0,0,0,0,0,0,0,0,0,270,17,1.0,1.0,0.0,0.0,0.06,0.06,0.0,255,12,0.05,0.05,0.0,0.0,1.0,1.0,0.0,0.0,anomaly,normal,anomaly
21691,0,tcp,private,REJ,0,0,0,0,0,0,0,0,0,0,0,0,0,0,0,0,0,0,70,10,0.0,0.0,1.0,1.0,0.14,0.07,0.0,255,10,0.04,0.07,0.0,0.0,0.0,0.0,1.0,1.0,anomaly,normal,anomaly
15359,0,tcp,auth,REJ,0,0,0,0,0,0,0,0,0,0,0,0,0,0,0,0,0,0,291,17,0.0,0.0,1.0,1.0,0.06,0.06,0.0,255,17,0.07,0.07,0.0,0.0,0.0,0.0,1.0,1.0,anomaly,normal,anomaly
15924,0,tcp,iso_tsap,S0,0,0,0,0,0,0,0,0,0,0,0,0,0,0,0,0,0,0,278,20,1.0,1.0,0.0,0.0,0.07,0.06,0.0,255,20,0.08,0.06,0.0,0.0,1.0,1.0,0.0,0.0,anomaly,normal,anomaly
15430,0,tcp,private,S0,0,0,0,0,0,0,0,0,0,0,0,0,0,0,0,0,0,0,198,13,1.0,1.0,0.0,0.0,0.07,0.06,0.0,255,13,0.05,0.05,0.0,0.0,1.0,1.0,0.0,0.0,anomaly,normal,anomaly
18472,0,tcp,Z39_50,REJ,0,0,0,0,0,0,0,0,0,0,0,0,0,0,0,0,0,0,107,6,0.0,0.0,1.0,1.0,0.06,0.07,0.0,255,6,0.02,0.07,0.0,0.0,0.0,0.0,1.0,1.0,anomaly,normal,anomaly
14573,0,icmp,eco_i,SF,8,0,0,0,0,0,0,0,0,0,0,0,0,0,0,0,0,0,1,45,0.0,0.0,0.0,0.0,1.0,0.0,1.0,1,25,1.0,0.0,1.0,0.52,0.0,0.0,0.0,0.0,anomaly,normal,anomaly
25104,0,icmp,ecr_i,SF,520,0,0,0,0,0,0,0,0,0,0,0,0,0,0,0,0,0,301,301,0.0,0.0,0.0,0.0,1.0,0.0,0.0,255,255,1.0,0.0,1.0,0.0,0.0,0.0,0.0,0.0,anomaly,normal,anomaly
765,0,tcp,domain,S0,0,0,0,0,0,0,0,0,0,0,0,0,0,0,0,0,0,0,287,17,1.0,1.0,0.0,0.0,0.06,0.06,0.0,255,10,0.04,0.09,0.0,0.0,1.0,1.0,0.0,0.0,anomaly,normal,anomaly
24758,0,tcp,echo,S0,0,0,0,0,0,0,0,0,0,0,0,0,0,0,0,0,0,0,261,25,1.0,1.0,0.0,0.0,0.1,0.05,0.0,255,25,0.1,0.05,0.0,0.0,1.0,1.0,0.0,0.0,anomaly,normal,anomaly
22528,0,tcp,netbios_ns,REJ,0,0,0,0,0,0,0,0,0,0,0,0,0,0,0,0,0,0,141,6,0.0,0.0,1.0,1.0,0.04,0.06,0.0,255,5,0.02,0.08,0.0,0.0,0.0,0.0,1.0,1.0,anomaly,normal,anomaly
8023,0,tcp,private,S0,0,0,0,0,0,0,0,0,0,0,0,0,0,0,0,0,0,0,135,12,1.0,1.0,0.0,0.0,0.09,0.07,0.0,255,12,0.05,0.06,0.0,0.0,1.0,1.0,0.0,0.0,anomaly,normal,anomaly
8104,0,udp,private,SF,1,0,0,0,0,0,0,0,0,0,0,0,0,0,0,0,0,0,58,4,0.0,0.0,0.0,0.0,0.07,0.09,0.0,255,4,0.02,0.22,0.83,0.0,0.0,0.0,0.17,0.0,anomaly,normal,anomaly
4016,0,tcp,imap4,S0,0,0,0,0,0,0,0,0,0,0,0,0,0,0,0,0,0,0,258,12,1.0,1.0,0.0,0.0,0.05,0.05,0.0,255,12,0.05,0.05,0.0,0.0,1.0,1.0,0.0,0.0,anomaly,normal,anomaly
4694,0,tcp,telnet,S0,0,0,0,0,0,0,0,0,0,0,0,0,0,0,0,0,0,0,54,10,1.0,1.0,0.0,0.0,0.19,0.07,0.0,255,50,0.2,0.03,0.01,0.0,1.0,1.0,0.0,0.0,anomaly,normal,anomaly
17825,0,tcp,gopher,S0,0,0,0,0,0,0,0,0,0,0,0,0,0,0,0,0,0,0,236,3,1.0,1.0,0.0,0.0,0.01,0.07,0.0,255,3,0.01,0.07,0.0,0.0,1.0,1.0,0.0,0.0,anomaly,normal,anomaly
18752,0,tcp,netstat,S0,0,0,0,0,0,0,0,0,0,0,0,0,0,0,0,0,0,0,214,3,1.0,1.0,0.0,0.0,0.01,0.05,0.0,255,3,0.01,0.05,0.0,0.0,1.0,1.0,0.0,0.0,anomaly,normal,anomaly
10173,0,tcp,private,S0,0,0,0,0,0,0,0,0,0,0,0,0,0,0,0,0,0,0,143,1,1.0,1.0,0.0,0.0,0.01,0.08,0.0,255,18,0.07,0.07,0.0,0.0,1.0,1.0,0.0,0.0,anomaly,normal,anomaly
9520,0,tcp,private,S0,0,0,0,0,0,0,0,0,0,0,0,0,0,0,0,0,0,0,114,1,1.0,1.0,0.0,0.0,0.01,0.06,0.0,255,32,0.13,0.05,0.0,0.0,1.0,1.0,0.0,0.0,anomaly,normal,anomaly
23176,0,tcp,private,S0,0,0,0,0,0,0,0,0,0,0,0,0,0,0,0,0,0,0,90,15,1.0,1.0,0.0,0.0,0.17,0.07,0.0,255,1,0.0,0.07,0.0,0.0,1.0,1.0,0.0,0.0,anomaly,normal,anomaly
19251,0,icmp,eco_i,SF,8,0,0,0,0,0,0,0,0,0,0,0,0,0,0,0,0,0,1,2,0.0,0.0,0.0,0.0,1.0,0.0,1.0,2,166,1.0,0.0,1.0,0.25,0.0,0.0,0.0,0.0,anomaly,normal,anomaly
18726,0,tcp,supdup,S0,0,0,0,0,0,0,0,0,0,0,0,0,0,0,0,0,0,0,121,12,1.0,1.0,0.0,0.0,0.1,0.07,0.0,255,1,0.0,0.07,0.0,0.0,1.0,1.0,0.0,0.0,anomaly,normal,anomaly
3403,0,tcp,name,S0,0,0,0,0,0,0,0,0,0,0,0,0,0,0,0,0,0,0,247,4,1.0,1.0,0.0,0.0,0.02,0.06,0.0,255,5,0.02,0.06,0.0,0.0,1.0,1.0,0.0,0.0,anomaly,normal,anomaly
6318,0,tcp,discard,S0,0,0,0,0,0,0,0,0,0,0,0,0,0,0,0,0,0,0,12,4,1.0,1.0,0.0,0.0,0.33,0.5,0.0,255,12,0.05,0.09,0.0,0.0,1.0,1.0,0.0,0.0,anomaly,normal,anomaly
24343,0,udp,private,SF,1,0,0,0,0,0,0,0,0,0,0,0,0,0,0,0,0,0,14,1,0.0,0.0,0.0,0.0,0.07,0.79,0.0,255,1,0.0,0.46,0.66,0.0,0.03,0.0,0.31,0.0,anomaly,normal,anomaly
22697,0,tcp,private,RSTR,0,0,0,0,0,0,0,0,0,0,0,0,0,0,0,0,0,0,1,1,0.0,0.0,1.0,1.0,1.0,0.0,0.0,255,1,0.0,0.88,0.88,0.0,0.0,0.0,0.87,1.0,anomaly,normal,anomaly
14892,0,tcp,private,REJ,0,0,0,0,0,0,0,0,0,0,0,0,0,0,0,0,0,0,2,1,0.0,0.0,1.0,1.0,0.5,1.0,0.0,255,1,0.0,0.38,0.32,0.0,0.2,0.0,0.33,1.0,anomaly,normal,anomaly
24491,0,icmp,ecr_i,SF,1032,0,0,0,0,0,0,0,0,0,0,0,0,0,0,0,0,0,52,52,0.0,0.0,0.0,0.0,1.0,0.0,0.0,170,76,0.45,0.04,0.45,0.0,0.01,0.0,0.37,0.0,anomaly,normal,anomaly
6980,0,tcp,private,S0,0,0,0,0,0,0,0,0,0,0,0,0,0,0,0,0,0,0,143,17,1.0,1.0,0.0,0.0,0.12,0.06,0.0,255,5,0.02,0.06,0.0,0.0,1.0,1.0,0.0,0.0,anomaly,normal,anomaly
5757,0,tcp,private,S0,0,0,0,0,0,0,0,0,0,0,0,0,0,0,0,0,0,0,267,21,1.0,1.0,0.0,0.0,0.08,0.04,0.0,255,21,0.08,0.05,0.0,0.0,1.0,1.0,0.0,0.0,anomaly,normal,anomaly
13597,0,tcp,private,REJ,0,0,0,0,0,0,0,0,0,0,0,0,0,0,0,0,0,0,2,1,0.5,0.0,0.5,1.0,0.5,1.0,0.0,255,1,0.0,1.0,1.0,0.0,0.05,0.0,0.95,1.0,anomaly,normal,anomaly
236,0,tcp,auth,S0,0,0,0,0,0,0,0,0,0,0,0,0,0,0,0,0,0,0,238,7,1.0,1.0,0.0,0.0,0.03,0.07,0.0,255,7,0.03,0.07,0.0,0.0,1.0,1.0,0.0,0.0,anomaly,normal,anomaly
23033,0,udp,private,SF,28,0,0,3,0,0,0,0,0,0,0,0,0,0,0,0,0,0,37,37,0.0,0.0,0.0,0.0,1.0,0.0,0.0,250,37,0.15,0.65,0.15,0.0,0.02,0.0,0.53,0.0,anomaly,normal,anomaly
25113,0,tcp,private,S0,0,0,0,0,0,0,0,0,0,0,0,0,0,0,0,0,0,0,136,19,1.0,1.0,0.0,0.0,0.14,0.06,0.0,37,2,0.05,0.19,0.03,0.0,1.0,1.0,0.0,0.0,anomaly,normal,anomaly
21838,0,tcp,time,S0,0,0,0,0,0,0,0,0,0,0,0,0,0,0,0,0,0,0,282,19,1.0,1.0,0.0,0.0,0.07,0.06,0.0,255,19,0.07,0.07,0.0,0.0,1.0,1.0,0.0,0.0,anomaly,normal,anomaly
17009,0,tcp,private,S0,0,0,0,0,0,0,0,0,0,0,0,0,0,0,0,0,0,0,208,2,1.0,1.0,0.0,0.0,0.01,0.07,0.0,255,19,0.07,0.07,0.0,0.0,1.0,1.0,0.0,0.0,anomaly,normal,anomaly
6641,0,icmp,eco_i,SF,8,0,0,0,0,0,0,0,0,0,0,0,0,0,0,0,0,0,1,18,0.0,0.0,0.0,0.0,1.0,0.0,1.0,2,72,1.0,0.0,1.0,0.5,0.0,0.0,0.0,0.0,anomaly,normal,anomaly
6636,0,tcp,telnet,RSTO,126,179,0,0,0,1,1,0,0,0,0,0,0,0,0,0,0,0,2,2,0.0,0.0,1.0,1.0,1.0,0.0,0.0,21,21,1.0,0.0,0.05,0.0,0.05,0.05,0.95,0.95,anomaly,normal,anomaly
3977,0,tcp,other,RSTR,0,0,0,0,0,0,0,0,0,0,0,0,0,0,0,0,0,0,1,1,0.0,0.0,1.0,1.0,1.0,0.0,0.0,255,1,0.0,0.62,1.0,0.0,0.0,0.0,1.0,1.0,anomaly,normal,anomaly
10502,0,tcp,private,S0,0,0,0,0,0,0,0,0,0,0,0,0,0,0,0,0,0,0,16,16,1.0,1.0,0.0,0.0,1.0,0.0,0.0,255,16,0.06,0.07,0.0,0.0,1.0,1.0,0.0,0.0,anomaly,normal,anomaly
21714,0,tcp,iso_tsap,S0,0,0,0,0,0,0,0,0,0,0,0,0,0,0,0,0,0,0,256,14,1.0,1.0,0.0,0.0,0.05,0.06,0.0,255,14,0.05,0.06,0.0,0.0,1.0,1.0,0.0,0.0,anomaly,normal,anomaly
10464,0,udp,private,SF,28,0,0,3,0,0,0,0,0,0,0,0,0,0,0,0,0,0,16,16,0.0,0.0,0.0,0.0,1.0,0.0,0.0,88,16,0.18,0.05,0.18,0.0,0.0,0.0,0.0,0.0,anomaly,normal,anomaly
6023,0,udp,private,SF,1,0,0,0,0,0,0,0,0,0,0,0,0,0,0,0,0,0,2,1,0.0,0.0,0.0,0.0,0.5,1.0,0.0,146,1,0.01,0.05,0.01,0.0,0.01,0.0,0.0,0.0,anomaly,normal,anomaly
3104,0,tcp,ftp_data,SF,501760,0,0,0,0,0,0,1,0,0,0,0,0,0,0,0,0,0,1,1,0.0,0.0,0.0,0.0,1.0,0.0,0.0,32,11,0.34,0.06,0.34,0.0,0.0,0.0,0.0,0.0,normal,anomaly,normal
9866,0,icmp,eco_i,SF,8,0,0,0,0,0,0,0,0,0,0,0,0,0,0,0,0,0,1,11,0.0,0.0,0.0,0.0,1.0,0.0,1.0,2,218,1.0,0.0,1.0,0.5,0.0,0.0,0.0,0.0,anomaly,normal,anomaly
4806,0,tcp,uucp_path,S0,0,0,0,0,0,0,0,0,0,0,0,0,0,0,0,0,0,0,274,18,1.0,1.0,0.0,0.0,0.07,0.06,0.0,255,18,0.07,0.06,0.0,0.0,1.0,1.0,0.0,0.0,anomaly,normal,anomaly
16301,0,tcp,private,S0,0,0,0,0,0,0,0,0,0,0,0,0,0,0,0,0,0,0,89,19,1.0,1.0,0.0,0.0,0.21,0.07,0.0,198,19,0.1,0.07,0.01,0.0,1.0,1.0,0.0,0.0,anomaly,normal,anomaly
13801,0,tcp,ctf,S0,0,0,0,0,0,0,0,0,0,0,0,0,0,0,0,0,0,0,256,4,1.0,1.0,0.0,0.0,0.02,0.07,0.0,255,4,0.02,0.07,0.0,0.0,1.0,1.0,0.0,0.0,anomaly,normal,anomaly
13070,0,udp,private,SF,1,0,0,0,0,0,0,0,0,0,0,0,0,0,0,0,0,0,24,20,0.0,0.0,0.0,0.0,0.83,0.08,0.0,255,25,0.1,0.71,0.34,0.0,0.05,0.0,0.61,0.0,anomaly,normal,anomaly
22676,0,tcp,efs,S0,0,0,0,0,0,0,0,0,0,0,0,0,0,0,0,0,0,0,93,3,1.0,1.0,0.0,0.0,0.03,0.06,0.0,255,3,0.01,0.06,0.0,0.0,1.0,1.0,0.0,0.0,anomaly,normal,anomaly
5861,0,icmp,ecr_i,SF,1032,0,0,0,0,0,0,0,0,0,0,0,0,0,0,0,0,0,154,154,0.0,0.0,0.0,0.0,1.0,0.0,0.0,255,154,0.6,0.01,0.6,0.0,0.0,0.0,0.0,0.0,anomaly,normal,anomaly
21,0,tcp,private,S0,0,0,0,0,0,0,0,0,0,0,0,0,0,0,0,0,0,0,280,17,1.0,1.0,0.0,0.0,0.06,0.05,0.0,238,17,0.07,0.06,0.0,0.0,0.99,1.0,0.0,0.0,anomaly,normal,anomaly
15077,0,icmp,eco_i,SF,8,0,0,0,0,0,0,0,0,0,0,0,0,0,0,0,0,0,1,1,0.0,0.0,0.0,0.0,1.0,0.0,0.0,2,42,1.0,0.0,1.0,0.5,0.0,0.0,0.0,0.0,anomaly,normal,anomaly
5687,0,tcp,private,S0,0,0,0,0,0,0,0,0,0,0,0,0,0,0,0,0,0,0,94,8,1.0,1.0,0.0,0.0,0.09,0.09,0.0,255,4,0.02,0.07,0.0,0.0,1.0,1.0,0.0,0.0,anomaly,normal,anomaly
6512,0,tcp,private,REJ,0,0,0,0,0,0,0,0,0,0,0,0,0,0,0,0,0,0,101,2,0.0,0.0,1.0,1.0,0.02,0.07,0.0,2,2,1.0,0.0,0.5,0.0,0.0,0.0,1.0,1.0,anomaly,normal,anomaly
5669,0,tcp,mtp,S0,0,0,0,0,0,0,0,0,0,0,0,0,0,0,0,0,0,0,240,19,1.0,1.0,0.0,0.0,0.08,0.06,0.0,255,19,0.07,0.07,0.0,0.0,1.0,1.0,0.0,0.0,anomaly,normal,anomaly
5441,0,icmp,ecr_i,SF,1032,0,0,0,0,0,0,0,0,0,0,0,0,0,0,0,0,0,218,218,0.0,0.0,0.0,0.0,1.0,0.0,0.0,255,218,0.85,0.01,0.85,0.0,0.0,0.0,0.0,0.0,anomaly,normal,anomaly
12154,0,tcp,discard,S0,0,0,0,0,0,0,0,0,0,0,0,0,0,0,0,0,0,0,110,2,1.0,1.0,0.0,0.0,0.02,0.06,0.0,255,2,0.01,0.07,0.0,0.0,1.0,1.0,0.0,0.0,anomaly,normal,anomaly
10786,0,tcp,private,S0,0,0,0,0,0,0,0,0,0,0,0,0,0,0,0,0,0,0,13,10,1.0,1.0,0.0,0.0,0.77,0.23,0.0,255,10,0.04,0.07,0.0,0.0,1.0,1.0,0.0,0.0,anomaly,normal,anomaly
19428,0,tcp,iso_tsap,S0,0,0,0,0,0,0,0,0,0,0,0,0,0,0,0,0,0,0,234,2,1.0,1.0,0.0,0.0,0.01,0.07,0.0,255,2,0.01,0.07,0.0,0.0,1.0,1.0,0.0,0.0,anomaly,normal,anomaly
131,0,tcp,ldap,REJ,0,0,0,0,0,0,0,0,0,0,0,0,0,0,0,0,0,0,135,5,0.0,0.0,1.0,1.0,0.04,0.06,0.0,255,1,0.0,0.07,0.0,0.0,0.0,0.0,1.0,1.0,anomaly,normal,anomaly
2734,0,udp,private,SF,1,0,0,0,0,0,0,0,0,0,0,0,0,0,0,0,0,0,144,134,0.0,0.0,0.0,0.0,0.93,0.01,0.0,255,202,0.79,0.03,1.0,0.0,0.0,0.0,0.0,0.0,anomaly,normal,anomaly
23242,0,tcp,netstat,S0,0,0,0,0,0,0,0,0,0,0,0,0,0,0,0,0,0,0,286,13,1.0,1.0,0.0,0.0,0.05,0.06,0.0,255,5,0.02,0.07,0.0,0.0,1.0,1.0,0.0,0.0,anomaly,normal,anomaly
23760,0,tcp,private,S0,0,0,0,0,0,0,0,0,0,0,0,0,0,0,0,0,0,0,119,6,1.0,1.0,0.0,0.0,0.05,0.06,0.0,255,11,0.04,0.08,0.0,0.0,1.0,1.0,0.0,0.0,anomaly,normal,anomaly
14768,0,tcp,finger,S0,0,0,0,0,0,0,0,0,0,0,0,0,0,0,0,0,0,0,22,5,1.0,1.0,0.0,0.0,0.23,0.18,0.0,255,63,0.25,0.02,0.01,0.0,1.0,1.0,0.0,0.0,anomaly,normal,anomaly
15864,0,tcp,gopher,S0,0,0,0,0,0,0,0,0,0,0,0,0,0,0,0,0,0,0,245,11,1.0,1.0,0.0,0.0,0.04,0.06,0.0,255,11,0.04,0.06,0.0,0.0,1.0,1.0,0.0,0.0,anomaly,normal,anomaly
24018,0,tcp,private,S0,0,0,0,0,0,0,0,0,0,0,0,0,0,0,0,0,0,0,138,16,1.0,1.0,0.0,0.0,0.12,0.06,0.0,255,34,0.13,0.07,0.0,0.0,1.0,1.0,0.0,0.0,anomaly,normal,anomaly
3400,0,udp,private,SF,28,0,0,3,0,0,0,0,0,0,0,0,0,0,0,0,0,0,38,37,0.0,0.0,0.03,0.0,0.97,0.05,0.0,255,37,0.15,0.02,0.15,0.0,0.0,0.0,0.65,0.0,anomaly,normal,anomaly
20698,0,tcp,login,S0,0,0,0,0,0,0,0,0,0,0,0,0,0,0,0,0,0,0,116,22,1.0,1.0,0.0,0.0,0.19,0.06,0.0,255,22,0.09,0.05,0.0,0.0,1.0,1.0,0.0,0.0,anomaly,normal,anomaly
9150,0,tcp,private,S0,0,0,0,0,0,0,0,0,0,0,0,0,0,0,0,0,0,0,109,18,1.0,1.0,0.0,0.0,0.17,0.06,0.0,255,12,0.05,0.06,0.0,0.0,1.0,1.0,0.0,0.0,anomaly,normal,anomaly
3874,0,tcp,finger,S0,0,0,0,0,0,0,0,0,0,0,0,0,0,0,0,0,0,0,288,20,1.0,1.0,0.0,0.0,0.07,0.05,0.0,255,20,0.08,0.05,0.0,0.0,1.0,1.0,0.0,0.0,anomaly,normal,anomaly
15134,0,icmp,eco_i,SF,8,0,0,0,0,0,0,0,0,0,0,0,0,0,0,0,0,0,1,30,0.0,0.0,0.0,0.0,1.0,0.0,1.0,2,82,1.0,0.0,1.0,0.5,0.0,0.0,0.0,0.0,anomaly,normal,anomaly
22581,0,tcp,private,S0,0,0,0,0,0,0,0,0,0,0,0,0,0,0,0,0,0,0,118,4,1.0,1.0,0.0,0.0,0.03,0.08,0.0,255,5,0.02,0.07,0.0,0.0,1.0,1.0,0.0,0.0,anomaly,normal,anomaly
15137,0,tcp,auth,S0,0,0,0,0,0,0,0,0,0,0,0,0,0,0,0,0,0,0,289,22,1.0,1.0,0.0,0.0,0.08,0.05,0.0,255,22,0.09,0.05,0.0,0.0,1.0,1.0,0.0,0.0,anomaly,normal,anomaly
15067,0,tcp,private,S0,0,0,0,0,0,0,0,0,0,0,0,0,0,0,0,0,0,0,178,2,1.0,1.0,0.0,0.0,0.01,0.07,0.0,217,2,0.01,0.08,0.0,0.0,0.94,1.0,0.0,0.0,anomaly,normal,anomaly
12821,0,tcp,vmnet,S0,0,0,0,0,0,0,0,0,0,0,0,0,0,0,0,0,0,0,241,2,1.0,1.0,0.0,0.0,0.01,0.05,0.0,255,2,0.01,0.05,0.0,0.0,1.0,1.0,0.0,0.0,anomaly,normal,anomaly
4404,4,tcp,ftp_data,SF,832,0,0,0,0,0,0,1,0,0,0,0,0,0,0,0,0,0,1,1,0.0,0.0,0.0,0.0,1.0,0.0,0.0,3,11,1.0,0.0,1.0,0.18,0.0,0.0,0.0,0.0,anomaly,normal,anomaly
18109,0,tcp,private,S0,0,0,0,0,0,0,0,0,0,0,0,0,0,0,0,0,0,0,119,17,1.0,1.0,0.0,0.0,0.14,0.06,0.0,255,4,0.02,0.06,0.0,0.0,1.0,1.0,0.0,0.0,anomaly,normal,anomaly
24489,0,tcp,imap4,REJ,0,0,0,0,0,0,0,0,0,0,0,0,0,0,0,0,0,0,255,6,0.0,0.0,1.0,1.0,0.02,0.07,0.0,255,6,0.02,0.07,0.0,0.0,0.0,0.0,1.0,1.0,anomaly,normal,anomaly
17114,0,tcp,auth,S0,0,0,0,0,0,0,0,0,0,0,0,0,0,0,0,0,0,0,285,1,1.0,1.0,0.0,0.0,0.0,0.06,0.0,255,9,0.04,0.07,0.0,0.0,1.0,1.0,0.0,0.0,anomaly,normal,anomaly
11089,0,icmp,eco_i,SF,18,0,0,0,0,0,0,0,0,0,0,0,0,0,0,0,0,0,1,1,0.0,0.0,0.0,0.0,1.0,0.0,0.0,1,185,1.0,0.0,1.0,1.0,0.0,0.0,0.0,0.0,anomaly,normal,anomaly
18473,0,tcp,private,S0,0,0,0,0,0,0,0,0,0,0,0,0,0,0,0,0,0,0,110,8,1.0,1.0,0.0,0.0,0.07,0.06,0.0,11,8,0.73,0.27,0.09,0.0,1.0,1.0,0.0,0.0,anomaly,normal,anomaly
6043,0,icmp,eco_i,SF,8,0,0,0,0,0,0,0,0,0,0,0,0,0,0,0,0,0,1,5,0.0,0.0,0.0,0.0,1.0,0.0,1.0,1,5,1.0,0.0,1.0,0.8,0.0,0.0,0.0,0.0,anomaly,normal,anomaly
23833,1,tcp,private,RSTOS0,0,0,0,0,0,0,0,0,0,0,0,0,0,0,0,0,0,0,90,3,0.77,0.67,0.23,0.33,0.03,0.37,0.0,255,3,0.01,0.13,0.35,0.0,0.27,0.67,0.08,0.33,anomaly,normal,anomaly
8684,0,tcp,kshell,REJ,0,0,0,0,0,0,0,0,0,0,0,0,0,0,0,0,0,0,129,20,0.0,0.0,1.0,1.0,0.16,0.07,0.0,255,20,0.08,0.06,0.0,0.0,0.0,0.0,1.0,1.0,anomaly,normal,anomaly
6465,0,tcp,http_443,S0,0,0,0,0,0,0,0,0,0,0,0,0,0,0,0,0,0,0,114,20,1.0,1.0,0.0,0.0,0.18,0.05,0.0,255,14,0.05,0.07,0.0,0.0,1.0,1.0,0.0,0.0,anomaly,normal,anomaly
9967,0,icmp,ecr_i,SF,1032,0,0,0,0,0,0,0,0,0,0,0,0,0,0,0,0,0,184,184,0.0,0.0,0.0,0.0,1.0,0.0,0.0,101,7,0.07,0.07,0.07,0.0,0.02,0.0,0.62,0.0,anomaly,normal,anomaly
11046,0,tcp,supdup,REJ,0,0,0,0,0,0,0,0,0,0,0,0,0,0,0,0,0,0,226,12,0.0,0.0,1.0,1.0,0.05,0.07,0.0,255,12,0.05,0.09,0.0,0.0,0.0,0.0,1.0,1.0,anomaly,normal,anomaly
18453,0,tcp,discard,S0,0,0,0,0,0,0,0,0,0,0,0,0,0,0,0,0,0,0,260,6,1.0,1.0,0.0,0.0,0.02,0.07,0.0,255,6,0.02,0.08,0.0,0.0,1.0,1.0,0.0,0.0,anomaly,normal,anomaly
24541,0,udp,private,SF,1,0,0,0,0,0,0,0,0,0,0,0,0,0,0,0,0,0,31,10,0.0,0.0,0.0,0.0,0.32,0.1,0.0,255,10,0.04,0.87,0.15,0.0,0.1,0.0,0.76,0.0,anomaly,normal,anomaly
16609,0,tcp,courier,S0,0,0,0,0,0,0,0,0,0,0,0,0,0,0,0,0,0,0,113,8,1.0,1.0,0.0,0.0,0.07,0.07,0.0,255,8,0.03,0.07,0.0,0.0,1.0,1.0,0.0,0.0,anomaly,normal,anomaly
13727,0,tcp,mtp,S0,0,0,0,0,0,0,0,0,0,0,0,0,0,0,0,0,0,0,270,5,1.0,1.0,0.0,0.0,0.02,0.06,0.0,255,16,0.06,0.07,0.0,0.0,1.0,1.0,0.0,0.0,anomaly,normal,anomaly
6862,0,tcp,private,S0,0,0,0,0,0,0,0,0,0,0,0,0,0,0,0,0,0,0,216,3,1.0,1.0,0.0,0.0,0.01,0.06,0.0,255,4,0.02,0.08,0.0,0.0,1.0,1.0,0.0,0.0,anomaly,normal,anomaly
12576,0,tcp,telnet,S0,0,0,0,0,0,0,0,0,0,0,0,0,0,0,0,0,0,0,40,9,1.0,1.0,0.0,0.0,0.22,0.1,0.0,255,49,0.19,0.03,0.01,0.0,1.0,1.0,0.0,0.0,anomaly,normal,anomaly
9450,0,tcp,private,REJ,0,0,0,0,0,0,0,0,0,0,0,0,0,0,0,0,0,0,140,11,0.0,0.0,1.0,1.0,0.08,0.06,0.0,255,10,0.04,0.06,0.0,0.0,0.0,0.0,1.0,1.0,anomaly,normal,anomaly
1211,0,tcp,private,S0,0,0,0,0,0,0,0,0,0,0,0,0,0,0,0,0,0,0,196,17,1.0,1.0,0.0,0.0,0.09,0.06,0.0,255,20,0.08,0.06,0.0,0.0,1.0,1.0,0.0,0.0,anomaly,normal,anomaly
10482,0,tcp,ftp_data,REJ,0,0,0,0,0,0,0,0,0,0,0,0,0,0,0,0,0,0,210,5,0.0,0.0,1.0,1.0,0.02,0.07,0.0,255,5,0.02,0.07,0.0,0.0,0.0,0.0,1.0,1.0,anomaly,normal,anomaly
14412,0,tcp,courier,S0,0,0,0,0,0,0,0,0,0,0,0,0,0,0,0,0,0,0,134,5,1.0,1.0,0.0,0.0,0.04,0.06,0.0,255,5,0.02,0.06,0.0,0.0,1.0,1.0,0.0,0.0,anomaly,normal,anomaly
19871,0,tcp,imap4,REJ,0,0,0,0,0,0,0,0,0,0,0,0,0,0,0,0,0,0,227,14,0.0,0.0,1.0,1.0,0.06,0.06,0.0,255,14,0.05,0.09,0.0,0.0,0.0,0.0,1.0,1.0,anomaly,normal,anomaly
6634,0,tcp,whois,REJ,0,0,0,0,0,0,0,0,0,0,0,0,0,0,0,0,0,0,219,8,0.0,0.0,1.0,1.0,0.04,0.06,0.0,255,8,0.03,0.07,0.0,0.0,0.0,0.0,1.0,1.0,anomaly,normal,anomaly
15403,0,tcp,private,REJ,0,0,0,0,0,0,0,0,0,0,0,0,0,0,0,0,0,0,245,1,0.09,0.0,0.86,1.0,0.0,1.0,0.0,255,1,0.0,0.96,0.0,0.0,0.08,0.0,0.83,1.0,anomaly,normal,anomaly
592,0,tcp,discard,S0,0,0,0,0,0,0,0,0,0,0,0,0,0,0,0,0,0,0,222,18,1.0,1.0,0.0,0.0,0.08,0.05,0.0,255,18,0.07,0.05,0.0,0.0,1.0,1.0,0.0,0.0,anomaly,normal,anomaly
18537,0,tcp,netbios_ns,S0,0,0,0,0,0,0,0,0,0,0,0,0,0,0,0,0,0,0,243,18,1.0,1.0,0.0,0.0,0.07,0.07,0.0,255,18,0.07,0.07,0.0,0.0,1.0,1.0,0.0,0.0,anomaly,normal,anomaly
12784,0,tcp,private,S0,0,0,0,0,0,0,0,0,0,0,0,0,0,0,0,0,0,0,93,16,1.0,1.0,0.0,0.0,0.17,0.05,0.0,255,1,0.0,0.07,0.0,0.0,1.0,1.0,0.0,0.0,anomaly,normal,anomaly
24315,0,tcp,private,S0,0,0,0,0,0,0,0,0,0,0,0,0,0,0,0,0,0,0,102,16,1.0,1.0,0.0,0.0,0.16,0.06,0.0,255,26,0.1,0.05,0.0,0.0,1.0,1.0,0.0,0.0,anomaly,normal,anomaly
1444,0,icmp,ecr_i,SF,520,0,0,0,0,0,0,0,0,0,0,0,0,0,0,0,0,0,358,358,0.0,0.0,0.0,0.0,1.0,0.0,0.0,255,255,1.0,0.0,1.0,0.0,0.0,0.0,0.0,0.0,anomaly,normal,anomaly
11695,0,udp,other,SF,1,0,0,0,0,0,0,0,0,0,0,0,0,0,0,0,0,0,13,1,0.0,0.0,0.0,0.0,0.08,0.54,0.0,255,1,0.0,0.18,1.0,0.0,0.0,0.0,0.0,0.0,anomaly,normal,anomaly
10478,0,tcp,private,S0,0,0,0,0,0,0,0,0,0,0,0,0,0,0,0,0,0,0,107,6,1.0,1.0,0.0,0.0,0.06,0.07,0.0,160,15,0.09,0.1,0.01,0.0,1.0,1.0,0.0,0.0,anomaly,normal,anomaly
13200,2,tcp,ftp_data,SF,2194619,0,0,0,0,0,0,1,0,0,0,0,0,0,0,0,0,0,1,1,0.0,0.0,0.0,0.0,1.0,0.0,0.0,201,47,0.18,0.02,0.18,0.04,0.0,0.0,0.0,0.0,normal,anomaly,normal
20764,0,tcp,ftp_data,SF,334,0,0,0,0,0,0,1,0,0,0,0,0,0,0,0,0,0,2,2,0.0,0.0,0.0,0.0,1.0,0.0,0.0,226,87,0.37,0.02,0.37,0.02,0.0,0.0,0.0,0.0,anomaly,normal,anomaly
10792,0,tcp,private,S0,0,0,0,0,0,0,0,0,0,0,0,0,0,0,0,0,0,0,199,17,1.0,1.0,0.0,0.0,0.09,0.06,0.0,255,2,0.01,0.08,0.0,0.0,1.0,1.0,0.0,0.0,anomaly,normal,anomaly
21463,0,tcp,vmnet,S0,0,0,0,0,0,0,0,0,0,0,0,0,0,0,0,0,0,0,274,16,1.0,1.0,0.0,0.0,0.06,0.05,0.0,255,5,0.02,0.07,0.0,0.0,1.0,1.0,0.0,0.0,anomaly,normal,anomaly
14825,0,tcp,time,S0,0,0,0,0,0,0,0,0,0,0,0,0,0,0,0,0,0,0,257,5,1.0,1.0,0.0,0.0,0.02,0.07,0.0,255,5,0.02,0.07,0.0,0.0,1.0,1.0,0.0,0.0,anomaly,normal,anomaly
2314,0,tcp,private,S0,0,0,0,0,0,0,0,0,0,0,0,0,0,0,0,0,0,0,259,10,1.0,1.0,0.0,0.0,0.04,0.07,0.0,255,10,0.04,0.07,0.0,0.0,1.0,1.0,0.0,0.0,anomaly,normal,anomaly
1481,0,tcp,sunrpc,RSTO,0,0,0,0,0,0,0,0,0,0,0,0,0,0,0,0,0,0,133,7,0.0,0.0,1.0,1.0,0.05,0.06,0.0,255,7,0.03,0.07,0.0,0.0,0.0,0.0,1.0,1.0,anomaly,normal,anomaly
2259,0,tcp,http,S0,0,0,0,0,0,0,0,0,0,0,0,0,0,0,0,0,0,0,298,18,1.0,1.0,0.0,0.0,0.06,0.06,0.0,255,5,0.02,0.08,0.0,0.0,1.0,1.0,0.0,0.0,anomaly,normal,anomaly
5415,0,tcp,private,REJ,0,0,0,0,0,0,0,0,0,0,0,0,0,0,0,0,0,0,206,1,0.06,0.0,0.88,1.0,0.0,1.0,0.0,255,1,0.0,0.82,0.0,0.0,0.05,0.0,0.71,1.0,anomaly,normal,anomaly
6263,0,tcp,private,S0,0,0,0,0,0,0,0,0,0,0,0,0,0,0,0,0,0,0,204,9,1.0,1.0,0.0,0.0,0.04,0.06,0.0,255,18,0.07,0.08,0.0,0.0,1.0,1.0,0.0,0.0,anomaly,normal,anomaly
5679,0,tcp,private,S0,0,0,0,0,0,0,0,0,0,0,0,0,0,0,0,0,0,0,40,11,1.0,1.0,0.0,0.0,0.28,0.1,0.0,255,11,0.04,0.08,0.0,0.0,1.0,1.0,0.0,0.0,anomaly,normal,anomaly
8490,0,tcp,daytime,S0,0,0,0,0,0,0,0,0,0,0,0,0,0,0,0,0,0,0,246,9,1.0,1.0,0.0,0.0,0.04,0.07,0.0,255,9,0.04,0.07,0.0,0.0,1.0,1.0,0.0,0.0,anomaly,normal,anomaly
18847,0,tcp,kshell,S0,0,0,0,0,0,0,0,0,0,0,0,0,0,0,0,0,0,0,107,5,1.0,1.0,0.0,0.0,0.05,0.07,0.0,255,16,0.06,0.07,0.0,0.0,1.0,1.0,0.0,0.0,anomaly,normal,anomaly
10285,0,tcp,private,S0,0,0,0,0,0,0,0,0,0,0,0,0,0,0,0,0,0,0,221,1,1.0,1.0,0.0,0.0,0.0,0.06,0.0,255,20,0.08,0.07,0.0,0.0,1.0,1.0,0.0,0.0,anomaly,normal,anomaly
4553,11457,tcp,telnet,SF,125,3138,0,0,0,0,0,1,0,0,0,0,0,0,0,0,0,0,1,1,0.0,0.0,0.0,0.0,1.0,0.0,0.0,29,14,0.1,0.1,0.03,0.14,0.0,0.0,0.0,0.0,normal,anomaly,normal
20044,0,tcp,private,S0,0,0,0,0,0,0,0,0,0,0,0,0,0,0,0,0,0,0,115,4,1.0,1.0,0.0,0.0,0.03,0.06,0.0,104,18,0.17,0.12,0.01,0.0,1.0,1.0,0.0,0.0,anomaly,normal,anomaly
2487,0,tcp,discard,S0,0,0,0,0,0,0,0,0,0,0,0,0,0,0,0,0,0,0,211,20,1.0,1.0,0.0,0.0,0.09,0.07,0.0,255,20,0.08,0.08,0.0,0.0,1.0,1.0,0.0,0.0,anomaly,normal,anomaly
6666,0,tcp,http,RSTR,29200,2920,0,0,0,1,0,1,0,0,0,0,0,0,0,0,0,0,4,4,0.0,0.0,0.75,0.75,1.0,0.0,0.0,255,255,1.0,0.0,0.0,0.0,0.0,0.0,0.04,0.04,anomaly,normal,anomaly
2022,0,tcp,http,SF,54540,8314,0,0,0,2,0,1,1,0,0,0,0,0,0,0,0,0,3,3,0.0,0.0,0.0,0.0,1.0,0.0,0.0,13,13,1.0,0.0,0.08,0.0,0.0,0.0,0.0,0.0,anomaly,normal,anomaly
14882,0,tcp,http,S0,0,0,0,0,0,0,0,0,0,0,0,0,0,0,0,0,0,0,31,12,1.0,1.0,0.0,0.0,0.39,0.13,0.0,255,66,0.26,0.02,0.0,0.0,1.0,1.0,0.0,0.0,anomaly,normal,anomaly
21428,0,tcp,private,REJ,0,0,0,0,0,0,0,0,0,0,0,0,0,0,0,0,0,0,138,9,0.0,0.0,1.0,1.0,0.07,0.06,0.0,255,3,0.01,0.07,0.0,0.0,0.0,0.0,1.0,1.0,anomaly,normal,anomaly
15495,0,tcp,mtp,REJ,0,0,0,0,0,0,0,0,0,0,0,0,0,0,0,0,0,0,1,1,0.0,0.0,1.0,1.0,1.0,0.0,0.0,38,2,0.03,1.0,0.03,1.0,0.0,0.0,0.95,1.0,anomaly,normal,anomaly
20997,0,icmp,ecr_i,SF,1480,0,0,1,0,0,0,0,0,0,0,0,0,0,0,0,0,0,2,2,0.0,0.0,0.0,0.0,1.0,0.0,0.0,4,6,0.5,0.5,0.5,0.5,0.0,0.0,0.0,0.0,anomaly,normal,anomaly
15424,0,tcp,domain,REJ,0,0,0,0,0,0,0,0,0,0,0,0,0,0,0,0,0,0,228,9,0.0,0.0,1.0,1.0,0.04,0.07,0.0,255,9,0.04,0.08,0.0,0.0,0.0,0.0,1.0,1.0,anomaly,normal,anomaly
5075,0,tcp,telnet,S0,0,0,0,0,0,0,0,0,0,0,0,0,0,0,0,0,0,0,34,8,1.0,1.0,0.0,0.0,0.24,0.12,0.0,114,29,0.25,0.04,0.01,0.07,1.0,0.97,0.0,0.0,anomaly,normal,anomaly
76,0,tcp,auth,S0,0,0,0,0,0,0,0,0,0,0,0,0,0,0,0,0,0,0,276,9,1.0,1.0,0.0,0.0,0.03,0.06,0.0,255,9,0.04,0.06,0.0,0.0,1.0,1.0,0.0,0.0,anomaly,normal,anomaly
12230,0,tcp,gopher,REJ,0,0,0,0,0,0,0,0,0,0,0,0,0,0,0,0,0,0,259,16,0.0,0.0,1.0,1.0,0.06,0.05,0.0,255,16,0.06,0.06,0.0,0.0,0.0,0.0,1.0,1.0,anomaly,normal,anomaly
3457,0,tcp,private,RSTR,0,0,0,0,0,0,0,0,0,0,0,0,0,0,0,0,0,0,1,1,0.0,0.0,1.0,1.0,1.0,0.0,0.0,185,1,0.01,0.12,0.09,0.0,0.0,0.0,0.1,1.0,anomaly,normal,anomaly
5742,0,tcp,http,SF,54540,8314,0,0,0,2,0,1,1,0,0,0,0,0,0,0,0,0,5,6,0.0,0.0,0.0,0.17,1.0,0.0,0.33,255,255,1.0,0.0,0.0,0.0,0.0,0.0,0.03,0.03,anomaly,normal,anomaly
16424,0,tcp,http,S0,0,0,0,0,0,0,0,0,0,0,0,0,0,0,0,0,0,0,25,10,1.0,1.0,0.0,0.0,0.4,0.16,0.0,255,66,0.26,0.02,0.0,0.0,1.0,1.0,0.0,0.0,anomaly,normal,anomaly
22541,0,tcp,netbios_ssn,REJ,0,0,0,0,0,0,0,0,0,0,0,0,0,0,0,0,0,0,290,16,0.0,0.0,1.0,1.0,0.06,0.06,0.0,255,16,0.06,0.07,0.0,0.0,0.0,0.0,1.0,1.0,anomaly,normal,anomaly
10198,0,udp,private,SF,28,0,0,3,0,0,0,0,0,0,0,0,0,0,0,0,0,0,62,62,0.0,0.0,0.0,0.0,1.0,0.0,0.0,134,62,0.46,0.03,0.46,0.0,0.0,0.0,0.0,0.0,anomaly,normal,anomaly
11651,0,tcp,private,REJ,0,0,0,0,0,0,0,0,0,0,0,0,0,0,0,0,0,0,136,7,0.0,0.0,1.0,1.0,0.05,0.06,0.0,255,7,0.03,0.09,0.0,0.0,0.0,0.0,1.0,1.0,anomaly,normal,anomaly
15680,0,tcp,private,S0,0,0,0,0,0,0,0,0,0,0,0,0,0,0,0,0,0,0,81,17,1.0,1.0,0.0,0.0,0.21,0.06,0.0,255,4,0.02,0.07,0.0,0.0,1.0,1.0,0.0,0.0,anomaly,normal,anomaly
24412,0,tcp,private,RSTR,0,0,0,0,0,0,0,0,0,0,0,0,0,0,0,0,0,0,1,1,0.0,0.0,1.0,1.0,1.0,0.0,0.0,255,1,0.0,0.16,0.15,0.0,0.0,0.0,0.15,1.0,anomaly,normal,anomaly
9829,0,tcp,courier,REJ,0,0,0,0,0,0,0,0,0,0,0,0,0,0,0,0,0,0,102,3,0.0,0.0,1.0,1.0,0.03,0.07,0.0,255,3,0.01,0.06,0.0,0.0,0.0,0.0,1.0,1.0,anomaly,normal,anomaly
20102,0,tcp,private,S0,0,0,0,0,0,0,0,0,0,0,0,0,0,0,0,0,0,0,230,14,1.0,1.0,0.0,0.0,0.06,0.05,0.0,255,8,0.03,0.08,0.0,0.0,1.0,1.0,0.0,0.0,anomaly,normal,anomaly
23551,0,tcp,private,S0,0,0,0,0,0,0,0,0,0,0,0,0,0,0,0,0,0,0,127,14,0.99,1.0,0.0,0.0,0.11,0.06,0.0,255,14,0.05,0.05,0.0,0.0,1.0,1.0,0.0,0.0,anomaly,normal,anomaly
13193,0,tcp,ftp_data,REJ,0,0,0,0,0,0,0,0,0,0,0,0,0,0,0,0,0,0,249,13,0.0,0.0,1.0,1.0,0.05,0.06,0.0,255,13,0.05,0.07,0.0,0.0,0.0,0.0,1.0,1.0,anomaly,normal,anomaly
8608,0,udp,private,SF,1,0,0,0,0,0,0,0,0,0,0,0,0,0,0,0,0,0,21,19,0.0,0.0,0.0,0.0,0.9,0.14,0.0,255,19,0.07,0.74,0.3,0.0,0.09,0.0,0.61,0.0,anomaly,normal,anomaly
14179,0,tcp,hostnames,REJ,0,0,0,0,0,0,0,0,0,0,0,0,0,0,0,0,0,0,269,5,0.0,0.0,1.0,1.0,0.02,0.06,0.0,255,5,0.02,0.07,0.0,0.0,0.0,0.0,1.0,1.0,anomaly,normal,anomaly
10910,0,tcp,private,S0,0,0,0,0,0,0,0,0,0,0,0,0,0,0,0,0,0,0,102,10,1.0,1.0,0.0,0.0,0.1,0.06,0.0,255,5,0.02,0.07,0.0,0.0,1.0,1.0,0.0,0.0,anomaly,normal,anomaly
14682,0,tcp,imap4,S0,0,0,0,0,0,0,0,0,0,0,0,0,0,0,0,0,0,0,228,20,1.0,1.0,0.0,0.0,0.09,0.06,0.0,255,19,0.07,0.07,0.0,0.0,1.0,1.0,0.0,0.0,anomaly,normal,anomaly
2298,0,icmp,ecr_i,SF,520,0,0,0,0,0,0,0,0,0,0,0,0,0,0,0,0,0,269,269,0.0,0.0,0.0,0.0,1.0,0.0,0.0,255,255,1.0,0.0,1.0,0.0,0.0,0.0,0.0,0.0,anomaly,normal,anomaly
10135,0,tcp,kshell,S0,0,0,0,0,0,0,0,0,0,0,0,0,0,0,0,0,0,0,116,14,1.0,1.0,0.0,0.0,0.12,0.06,0.0,255,7,0.03,0.07,0.0,0.0,1.0,1.0,0.0,0.0,anomaly,normal,anomaly
16296,0,tcp,private,REJ,0,0,0,0,0,0,0,0,0,0,0,0,0,0,0,0,0,0,57,19,0.0,0.0,1.0,1.0,0.33,0.05,0.0,255,8,0.03,0.06,0.0,0.0,0.0,0.0,1.0,1.0,anomaly,normal,anomaly
19988,0,tcp,login,S0,0,0,0,0,0,0,0,0,0,0,0,0,0,0,0,0,0,0,106,24,1.0,1.0,0.0,0.0,0.23,0.06,0.0,255,24,0.09,0.06,0.0,0.0,1.0,1.0,0.0,0.0,anomaly,normal,anomaly
18476,0,udp,private,SF,215,0,0,0,0,0,0,0,0,0,0,0,0,0,0,0,0,0,1,1,0.0,0.0,0.0,0.0,1.0,0.0,0.0,23,23,1.0,0.0,1.0,0.0,0.0,0.0,0.0,0.0,anomaly,normal,anomaly
19405,0,tcp,sql_net,S0,0,0,0,0,0,0,0,0,0,0,0,0,0,0,0,0,0,0,183,13,1.0,1.0,0.0,0.0,0.07,0.07,0.0,255,13,0.05,0.08,0.0,0.0,1.0,1.0,0.0,0.0,anomaly,normal,anomaly
3351,0,tcp,private,S0,0,0,0,0,0,0,0,0,0,0,0,0,0,0,0,0,0,0,121,8,1.0,1.0,0.0,0.0,0.07,0.07,0.0,255,9,0.04,0.06,0.0,0.0,1.0,1.0,0.0,0.0,anomaly,normal,anomaly
4251,0,udp,private,SF,28,0,0,3,0,0,0,0,0,0,0,0,0,0,0,0,0,0,91,89,0.01,0.0,0.01,0.0,0.98,0.03,0.0,255,89,0.35,0.02,0.35,0.0,0.0,0.0,0.49,0.0,anomaly,normal,anomaly
10105,0,tcp,ftp_data,S0,0,0,0,0,0,0,0,0,0,0,0,0,0,0,0,0,0,0,39,19,1.0,1.0,0.0,0.0,0.49,0.05,0.0,41,65,0.46,0.07,0.05,0.03,0.95,0.29,0.0,0.0,anomaly,normal,anomaly
21816,0,tcp,whois,S0,0,0,0,0,0,0,0,0,0,0,0,0,0,0,0,0,0,0,244,18,1.0,1.0,0.0,0.0,0.07,0.07,0.0,255,18,0.07,0.07,0.0,0.0,1.0,1.0,0.0,0.0,anomaly,normal,anomaly
625,0,tcp,kshell,S0,0,0,0,0,0,0,0,0,0,0,0,0,0,0,0,0,0,0,136,23,1.0,1.0,0.0,0.0,0.17,0.04,0.0,255,23,0.09,0.05,0.0,0.0,1.0,1.0,0.0,0.0,anomaly,normal,anomaly
8755,0,tcp,daytime,S0,0,0,0,0,0,0,0,0,0,0,0,0,0,0,0,0,0,0,231,2,1.0,1.0,0.0,0.0,0.01,0.07,0.0,255,2,0.01,0.07,0.0,0.0,1.0,1.0,0.0,0.0,anomaly,normal,anomaly
20146,0,tcp,telnet,RSTO,0,0,0,0,0,0,0,0,0,0,0,0,0,0,0,0,0,0,258,15,0.0,0.0,1.0,1.0,0.06,0.06,0.0,255,15,0.06,0.07,0.0,0.0,0.0,0.0,1.0,1.0,anomaly,normal,anomaly
15745,0,tcp,vmnet,S0,0,0,0,0,0,0,0,0,0,0,0,0,0,0,0,0,0,0,282,3,1.0,1.0,0.0,0.0,0.01,0.06,0.0,255,4,0.02,0.07,0.0,0.0,1.0,1.0,0.0,0.0,anomaly,normal,anomaly
19672,0,tcp,ssh,S0,0,0,0,0,0,0,0,0,0,0,0,0,0,0,0,0,0,0,229,5,1.0,1.0,0.0,0.0,0.02,0.07,0.0,255,16,0.06,0.06,0.0,0.0,1.0,1.0,0.0,0.0,anomaly,normal,anomaly
22179,0,tcp,private,S0,0,0,0,0,0,0,0,0,0,0,0,0,0,0,0,0,0,0,284,15,1.0,1.0,0.0,0.0,0.05,0.05,0.0,255,15,0.06,0.05,0.0,0.0,1.0,1.0,0.0,0.0,anomaly,normal,anomaly
23784,0,tcp,private,S0,0,0,0,0,0,0,0,0,0,0,0,0,0,0,0,0,0,0,212,6,1.0,1.0,0.0,0.0,0.03,0.07,0.0,255,19,0.07,0.07,0.0,0.0,1.0,1.0,0.0,0.0,anomaly,normal,anomaly
2464,0,tcp,private,S0,0,0,0,0,0,0,0,0,0,0,0,0,0,0,0,0,0,0,196,16,1.0,1.0,0.0,0.0,0.08,0.07,0.0,255,16,0.06,0.08,0.0,0.0,1.0,1.0,0.0,0.0,anomaly,normal,anomaly
10415,0,tcp,private,S0,0,0,0,0,0,0,0,0,0,0,0,0,0,0,0,0,0,0,200,1,1.0,1.0,0.0,0.0,0.0,0.06,0.0,255,20,0.08,0.06,0.0,0.0,1.0,1.0,0.0,0.0,anomaly,normal,anomaly
14419,0,tcp,netbios_ssn,S0,0,0,0,0,0,0,0,0,0,0,0,0,0,0,0,0,0,0,211,13,1.0,1.0,0.0,0.0,0.06,0.06,0.0,255,13,0.05,0.07,0.0,0.0,1.0,1.0,0.0,0.0,anomaly,normal,anomaly
1275,0,icmp,eco_i,SF,8,0,0,0,0,0,0,0,0,0,0,0,0,0,0,0,0,0,1,47,0.0,0.0,0.0,0.0,1.0,0.0,1.0,1,77,1.0,0.0,1.0,0.26,0.0,0.0,0.0,0.0,anomaly,normal,anomaly
20983,0,tcp,sunrpc,S0,0,0,0,0,0,0,0,0,0,0,0,0,0,0,0,0,0,0,146,21,1.0,1.0,0.0,0.0,0.14,0.04,0.0,255,21,0.08,0.05,0.0,0.0,1.0,1.0,0.0,0.0,anomaly,normal,anomaly
23227,0,tcp,ftp_data,SF,334,0,0,0,0,0,0,1,0,0,0,0,0,0,0,0,0,0,2,2,0.0,0.0,0.0,0.0,1.0,0.0,0.0,2,14,1.0,0.0,1.0,0.43,0.0,0.0,0.0,0.0,anomaly,normal,anomaly
8658,0,tcp,netbios_dgm,S0,0,0,0,0,0,0,0,0,0,0,0,0,0,0,0,0,0,0,299,24,1.0,1.0,0.0,0.0,0.08,0.05,0.0,255,24,0.09,0.05,0.0,0.0,1.0,1.0,0.0,0.0,anomaly,normal,anomaly
1509,0,tcp,ldap,S0,0,0,0,0,0,0,0,0,0,0,0,0,0,0,0,0,0,0,104,14,1.0,1.0,0.0,0.0,0.13,0.06,0.0,255,4,0.02,0.07,0.0,0.0,1.0,1.0,0.0,0.0,anomaly,normal,anomaly
20197,0,tcp,discard,RSTO,0,0,0,0,0,0,0,0,0,0,0,0,0,0,0,0,0,0,133,18,0.0,0.0,1.0,1.0,0.14,0.06,0.0,255,18,0.07,0.06,0.0,0.0,0.0,0.0,1.0,1.0,anomaly,normal,anomaly
6197,0,tcp,mtp,S0,0,0,0,0,0,0,0,0,0,0,0,0,0,0,0,0,0,0,270,1,1.0,1.0,0.0,0.0,0.0,0.05,0.0,255,1,0.0,0.05,0.0,0.0,1.0,1.0,0.0,0.0,anomaly,normal,anomaly
3593,0,tcp,discard,RSTO,0,0,0,0,0,0,0,0,0,0,0,0,0,0,0,0,0,0,236,9,0.0,0.0,1.0,1.0,0.04,0.07,0.0,255,9,0.04,0.07,0.0,0.0,0.0,0.0,1.0,1.0,anomaly,normal,anomaly
18218,0,tcp,pop_3,S0,0,0,0,0,0,0,0,0,0,0,0,0,0,0,0,0,0,0,220,4,1.0,1.0,0.0,0.0,0.02,0.06,0.0,255,16,0.06,0.07,0.0,0.0,1.0,1.0,0.0,0.0,anomaly,normal,anomaly
21122,0,tcp,private,S0,0,0,0,0,0,0,0,0,0,0,0,0,0,0,0,0,0,0,266,8,1.0,1.0,0.0,0.0,0.03,0.06,0.0,255,13,0.05,0.07,0.0,0.0,1.0,1.0,0.0,0.0,anomaly,normal,anomaly
3008,0,tcp,bgp,S0,0,0,0,0,0,0,0,0,0,0,0,0,0,0,0,0,0,0,297,9,1.0,1.0,0.0,0.0,0.03,0.05,0.0,255,11,0.04,0.07,0.0,0.0,1.0,1.0,0.0,0.0,anomaly,normal,anomaly
6334,0,tcp,efs,S0,0,0,0,0,0,0,0,0,0,0,0,0,0,0,0,0,0,0,78,16,1.0,1.0,0.0,0.0,0.21,0.06,0.0,255,16,0.06,0.07,0.0,0.0,1.0,1.0,0.0,0.0,anomaly,normal,anomaly
5041,0,udp,private,SF,28,0,0,3,0,0,0,0,0,0,0,0,0,0,0,0,0,0,45,45,0.0,0.0,0.0,0.0,1.0,0.0,0.0,117,45,0.38,0.03,0.38,0.0,0.0,0.0,0.0,0.0,anomaly,normal,anomaly
2045,0,tcp,rje,S0,0,0,0,0,0,0,0,0,0,0,0,0,0,0,0,0,0,0,216,20,1.0,1.0,0.0,0.0,0.09,0.06,0.0,255,20,0.08,0.05,0.0,0.0,1.0,1.0,0.0,0.0,anomaly,normal,anomaly
3002,0,tcp,private,S0,0,0,0,0,0,0,0,0,0,0,0,0,0,0,0,0,0,0,140,23,1.0,1.0,0.0,0.0,0.16,0.04,0.0,255,23,0.09,0.06,0.0,0.0,1.0,1.0,0.0,0.0,anomaly,normal,anomaly
1183,0,tcp,ftp,S0,0,0,0,0,0,0,0,0,0,0,0,0,0,0,0,0,0,0,107,25,1.0,1.0,0.0,0.0,0.23,0.05,0.0,255,8,0.03,0.07,0.0,0.0,1.0,1.0,0.0,0.0,anomaly,normal,anomaly
15940,0,tcp,systat,S0,0,0,0,0,0,0,0,0,0,0,0,0,0,0,0,0,0,0,119,17,1.0,1.0,0.0,0.0,0.14,0.08,0.0,255,17,0.07,0.07,0.0,0.0,1.0,1.0,0.0,0.0,anomaly,normal,anomaly
18247,9645,udp,other,SF,146,105,0,0,0,0,0,0,0,0,0,0,0,0,0,0,0,0,1,1,0.0,0.0,0.0,0.0,1.0,0.0,0.0,255,1,0.0,0.79,1.0,0.0,0.0,0.0,0.0,0.0,normal,anomaly,normal
19522,0,tcp,private,RSTR,0,0,0,0,0,0,0,0,0,0,0,0,0,0,0,0,0,0,1,1,0.0,0.0,1.0,1.0,1.0,0.0,0.0,255,1,0.0,0.95,0.95,0.0,0.0,0.0,0.94,1.0,anomaly,normal,anomaly
11132,0,tcp,private,S0,0,0,0,0,0,0,0,0,0,0,0,0,0,0,0,0,0,0,36,13,1.0,1.0,0.0,0.0,0.36,0.17,0.0,255,13,0.05,0.09,0.0,0.0,1.0,1.0,0.0,0.0,anomaly,normal,anomaly
3818,0,tcp,courier,S0,0,0,0,0,0,0,0,0,0,0,0,0,0,0,0,0,0,0,126,11,1.0,1.0,0.0,0.0,0.09,0.06,0.0,255,19,0.07,0.07,0.0,0.0,1.0,1.0,0.0,0.0,anomaly,normal,anomaly
16649,0,tcp,ftp_data,SF,334,0,0,0,0,0,0,1,0,0,0,0,0,0,0,0,0,0,2,2,0.0,0.0,0.0,0.0,1.0,0.0,0.0,12,12,1.0,0.0,1.0,0.0,0.0,0.0,0.0,0.0,anomaly,normal,anomaly
276,0,tcp,vmnet,S0,0,0,0,0,0,0,0,0,0,0,0,0,0,0,0,0,0,0,258,10,1.0,1.0,0.0,0.0,0.04,0.05,0.0,255,10,0.04,0.05,0.0,0.0,1.0,1.0,0.0,0.0,anomaly,normal,anomaly
21913,0,tcp,http,SF,54540,8314,0,0,0,2,0,1,1,0,0,0,0,0,0,0,0,0,3,3,0.0,0.0,0.0,0.0,1.0,0.0,0.0,75,75,1.0,0.0,0.01,0.0,0.01,0.01,0.01,0.01,anomaly,normal,anomaly
18855,0,tcp,daytime,S0,0,0,0,0,0,0,0,0,0,0,0,0,0,0,0,0,0,0,143,5,1.0,1.0,0.0,0.0,0.03,0.08,0.0,255,5,0.02,0.07,0.0,0.0,1.0,1.0,0.0,0.0,anomaly,normal,anomaly
13814,0,icmp,eco_i,SF,8,0,0,0,0,0,0,0,0,0,0,0,0,0,0,0,0,0,1,46,0.0,0.0,0.0,0.0,1.0,0.0,1.0,2,154,1.0,0.0,1.0,0.25,0.0,0.0,0.0,0.0,anomaly,normal,anomaly
21028,0,tcp,private,S0,0,0,0,0,0,0,0,0,0,0,0,0,0,0,0,0,0,0,245,7,1.0,1.0,0.0,0.0,0.03,0.06,0.0,255,11,0.04,0.07,0.0,0.0,1.0,1.0,0.0,0.0,anomaly,normal,anomaly
1015,0,tcp,private,S0,0,0,0,0,0,0,0,0,0,0,0,0,0,0,0,0,0,0,118,13,1.0,1.0,0.0,0.0,0.11,0.06,0.0,255,8,0.03,0.08,0.0,0.0,1.0,1.0,0.0,0.0,anomaly,normal,anomaly
18636,0,tcp,private,S0,0,0,0,0,0,0,0,0,0,0,0,0,0,0,0,0,0,0,255,12,1.0,1.0,0.0,0.0,0.05,0.07,0.0,255,25,0.1,0.07,0.0,0.0,1.0,1.0,0.0,0.0,anomaly,normal,anomaly
19122,4764,udp,other,SF,147,105,0,0,0,0,0,0,0,0,0,0,0,0,0,0,0,0,4,2,0.0,0.0,0.0,0.0,0.5,0.5,0.0,255,2,0.01,0.55,0.88,0.0,0.0,0.0,0.0,0.0,normal,anomaly,normal
5600,0,tcp,ftp_data,S0,0,0,0,0,0,0,0,0,0,0,0,0,0,0,0,0,0,0,253,2,1.0,1.0,0.0,0.0,0.01,0.06,0.0,255,2,0.01,0.07,0.0,0.0,1.0,1.0,0.0,0.0,anomaly,normal,anomaly
1864,0,icmp,eco_i,SF,8,0,0,0,0,0,0,0,0,0,0,0,0,0,0,0,0,0,1,50,0.0,0.0,0.0,0.0,1.0,0.0,1.0,1,9,1.0,0.0,1.0,0.56,0.0,0.0,0.0,0.0,anomaly,normal,anomaly
12633,0,tcp,private,S0,0,0,0,0,0,0,0,0,0,0,0,0,0,0,0,0,0,0,18,18,1.0,1.0,0.0,0.0,1.0,0.0,0.0,255,18,0.07,0.07,0.0,0.0,1.0,1.0,0.0,0.0,anomaly,normal,anomaly
15032,0,tcp,time,S0,0,0,0,0,0,0,0,0,0,0,0,0,0,0,0,0,0,0,298,17,1.0,1.0,0.0,0.0,0.06,0.05,0.0,255,3,0.01,0.09,0.0,0.0,1.0,1.0,0.0,0.0,anomaly,normal,anomaly
1956,0,icmp,ecr_i,SF,520,0,0,0,0,0,0,0,0,0,0,0,0,0,0,0,0,0,181,181,0.0,0.0,0.0,0.0,1.0,0.0,0.0,255,255,1.0,0.0,1.0,0.0,0.0,0.0,0.0,0.0,anomaly,normal,anomaly
10658,0,tcp,private,RSTR,0,0,0,0,0,0,0,0,0,0,0,0,0,0,0,0,0,0,1,1,0.0,0.0,1.0,1.0,1.0,0.0,0.0,255,1,0.0,0.66,0.66,0.0,0.0,0.0,0.66,1.0,anomaly,normal,anomaly
16492,0,tcp,http_443,S0,0,0,0,0,0,0,0,0,0,0,0,0,0,0,0,0,0,0,113,14,1.0,1.0,0.0,0.0,0.12,0.05,0.0,255,8,0.03,0.07,0.0,0.0,1.0,1.0,0.0,0.0,anomaly,normal,anomaly
2317,0,tcp,vmnet,REJ,0,0,0,0,0,0,0,0,0,0,0,0,0,0,0,0,0,0,203,2,0.0,0.0,1.0,1.0,0.01,0.07,0.0,255,2,0.01,0.07,0.0,0.0,0.0,0.0,1.0,1.0,anomaly,normal,anomaly
18305,0,tcp,private,S0,0,0,0,0,0,0,0,0,0,0,0,0,0,0,0,0,0,0,270,10,1.0,1.0,0.0,0.0,0.04,0.07,0.0,255,10,0.04,0.06,0.0,0.0,1.0,1.0,0.0,0.0,anomaly,normal,anomaly
13412,0,icmp,ecr_i,SF,520,0,0,0,0,0,0,0,0,0,0,0,0,0,0,0,0,0,38,38,0.0,0.0,0.0,0.0,1.0,0.0,0.0,255,255,1.0,0.0,1.0,0.0,0.0,0.0,0.0,0.0,anomaly,normal,anomaly
7492,0,tcp,ftp_data,S0,0,0,0,0,0,0,0,0,0,0,0,0,0,0,0,0,0,0,76,18,1.0,1.0,0.0,0.0,0.24,0.05,0.0,255,47,0.18,0.04,0.01,0.0,1.0,1.0,0.0,0.0,anomaly,normal,anomaly
392,0,tcp,ftp,S0,0,0,0,0,0,0,0,0,0,0,0,0,0,0,0,0,0,0,222,1,1.0,1.0,0.0,0.0,0.0,0.06,0.0,255,1,0.0,0.06,0.0,0.0,1.0,1.0,0.0,0.0,anomaly,normal,anomaly
2697,0,tcp,private,S0,0,0,0,0,0,0,0,0,0,0,0,0,0,0,0,0,0,0,224,1,1.0,1.0,0.0,0.0,0.0,0.07,0.0,255,3,0.01,0.08,0.0,0.0,1.0,1.0,0.0,0.0,anomaly,normal,anomaly
13869,0,tcp,telnet,S0,0,0,0,0,0,0,0,0,0,0,0,0,0,0,0,0,0,0,50,12,1.0,1.0,0.0,0.0,0.24,0.08,0.0,255,47,0.18,0.05,0.01,0.0,1.0,1.0,0.0,0.0,anomaly,normal,anomaly
4388,0,udp,other,SF,1,0,0,0,0,0,0,0,0,0,0,0,0,0,0,0,0,0,37,4,0.0,0.0,0.0,0.0,0.11,0.11,0.0,255,4,0.02,0.07,1.0,0.0,0.0,0.0,0.0,0.0,anomaly,normal,anomaly
6805,0,tcp,netstat,S0,0,0,0,0,0,0,0,0,0,0,0,0,0,0,0,0,0,0,277,10,1.0,1.0,0.0,0.0,0.04,0.05,0.0,255,1,0.0,0.09,0.0,0.0,1.0,1.0,0.0,0.0,anomaly,normal,anomaly
20697,0,tcp,echo,S0,0,0,0,0,0,0,0,0,0,0,0,0,0,0,0,0,0,0,143,18,1.0,1.0,0.0,0.0,0.13,0.05,0.0,255,6,0.02,0.06,0.0,0.0,1.0,1.0,0.0,0.0,anomaly,normal,anomaly
11865,0,tcp,private,S0,0,0,0,0,0,0,0,0,0,0,0,0,0,0,0,0,0,0,119,8,1.0,1.0,0.0,0.0,0.07,0.07,0.0,228,8,0.04,0.07,0.0,0.0,1.0,1.0,0.0,0.0,anomaly,normal,anomaly
23400,0,tcp,private,REJ,0,0,0,0,0,0,0,0,0,0,0,0,0,0,0,0,0,0,78,16,0.0,0.0,1.0,1.0,0.21,0.06,0.0,255,12,0.05,0.07,0.0,0.0,0.0,0.0,1.0,1.0,anomaly,normal,anomaly
23061,0,tcp,courier,S0,0,0,0,0,0,0,0,0,0,0,0,0,0,0,0,0,0,0,149,19,1.0,1.0,0.0,0.0,0.13,0.06,0.0,255,9,0.04,0.06,0.0,0.0,1.0,1.0,0.0,0.0,anomaly,normal,anomaly
14664,0,tcp,private,REJ,0,0,0,0,0,0,0,0,0,0,0,0,0,0,0,0,0,0,2,1,0.0,0.0,1.0,1.0,0.5,1.0,0.0,255,1,0.0,0.77,0.75,0.0,0.0,0.0,0.75,1.0,anomaly,normal,anomaly
6087,0,icmp,eco_i,SF,8,0,0,0,0,0,0,0,0,0,0,0,0,0,0,0,0,0,1,22,0.0,0.0,0.0,0.0,1.0,0.0,1.0,4,128,1.0,0.0,1.0,0.25,0.0,0.0,0.0,0.0,anomaly,normal,anomaly
20268,0,icmp,ecr_i,SF,1032,0,0,0,0,0,0,0,0,0,0,0,0,0,0,0,0,0,175,175,0.0,0.0,0.0,0.0,1.0,0.0,0.0,255,175,0.69,0.01,0.69,0.0,0.0,0.0,0.0,0.0,anomaly,normal,anomaly
9671,0,udp,private,SF,28,0,0,3,0,0,0,0,0,0,0,0,0,0,0,0,0,0,94,94,0.0,0.0,0.0,0.0,1.0,0.0,0.0,166,94,0.57,0.02,0.57,0.0,0.0,0.0,0.0,0.0,anomaly,normal,anomaly
4562,8,tcp,private,RSTR,0,0,0,0,0,0,0,0,0,0,0,0,0,0,0,0,0,0,2,2,0.0,0.0,1.0,1.0,1.0,0.0,0.0,255,2,0.01,0.35,0.69,0.0,0.0,0.0,0.69,1.0,anomaly,normal,anomaly
646,0,tcp,ftp,S0,0,0,0,0,0,0,0,0,0,0,0,0,0,0,0,0,0,0,150,1,1.0,1.0,0.0,0.0,0.01,0.06,0.0,255,1,0.0,0.07,0.0,0.0,1.0,1.0,0.0,0.0,anomaly,normal,anomaly
7717,0,tcp,private,S0,0,0,0,0,0,0,0,0,0,0,0,0,0,0,0,0,0,0,98,2,1.0,1.0,0.0,0.0,0.02,0.08,0.0,255,2,0.01,0.07,0.0,0.0,1.0,1.0,0.0,0.0,anomaly,normal,anomaly
19269,0,tcp,bgp,S0,0,0,0,0,0,0,0,0,0,0,0,0,0,0,0,0,0,0,279,17,1.0,1.0,0.0,0.0,0.06,0.06,0.0,255,17,0.07,0.07,0.0,0.0,1.0,1.0,0.0,0.0,anomaly,normal,anomaly
16910,0,icmp,eco_i,SF,18,0,0,0,0,0,0,0,0,0,0,0,0,0,0,0,0,0,1,1,0.0,0.0,0.0,0.0,1.0,0.0,0.0,1,185,1.0,0.0,1.0,0.25,0.0,0.0,0.0,0.0,anomaly,normal,anomaly
3531,0,tcp,private,S0,0,0,0,0,0,0,0,0,0,0,0,0,0,0,0,0,0,0,142,14,1.0,1.0,0.0,0.0,0.1,0.06,0.0,255,28,0.11,0.06,0.0,0.0,1.0,1.0,0.0,0.0,anomaly,normal,anomaly
2196,0,icmp,eco_i,SF,8,0,0,0,0,0,0,0,0,0,0,0,0,0,0,0,0,0,1,44,0.0,0.0,0.0,0.0,1.0,0.0,1.0,1,62,1.0,0.0,1.0,0.52,0.0,0.0,0.0,0.0,anomaly,normal,anomaly
6300,0,tcp,private,REJ,0,0,0,0,0,0,0,0,0,0,0,0,0,0,0,0,0,0,197,8,0.0,0.0,1.0,1.0,0.04,0.07,0.0,255,8,0.03,0.07,0.0,0.0,0.0,0.0,1.0,1.0,anomaly,normal,anomaly
8728,0,tcp,private,S0,0,0,0,0,0,0,0,0,0,0,0,0,0,0,0,0,0,0,206,6,1.0,1.0,0.0,0.0,0.03,0.06,0.0,255,16,0.06,0.07,0.0,0.0,1.0,1.0,0.0,0.0,anomaly,normal,anomaly
1100,0,tcp,time,S0,0,0,0,0,0,0,0,0,0,0,0,0,0,0,0,0,0,0,123,18,1.0,1.0,0.0,0.0,0.15,0.06,0.0,255,18,0.07,0.07,0.0,0.0,1.0,1.0,0.0,0.0,anomaly,normal,anomaly
11034,0,tcp,time,S0,0,0,0,0,0,0,0,0,0,0,0,0,0,0,0,0,0,0,5,3,1.0,1.0,0.0,0.0,0.6,0.6,0.0,255,9,0.04,0.08,0.0,0.0,1.0,1.0,0.0,0.0,anomaly,normal,anomaly
12527,0,udp,other,SF,516,4,0,0,0,0,0,0,0,0,0,0,0,0,0,0,0,0,487,487,0.0,0.0,0.0,0.0,1.0,0.0,0.0,255,255,1.0,0.0,1.0,0.0,0.0,0.0,0.0,0.0,normal,anomaly,normal
17359,0,tcp,http_443,S0,0,0,0,0,0,0,0,0,0,0,0,0,0,0,0,0,0,0,124,5,1.0,1.0,0.0,0.0,0.04,0.06,0.0,255,14,0.05,0.06,0.0,0.0,1.0,1.0,0.0,0.0,anomaly,normal,anomaly
8573,0,tcp,auth,S0,0,0,0,0,0,0,0,0,0,0,0,0,0,0,0,0,0,0,110,10,1.0,1.0,0.0,0.0,0.09,0.06,0.0,255,10,0.04,0.07,0.0,0.0,1.0,1.0,0.0,0.0,anomaly,normal,anomaly
19358,0,tcp,Z39_50,REJ,0,0,0,0,0,0,0,0,0,0,0,0,0,0,0,0,0,0,121,13,0.0,0.0,1.0,1.0,0.11,0.07,0.0,255,13,0.05,0.07,0.0,0.0,0.0,0.0,1.0,1.0,anomaly,normal,anomaly
15316,0,tcp,private,S0,0,0,0,0,0,0,0,0,0,0,0,0,0,0,0,0,0,0,245,6,1.0,1.0,0.0,0.0,0.02,0.06,0.0,255,6,0.02,0.08,0.0,0.0,1.0,1.0,0.0,0.0,anomaly,normal,anomaly
16228,0,tcp,ctf,S0,0,0,0,0,0,0,0,0,0,0,0,0,0,0,0,0,0,0,187,1,1.0,1.0,0.0,0.0,0.01,0.06,0.0,255,1,0.0,0.06,0.0,0.0,1.0,1.0,0.0,0.0,anomaly,normal,anomaly
2836,0,tcp,private,S0,0,0,0,0,0,0,0,0,0,0,0,0,0,0,0,0,0,0,94,11,1.0,1.0,0.0,0.0,0.12,0.06,0.0,148,11,0.07,0.07,0.01,0.0,1.0,1.0,0.0,0.0,anomaly,normal,anomaly
16045,0,tcp,ctf,REJ,0,0,0,0,0,0,0,0,0,0,0,0,0,0,0,0,0,0,283,13,0.0,0.0,1.0,1.0,0.05,0.06,0.0,255,13,0.05,0.07,0.0,0.0,0.0,0.0,1.0,1.0,anomaly,normal,anomaly
14605,0,tcp,private,S0,0,0,0,0,0,0,0,0,0,0,0,0,0,0,0,0,0,0,257,20,1.0,1.0,0.0,0.0,0.08,0.07,0.0,255,20,0.08,0.08,0.0,0.0,1.0,1.0,0.0,0.0,anomaly,normal,anomaly
6686,0,tcp,echo,S0,0,0,0,0,0,0,0,0,0,0,0,0,0,0,0,0,0,0,206,16,1.0,1.0,0.0,0.0,0.08,0.06,0.0,255,19,0.07,0.07,0.0,0.0,1.0,1.0,0.0,0.0,anomaly,normal,anomaly
14195,0,tcp,courier,REJ,0,0,0,0,0,0,0,0,0,0,0,0,0,0,0,0,0,0,118,5,0.0,0.0,1.0,1.0,0.04,0.07,0.0,255,5,0.02,0.08,0.0,0.0,0.0,0.0,1.0,1.0,anomaly,normal,anomaly
22517,0,tcp,telnet,S0,0,0,0,0,0,0,0,0,0,0,0,0,0,0,0,0,0,0,40,19,0.98,1.0,0.03,0.0,0.47,0.08,0.0,255,10,0.04,0.06,0.0,0.0,1.0,1.0,0.0,0.0,anomaly,normal,anomaly
11238,0,tcp,daytime,S0,0,0,0,0,0,0,0,0,0,0,0,0,0,0,0,0,0,0,273,7,1.0,1.0,0.0,0.0,0.03,0.06,0.0,255,7,0.03,0.07,0.0,0.0,1.0,1.0,0.0,0.0,anomaly,normal,anomaly
9335,0,icmp,ecr_i,SF,1480,0,0,1,0,0,0,0,0,0,0,0,0,0,0,0,0,0,8,8,0.0,0.0,0.0,0.0,1.0,0.0,0.0,92,8,0.09,0.04,0.09,0.0,0.0,0.0,0.0,0.0,anomaly,normal,anomaly
6312,0,tcp,private,S0,0,0,0,0,0,0,0,0,0,0,0,0,0,0,0,0,0,0,85,5,1.0,1.0,0.0,0.0,0.06,0.06,0.0,255,17,0.07,0.06,0.0,0.0,1.0,1.0,0.0,0.0,anomaly,normal,anomaly
21767,0,tcp,netbios_ssn,S0,0,0,0,0,0,0,0,0,0,0,0,0,0,0,0,0,0,0,207,4,1.0,1.0,0.0,0.0,0.02,0.07,0.0,255,16,0.06,0.05,0.0,0.0,1.0,1.0,0.0,0.0,anomaly,normal,anomaly
16393,0,tcp,vmnet,REJ,0,0,0,0,0,0,0,0,0,0,0,0,0,0,0,0,0,0,173,1,0.0,0.0,1.0,1.0,0.01,0.06,0.0,255,1,0.0,0.08,0.0,0.0,0.0,0.0,1.0,1.0,anomaly,normal,anomaly
4581,0,tcp,http,S0,0,0,0,0,0,0,0,0,0,0,0,0,0,0,0,0,0,0,290,45,1.0,0.36,0.0,0.0,0.06,0.06,0.07,255,16,0.06,0.08,0.0,0.0,1.0,1.0,0.0,0.0,anomaly,normal,anomaly
20888,0,tcp,kshell,S0,0,0,0,0,0,0,0,0,0,0,0,0,0,0,0,0,0,0,139,14,1.0,1.0,0.0,0.0,0.1,0.06,0.0,255,10,0.04,0.06,0.0,0.0,1.0,1.0,0.0,0.0,anomaly,normal,anomaly
7398,0,tcp,http,REJ,0,0,0,0,0,0,0,0,0,0,0,0,0,0,0,0,0,0,254,4,0.0,0.0,1.0,1.0,0.02,0.07,0.0,255,4,0.02,0.07,0.0,0.0,0.0,0.0,1.0,1.0,anomaly,normal,anomaly
3965,0,tcp,private,REJ,0,0,0,0,0,0,0,0,0,0,0,0,0,0,0,0,0,0,1,1,0.0,0.0,1.0,1.0,1.0,0.0,0.0,255,1,0.0,0.47,0.44,0.0,0.0,0.0,0.45,1.0,anomaly,normal,anomaly
6626,0,tcp,auth,REJ,0,0,0,0,0,0,0,0,0,0,0,0,0,0,0,0,0,0,231,5,0.0,0.0,1.0,1.0,0.02,0.07,0.0,255,5,0.02,0.08,0.0,0.0,0.0,0.0,1.0,1.0,anomaly,normal,anomaly
5162,5954,tcp,IRC,RSTR,861,9304,0,0,0,0,0,0,0,0,0,0,0,0,0,0,0,0,1,1,0.0,0.0,1.0,1.0,1.0,0.0,0.0,27,8,0.3,0.11,0.04,0.0,0.0,0.0,0.3,1.0,normal,anomaly,normal
6165,0,tcp,Z39_50,S0,0,0,0,0,0,0,0,0,0,0,0,0,0,0,0,0,0,0,109,6,1.0,1.0,0.0,0.0,0.06,0.06,0.0,255,9,0.04,0.07,0.0,0.0,1.0,1.0,0.0,0.0,anomaly,normal,anomaly
15013,0,tcp,http,S0,0,0,0,0,0,0,0,0,0,0,0,0,0,0,0,0,0,0,172,7,1.0,1.0,0.0,0.0,0.04,0.06,0.0,255,7,0.03,0.05,0.0,0.0,1.0,1.0,0.0,0.0,anomaly,normal,anomaly
5123,0,tcp,private,S0,0,0,0,0,0,0,0,0,0,0,0,0,0,0,0,0,0,0,161,1,1.0,1.0,0.0,0.0,0.01,0.06,0.0,255,8,0.03,0.07,0.0,0.0,1.0,1.0,0.0,0.0,anomaly,normal,anomaly
17875,0,tcp,private,REJ,0,0,0,0,0,0,0,0,0,0,0,0,0,0,0,0,0,0,150,1,0.01,0.0,0.95,1.0,0.01,1.0,0.0,255,1,0.0,0.62,0.0,0.0,0.0,0.0,0.57,1.0,anomaly,normal,anomaly
12992,0,tcp,auth,REJ,0,0,0,0,0,0,0,0,0,0,0,0,0,0,0,0,0,0,228,6,0.0,0.0,1.0,1.0,0.03,0.07,0.0,255,6,0.02,0.07,0.0,0.0,0.0,0.0,1.0,1.0,anomaly,normal,anomaly
15615,0,tcp,private,REJ,0,0,0,0,0,0,0,0,0,0,0,0,0,0,0,0,0,0,20,1,0.0,0.0,0.95,1.0,0.05,1.0,0.0,138,1,0.01,0.25,0.01,0.0,0.0,0.0,0.16,1.0,anomaly,normal,anomaly
6608,0,udp,private,SF,1,0,0,0,0,0,0,0,0,0,0,0,0,0,0,0,0,0,5,1,0.0,0.0,0.0,0.0,0.2,0.4,0.0,255,1,0.0,0.72,0.36,0.0,0.02,0.0,0.62,0.0,anomaly,normal,anomaly
23066,0,tcp,time,RSTO,0,0,0,0,0,0,0,0,0,0,0,0,0,0,0,0,0,0,237,19,0.0,0.0,1.0,1.0,0.08,0.07,0.0,255,19,0.07,0.07,0.0,0.0,0.0,0.0,1.0,1.0,anomaly,normal,anomaly
7130,0,tcp,private,S0,0,0,0,0,0,0,0,0,0,0,0,0,0,0,0,0,0,0,146,5,1.0,1.0,0.0,0.0,0.03,0.06,0.0,255,2,0.01,0.07,0.0,0.0,1.0,1.0,0.0,0.0,anomaly,normal,anomaly
16055,0,tcp,bgp,S0,0,0,0,0,0,0,0,0,0,0,0,0,0,0,0,0,0,0,144,4,1.0,1.0,0.0,0.0,0.03,0.07,0.0,255,4,0.02,0.07,0.0,0.0,1.0,1.0,0.0,0.0,anomaly,normal,anomaly
1489,0,tcp,courier,S0,0,0,0,0,0,0,0,0,0,0,0,0,0,0,0,0,0,0,113,5,1.0,1.0,0.0,0.0,0.04,0.06,0.0,255,5,0.02,0.05,0.0,0.0,1.0,1.0,0.0,0.0,anomaly,normal,anomaly
10719,0,tcp,private,S0,0,0,0,0,0,0,0,0,0,0,0,0,0,0,0,0,0,0,1,1,1.0,1.0,0.0,0.0,1.0,0.0,0.0,255,15,0.06,0.08,0.0,0.0,1.0,1.0,0.0,0.0,anomaly,normal,anomaly
21186,0,tcp,Z39_50,REJ,0,0,0,0,0,0,0,0,0,0,0,0,0,0,0,0,0,0,211,7,0.0,0.0,1.0,1.0,0.03,0.07,0.0,255,7,0.03,0.07,0.0,0.0,0.0,0.0,1.0,1.0,anomaly,normal,anomaly
14369,0,tcp,bgp,S0,0,0,0,0,0,0,0,0,0,0,0,0,0,0,0,0,0,0,298,10,1.0,1.0,0.0,0.0,0.03,0.05,0.0,255,1,0.0,0.09,0.0,0.0,1.0,1.0,0.0,0.0,anomaly,normal,anomaly
9501,0,tcp,sunrpc,S0,0,0,0,0,0,0,0,0,0,0,0,0,0,0,0,0,0,0,266,4,1.0,1.0,0.0,0.0,0.02,0.07,0.0,255,4,0.02,0.07,0.0,0.0,1.0,1.0,0.0,0.0,anomaly,normal,anomaly
159,0,tcp,whois,S0,0,0,0,0,0,0,0,0,0,0,0,0,0,0,0,0,0,0,251,3,1.0,1.0,0.0,0.0,0.01,0.07,0.0,255,3,0.01,0.08,0.0,0.0,1.0,1.0,0.0,0.0,anomaly,normal,anomaly
21008,0,tcp,efs,S0,0,0,0,0,0,0,0,0,0,0,0,0,0,0,0,0,0,0,148,19,1.0,1.0,0.0,0.0,0.13,0.05,0.0,255,19,0.07,0.06,0.0,0.0,1.0,1.0,0.0,0.0,anomaly,normal,anomaly
14824,0,tcp,telnet,S0,0,0,0,0,0,0,0,0,0,0,0,0,0,0,0,0,0,0,228,7,1.0,1.0,0.0,0.0,0.03,0.06,0.0,255,8,0.03,0.07,0.0,0.0,1.0,1.0,0.0,0.0,anomaly,normal,anomaly
24890,0,tcp,nnsp,S0,0,0,0,0,0,0,0,0,0,0,0,0,0,0,0,0,0,0,253,24,1.0,1.0,0.0,0.0,0.09,0.05,0.0,255,24,0.09,0.05,0.0,0.0,1.0,1.0,0.0,0.0,anomaly,normal,anomaly
5413,0,tcp,private,S0,0,0,0,0,0,0,0,0,0,0,0,0,0,0,0,0,0,0,125,13,1.0,1.0,0.0,0.0,0.1,0.07,0.0,255,12,0.05,0.07,0.0,0.0,1.0,1.0,0.0,0.0,anomaly,normal,anomaly
16041,0,tcp,private,S0,0,0,0,0,0,0,0,0,0,0,0,0,0,0,0,0,0,0,135,14,1.0,1.0,0.0,0.0,0.1,0.06,0.0,239,6,0.03,0.08,0.0,0.0,1.0,1.0,0.0,0.0,anomaly,normal,anomaly
5122,4,tcp,ftp_data,SF,2194619,0,0,0,0,0,0,1,0,0,0,0,0,0,0,0,0,0,1,1,0.0,0.0,0.0,0.0,1.0,0.0,0.0,151,65,0.32,0.02,0.32,0.03,0.0,0.0,0.0,0.0,normal,anomaly,normal
17034,0,tcp,efs,S0,0,0,0,0,0,0,0,0,0,0,0,0,0,0,0,0,0,0,134,19,1.0,1.0,0.0,0.0,0.14,0.05,0.0,255,19,0.07,0.06,0.0,0.0,1.0,1.0,0.0,0.0,anomaly,normal,anomaly
1202,0,tcp,echo,S0,0,0,0,0,0,0,0,0,0,0,0,0,0,0,0,0,0,0,281,16,1.0,1.0,0.0,0.0,0.06,0.05,0.0,255,2,0.01,0.07,0.0,0.0,1.0,1.0,0.0,0.0,anomaly,normal,anomaly
10077,0,tcp,daytime,S0,0,0,0,0,0,0,0,0,0,0,0,0,0,0,0,0,0,0,258,5,1.0,1.0,0.0,0.0,0.02,0.06,0.0,255,5,0.02,0.05,0.0,0.0,1.0,1.0,0.0,0.0,anomaly,normal,anomaly
14536,0,tcp,private,S0,0,0,0,0,0,0,0,0,0,0,0,0,0,0,0,0,0,0,123,14,1.0,1.0,0.0,0.0,0.11,0.06,0.0,255,11,0.04,0.07,0.0,0.0,1.0,1.0,0.0,0.0,anomaly,normal,anomaly
23596,0,tcp,private,RSTR,0,0,0,0,0,0,0,0,0,0,0,0,0,0,0,0,0,0,1,1,0.0,0.0,1.0,1.0,1.0,0.0,0.0,255,1,0.0,0.39,0.37,0.0,0.0,0.0,0.38,1.0,anomaly,normal,anomaly
24188,0,tcp,private,S0,0,0,0,0,0,0,0,0,0,0,0,0,0,0,0,0,0,0,267,5,1.0,1.0,0.0,0.0,0.02,0.06,0.0,255,15,0.06,0.06,0.0,0.0,1.0,1.0,0.0,0.0,anomaly,normal,anomaly
19174,0,tcp,private,S0,0,0,0,0,0,0,0,0,0,0,0,0,0,0,0,0,0,0,57,12,1.0,1.0,0.0,0.0,0.21,0.11,0.0,255,12,0.05,0.07,0.0,0.0,1.0,1.0,0.0,0.0,anomaly,normal,anomaly
10075,0,tcp,private,S0,0,0,0,0,0,0,0,0,0,0,0,0,0,0,0,0,0,0,284,10,1.0,1.0,0.0,0.0,0.04,0.06,0.0,255,11,0.04,0.09,0.0,0.0,1.0,1.0,0.0,0.0,anomaly,normal,anomaly
23636,0,tcp,http,SF,54540,8314,0,0,0,2,0,1,1,0,0,0,0,0,0,0,0,0,4,4,0.0,0.0,0.0,0.0,1.0,0.0,0.0,67,67,1.0,0.0,0.01,0.0,0.01,0.01,0.01,0.01,anomaly,normal,anomaly
23324,0,tcp,finger,S0,0,0,0,0,0,0,0,0,0,0,0,0,0,0,0,0,0,0,79,20,1.0,1.0,0.0,0.0,0.25,0.05,0.0,255,60,0.24,0.02,0.01,0.0,1.0,1.0,0.0,0.0,anomaly,normal,anomaly
15590,0,tcp,efs,S0,0,0,0,0,0,0,0,0,0,0,0,0,0,0,0,0,0,0,107,2,1.0,1.0,0.0,0.0,0.02,0.07,0.0,255,2,0.01,0.06,0.0,0.0,1.0,1.0,0.0,0.0,anomaly,normal,anomaly
23932,0,tcp,nnsp,S0,0,0,0,0,0,0,0,0,0,0,0,0,0,0,0,0,0,0,138,16,1.0,1.0,0.0,0.0,0.12,0.06,0.0,255,16,0.06,0.06,0.0,0.0,1.0,1.0,0.0,0.0,anomaly,normal,anomaly
1893,0,tcp,private,S0,0,0,0,0,0,0,0,0,0,0,0,0,0,0,0,0,0,0,98,18,1.0,1.0,0.0,0.0,0.18,0.05,0.0,255,17,0.07,0.07,0.0,0.0,1.0,1.0,0.0,0.0,anomaly,normal,anomaly
19916,0,tcp,private,REJ,0,0,0,0,0,0,0,0,0,0,0,0,0,0,0,0,0,0,272,8,0.0,0.0,1.0,1.0,0.03,0.06,0.0,255,24,0.09,0.07,0.0,0.0,0.0,0.0,1.0,1.0,anomaly,normal,anomaly
616,0,tcp,private,REJ,0,0,0,0,0,0,0,0,0,0,0,0,0,0,0,0,0,0,1,1,0.0,0.0,1.0,1.0,1.0,0.0,0.0,62,2,0.02,1.0,0.02,1.0,0.0,0.0,0.92,1.0,anomaly,normal,anomaly
5921,0,tcp,private,RSTR,0,0,0,0,0,0,0,0,0,0,0,0,0,0,0,0,0,0,1,1,0.0,0.0,1.0,1.0,1.0,0.0,0.0,107,1,0.01,0.56,0.55,0.0,0.06,0.0,0.53,1.0,anomaly,normal,anomaly
16081,0,tcp,private,SH,0,0,0,0,0,0,0,0,0,0,0,0,0,0,0,0,0,0,1,1,1.0,1.0,0.0,0.0,1.0,0.0,0.0,181,1,0.01,0.94,0.96,0.0,0.96,1.0,0.0,0.0,anomaly,normal,anomaly
13119,0,icmp,ecr_i,SF,1480,0,0,1,0,0,0,0,0,0,0,0,0,0,0,0,0,0,14,14,0.0,0.0,0.0,0.0,1.0,0.0,0.0,255,14,0.05,0.02,0.05,0.0,0.0,0.0,0.0,0.0,anomaly,normal,anomaly
24248,0,tcp,private,S0,0,0,0,0,0,0,0,0,0,0,0,0,0,0,0,0,0,0,41,9,1.0,1.0,0.0,0.0,0.22,0.12,0.0,255,11,0.04,0.08,0.0,0.0,1.0,1.0,0.0,0.0,anomaly,normal,anomaly
20788,0,tcp,private,S0,0,0,0,0,0,0,0,0,0,0,0,0,0,0,0,0,0,0,300,15,1.0,1.0,0.0,0.0,0.05,0.05,0.0,255,15,0.06,0.07,0.0,0.0,1.0,1.0,0.0,0.0,anomaly,normal,anomaly
11440,0,tcp,private,REJ,0,0,0,0,0,0,0,0,0,0,0,0,0,0,0,0,0,0,1,1,0.0,0.0,1.0,1.0,1.0,0.0,0.0,255,1,0.0,0.85,0.84,0.0,0.0,0.0,0.84,1.0,anomaly,normal,anomaly
20993,0,tcp,netstat,S0,0,0,0,0,0,0,0,0,0,0,0,0,0,0,0,0,0,0,256,2,1.0,1.0,0.0,0.0,0.01,0.07,0.0,255,2,0.01,0.07,0.0,0.0,1.0,1.0,0.0,0.0,anomaly,normal,anomaly
15306,0,tcp,mtp,S0,0,0,0,0,0,0,0,0,0,0,0,0,0,0,0,0,0,0,267,13,1.0,1.0,0.0,0.0,0.05,0.06,0.0,255,13,0.05,0.08,0.0,0.0,1.0,1.0,0.0,0.0,anomaly,normal,anomaly
22404,0,tcp,whois,REJ,0,0,0,0,0,0,0,0,0,0,0,0,0,0,0,0,0,0,218,10,0.0,0.0,1.0,1.0,0.05,0.06,0.0,255,10,0.04,0.08,0.0,0.0,0.0,0.0,1.0,1.0,anomaly,normal,anomaly
4757,0,tcp,private,S0,0,0,0,0,0,0,0,0,0,0,0,0,0,0,0,0,0,0,233,10,1.0,1.0,0.0,0.0,0.04,0.07,0.0,255,4,0.02,0.06,0.0,0.0,1.0,1.0,0.0,0.0,anomaly,normal,anomaly
10894,0,tcp,private,S0,0,0,0,0,0,0,0,0,0,0,0,0,0,0,0,0,0,0,108,15,1.0,1.0,0.0,0.0,0.14,0.06,0.0,255,5,0.02,0.06,0.0,0.0,1.0,1.0,0.0,0.0,anomaly,normal,anomaly
2490,0,tcp,name,REJ,0,0,0,0,0,0,0,0,0,0,0,0,0,0,0,0,0,0,102,4,0.0,0.0,1.0,1.0,0.04,0.08,0.0,255,4,0.02,0.08,0.0,0.0,0.0,0.0,1.0,1.0,anomaly,normal,anomaly
23539,0,tcp,private,S0,0,0,0,0,0,0,0,0,0,0,0,0,0,0,0,0,0,0,135,1,1.0,1.0,0.0,0.0,0.01,0.06,0.0,255,6,0.02,0.08,0.0,0.0,1.0,1.0,0.0,0.0,anomaly,normal,anomaly
17515,0,tcp,private,REJ,0,0,0,0,0,0,0,0,0,0,0,0,0,0,0,0,0,0,269,1,0.03,0.0,0.94,1.0,0.0,1.0,0.0,255,1,0.0,0.97,0.0,0.0,0.04,0.0,0.92,1.0,anomaly,normal,anomaly
16818,0,tcp,private,S0,0,0,0,0,0,0,0,0,0,0,0,0,0,0,0,0,0,0,226,15,1.0,1.0,0.0,0.0,0.07,0.06,0.0,255,6,0.02,0.08,0.0,0.0,1.0,1.0,0.0,0.0,anomaly,normal,anomaly
20209,0,icmp,ecr_i,SF,1480,0,0,1,0,0,0,0,0,0,0,0,0,0,0,0,0,0,1,3,0.0,0.0,0.0,0.0,1.0,0.0,0.67,3,13,0.33,0.67,0.33,0.54,0.0,0.0,0.0,0.0,anomaly,normal,anomaly
9993,25,tcp,private,RSTR,0,0,0,0,0,0,0,0,0,0,0,0,0,0,0,0,0,0,1,1,0.0,0.0,1.0,1.0,1.0,0.0,0.0,255,1,0.0,1.0,1.0,0.0,0.0,0.0,1.0,1.0,anomaly,normal,anomaly
8129,0,tcp,private,S0,0,0,0,0,0,0,0,0,0,0,0,0,0,0,0,0,0,0,170,15,1.0,1.0,0.0,0.0,0.09,0.06,0.0,255,15,0.06,0.05,0.0,0.0,1.0,1.0,0.0,0.0,anomaly,normal,anomaly
23956,0,tcp,private,S0,0,0,0,0,0,0,0,0,0,0,0,0,0,0,0,0,0,0,227,4,1.0,1.0,0.0,0.0,0.02,0.06,0.0,255,4,0.02,0.08,0.0,0.0,1.0,1.0,0.0,0.0,anomaly,normal,anomaly
20745,0,tcp,private,S0,0,0,0,0,0,0,0,0,0,0,0,0,0,0,0,0,0,0,93,13,1.0,1.0,0.0,0.0,0.14,0.05,0.0,255,8,0.03,0.07,0.0,0.0,1.0,1.0,0.0,0.0,anomaly,normal,anomaly
22714,0,icmp,eco_i,SF,8,0,0,0,0,0,0,0,0,0,0,0,0,0,0,0,0,0,1,40,0.0,0.0,0.0,0.0,1.0,0.0,1.0,2,222,1.0,0.0,1.0,0.5,0.0,0.0,0.0,0.0,anomaly,normal,anomaly
12032,0,tcp,systat,S0,0,0,0,0,0,0,0,0,0,0,0,0,0,0,0,0,0,0,283,19,1.0,1.0,0.0,0.0,0.07,0.06,0.0,255,1,0.0,0.07,0.0,0.0,1.0,1.0,0.0,0.0,anomaly,normal,anomaly
12052,0,tcp,finger,S0,0,0,0,0,0,0,0,0,0,0,0,0,0,0,0,0,0,0,22,2,1.0,1.0,0.0,0.0,0.09,0.09,0.0,64,7,0.03,0.06,0.06,0.29,0.97,0.29,0.0,0.0,anomaly,normal,anomaly
6504,0,tcp,vmnet,S0,0,0,0,0,0,0,0,0,0,0,0,0,0,0,0,0,0,0,291,23,1.0,1.0,0.0,0.0,0.08,0.04,0.0,255,23,0.09,0.05,0.0,0.0,1.0,1.0,0.0,0.0,anomaly,normal,anomaly
5796,0,tcp,http,REJ,0,0,0,0,0,0,0,0,0,0,0,0,0,0,0,0,0,0,234,1,0.0,0.0,1.0,1.0,0.0,0.07,0.0,255,1,0.0,0.08,0.0,0.0,0.0,0.0,1.0,1.0,anomaly,normal,anomaly
4380,0,tcp,private,S0,0,0,0,0,0,0,0,0,0,0,0,0,0,0,0,0,0,0,120,3,1.0,1.0,0.0,0.0,0.03,0.06,0.0,255,18,0.07,0.06,0.0,0.0,1.0,1.0,0.0,0.0,anomaly,normal,anomaly
24700,0,tcp,login,S0,0,0,0,0,0,0,0,0,0,0,0,0,0,0,0,0,0,0,112,1,1.0,1.0,0.0,0.0,0.01,0.07,0.0,255,15,0.06,0.08,0.0,0.0,1.0,1.0,0.0,0.0,anomaly,normal,anomaly
4989,0,tcp,whois,REJ,0,0,0,0,0,0,0,0,0,0,0,0,0,0,0,0,0,0,135,5,0.0,0.0,1.0,1.0,0.04,0.07,0.0,255,5,0.02,0.07,0.0,0.0,0.0,0.0,1.0,1.0,anomaly,normal,anomaly
8548,0,tcp,netbios_ssn,REJ,0,0,0,0,0,0,0,0,0,0,0,0,0,0,0,0,0,0,151,13,0.0,0.0,1.0,1.0,0.09,0.07,0.0,255,13,0.05,0.07,0.0,0.0,0.0,0.0,1.0,1.0,anomaly,normal,anomaly
4014,0,tcp,finger,S0,0,0,0,0,0,0,0,0,0,0,0,0,0,0,0,0,0,0,55,20,1.0,1.0,0.0,0.0,0.36,0.07,0.0,255,40,0.16,0.06,0.01,0.0,1.0,1.0,0.0,0.0,anomaly,normal,anomaly
3288,0,tcp,exec,S0,0,0,0,0,0,0,0,0,0,0,0,0,0,0,0,0,0,0,146,25,1.0,1.0,0.0,0.0,0.17,0.05,0.0,255,25,0.1,0.05,0.0,0.0,1.0,1.0,0.0,0.0,anomaly,normal,anomaly
5942,0,tcp,whois,S0,0,0,0,0,0,0,0,0,0,0,0,0,0,0,0,0,0,0,171,1,1.0,1.0,0.0,0.0,0.01,0.06,0.0,255,3,0.01,0.06,0.0,0.0,1.0,1.0,0.0,0.0,anomaly,normal,anomaly
15258,0,tcp,telnet,S0,0,0,0,0,0,0,0,0,0,0,0,0,0,0,0,0,0,0,15,15,1.0,1.0,0.0,0.0,1.0,0.0,0.0,97,57,0.59,0.02,0.01,0.0,0.98,0.96,0.0,0.0,anomaly,normal,anomaly
20255,0,tcp,private,S0,0,0,0,0,0,0,0,0,0,0,0,0,0,0,0,0,0,0,283,1,1.0,1.0,0.0,0.0,0.0,0.06,0.0,255,6,0.02,0.07,0.0,0.0,1.0,1.0,0.0,0.0,anomaly,normal,anomaly
2769,0,tcp,uucp,S0,0,0,0,0,0,0,0,0,0,0,0,0,0,0,0,0,0,0,124,13,1.0,1.0,0.0,0.0,0.1,0.06,0.0,255,13,0.05,0.06,0.0,0.0,1.0,1.0,0.0,0.0,anomaly,normal,anomaly
10916,0,tcp,private,S0,0,0,0,0,0,0,0,0,0,0,0,0,0,0,0,0,0,0,9,3,1.0,1.0,0.0,0.0,0.33,0.33,0.0,255,3,0.01,0.07,0.0,0.0,1.0,1.0,0.0,0.0,anomaly,normal,anomaly
20057,0,tcp,telnet,S0,0,0,0,0,0,0,0,0,0,0,0,0,0,0,0,0,0,0,38,8,1.0,1.0,0.0,0.0,0.21,0.11,0.0,120,31,0.25,0.03,0.03,0.06,0.98,0.9,0.0,0.0,anomaly,normal,anomaly
241,0,icmp,eco_i,SF,18,0,0,0,0,0,0,0,0,0,0,0,0,0,0,0,0,0,1,1,0.0,0.0,0.0,0.0,1.0,0.0,0.0,1,123,1.0,0.0,1.0,1.0,0.0,0.0,0.0,0.0,anomaly,normal,anomaly
7038,0,tcp,systat,S0,0,0,0,0,0,0,0,0,0,0,0,0,0,0,0,0,0,0,281,22,1.0,1.0,0.0,0.0,0.08,0.05,0.0,255,22,0.09,0.05,0.0,0.0,1.0,1.0,0.0,0.0,anomaly,normal,anomaly
22957,0,tcp,private,S0,0,0,0,0,0,0,0,0,0,0,0,0,0,0,0,0,0,0,121,1,1.0,1.0,0.0,0.0,0.01,0.07,0.0,69,1,0.01,0.1,0.01,0.0,1.0,1.0,0.0,0.0,anomaly,normal,anomaly
3505,0,tcp,private,S0,0,0,0,0,0,0,0,0,0,0,0,0,0,0,0,0,0,0,109,5,1.0,1.0,0.0,0.0,0.05,0.07,0.0,255,11,0.04,0.08,0.0,0.0,1.0,1.0,0.0,0.0,anomaly,normal,anomaly
17505,0,tcp,private,S0,0,0,0,0,0,0,0,0,0,0,0,0,0,0,0,0,0,0,113,13,1.0,1.0,0.0,0.0,0.12,0.06,0.0,255,20,0.08,0.06,0.0,0.0,1.0,1.0,0.0,0.0,anomaly,normal,anomaly
11337,0,udp,other,SF,1,0,0,0,0,0,0,0,0,0,0,0,0,0,0,0,0,0,28,6,0.0,0.0,0.0,0.0,0.21,0.11,0.0,255,6,0.02,0.06,1.0,0.0,0.0,0.0,0.0,0.0,anomaly,normal,anomaly
21388,0,tcp,auth,S0,0,0,0,0,0,0,0,0,0,0,0,0,0,0,0,0,0,0,199,8,1.0,1.0,0.0,0.0,0.04,0.07,0.0,255,8,0.03,0.07,0.0,0.0,1.0,1.0,0.0,0.0,anomaly,normal,anomaly
21777,0,tcp,private,REJ,0,0,0,0,0,0,0,0,0,0,0,0,0,0,0,0,0,0,246,1,0.1,0.0,0.89,1.0,0.0,1.0,0.0,255,1,0.0,1.0,0.0,0.0,0.1,0.0,0.87,1.0,anomaly,normal,anomaly
21094,0,udp,private,SF,1,0,0,0,0,0,0,0,0,0,0,0,0,0,0,0,0,0,17,2,0.0,0.0,0.0,0.0,0.12,0.24,0.0,255,46,0.18,0.29,1.0,0.0,0.0,0.0,0.0,0.0,anomaly,normal,anomaly
11656,0,tcp,courier,S0,0,0,0,0,0,0,0,0,0,0,0,0,0,0,0,0,0,0,111,18,1.0,1.0,0.0,0.0,0.16,0.05,0.0,255,18,0.07,0.04,0.0,0.0,1.0,1.0,0.0,0.0,anomaly,normal,anomaly
6791,0,tcp,private,S0,0,0,0,0,0,0,0,0,0,0,0,0,0,0,0,0,0,0,103,3,1.0,1.0,0.0,0.0,0.03,0.06,0.0,255,26,0.1,0.06,0.0,0.0,1.0,1.0,0.0,0.0,anomaly,normal,anomaly
9775,0,icmp,ecr_i,SF,1032,0,0,0,0,0,0,0,0,0,0,0,0,0,0,0,0,0,54,54,0.0,0.0,0.0,0.0,1.0,0.0,0.0,172,78,0.45,0.04,0.45,0.0,0.01,0.0,0.37,0.0,anomaly,normal,anomaly
5136,0,tcp,http,S0,0,0,0,0,0,0,0,0,0,0,0,0,0,0,0,0,0,0,33,8,1.0,1.0,0.0,0.0,0.24,0.12,0.0,255,28,0.11,0.07,0.01,0.0,1.0,1.0,0.0,0.0,anomaly,normal,anomaly
14074,0,tcp,iso_tsap,REJ,0,0,0,0,0,0,0,0,0,0,0,0,0,0,0,0,0,0,253,17,0.0,0.0,1.0,1.0,0.07,0.06,0.0,255,17,0.07,0.07,0.0,0.0,0.0,0.0,1.0,1.0,anomaly,normal,anomaly
10040,0,tcp,supdup,S0,0,0,0,0,0,0,0,0,0,0,0,0,0,0,0,0,0,0,227,14,1.0,1.0,0.0,0.0,0.06,0.07,0.0,255,14,0.05,0.08,0.0,0.0,1.0,1.0,0.0,0.0,anomaly,normal,anomaly
13359,0,tcp,http,S0,0,0,0,0,0,0,0,0,0,0,0,0,0,0,0,0,0,0,80,20,1.0,1.0,0.0,0.0,0.25,0.05,0.0,160,40,0.25,0.03,0.03,0.0,1.0,1.0,0.0,0.0,anomaly,normal,anomaly
10603,0,tcp,private,S0,0,0,0,0,0,0,0,0,0,0,0,0,0,0,0,0,0,0,110,9,1.0,1.0,0.0,0.0,0.08,0.07,0.0,255,9,0.04,0.07,0.0,0.0,1.0,1.0,0.0,0.0,anomaly,normal,anomaly
17066,0,tcp,courier,S0,0,0,0,0,0,0,0,0,0,0,0,0,0,0,0,0,0,0,126,8,1.0,1.0,0.0,0.0,0.06,0.06,0.0,255,1,0.0,0.07,0.0,0.0,1.0,1.0,0.0,0.0,anomaly,normal,anomaly
5795,0,udp,private,SF,28,0,0,3,0,0,0,0,0,0,0,0,0,0,0,0,0,0,83,83,0.0,0.0,0.0,0.0,1.0,0.0,0.0,255,83,0.33,0.64,0.33,0.0,0.01,0.0,0.52,0.0,anomaly,normal,anomaly
23852,0,tcp,login,RSTO,0,0,0,0,0,0,0,0,0,0,0,0,0,0,0,0,0,0,108,6,0.0,0.0,1.0,1.0,0.06,0.07,0.0,255,6,0.02,0.07,0.0,0.0,0.0,0.0,1.0,1.0,anomaly,normal,anomaly
9245,0,tcp,private,S0,0,0,0,0,0,0,0,0,0,0,0,0,0,0,0,0,0,0,117,5,1.0,1.0,0.0,0.0,0.04,0.07,0.0,255,5,0.02,0.06,0.0,0.0,1.0,1.0,0.0,0.0,anomaly,normal,anomaly
10289,0,tcp,private,S0,0,0,0,0,0,0,0,0,0,0,0,0,0,0,0,0,0,0,57,21,1.0,1.0,0.0,0.0,0.37,0.07,0.0,255,21,0.08,0.06,0.0,0.0,1.0,1.0,0.0,0.0,anomaly,normal,anomaly
10758,0,tcp,private,S0,0,0,0,0,0,0,0,0,0,0,0,0,0,0,0,0,0,0,129,16,1.0,1.0,0.0,0.0,0.12,0.06,0.0,255,11,0.04,0.06,0.0,0.0,1.0,1.0,0.0,0.0,anomaly,normal,anomaly
629,0,tcp,uucp,RSTO,0,0,0,0,0,0,0,0,0,0,0,0,0,0,0,0,0,0,110,16,0.0,0.0,1.0,1.0,0.15,0.06,0.0,255,16,0.06,0.07,0.0,0.0,0.0,0.0,1.0,1.0,anomaly,normal,anomaly
13784,0,tcp,hostnames,S0,0,0,0,0,0,0,0,0,0,0,0,0,0,0,0,0,0,0,293,17,1.0,1.0,0.0,0.0,0.06,0.06,0.0,255,7,0.03,0.08,0.0,0.0,1.0,1.0,0.0,0.0,anomaly,normal,anomaly
718,0,tcp,domain,S0,0,0,0,0,0,0,0,0,0,0,0,0,0,0,0,0,0,0,276,20,1.0,1.0,0.0,0.0,0.07,0.05,0.0,255,20,0.08,0.05,0.0,0.0,1.0,1.0,0.0,0.0,anomaly,normal,anomaly
20387,0,tcp,uucp,RSTO,0,0,0,0,0,0,0,0,0,0,0,0,0,0,0,0,0,0,118,14,0.0,0.0,1.0,1.0,0.12,0.07,0.0,255,14,0.05,0.06,0.0,0.0,0.0,0.0,1.0,1.0,anomaly,normal,anomaly
19263,0,tcp,private,REJ,0,0,0,0,0,0,0,0,0,0,0,0,0,0,0,0,0,0,2,1,0.0,0.0,1.0,1.0,0.5,1.0,0.0,255,1,0.0,0.95,0.94,0.0,0.0,0.0,0.94,1.0,anomaly,normal,anomaly
3863,0,tcp,http,REJ,0,0,0,0,0,0,0,0,0,0,0,0,0,0,0,0,0,0,109,14,0.0,0.0,1.0,1.0,0.13,0.06,0.0,255,12,0.05,0.07,0.0,0.0,0.0,0.0,1.0,1.0,anomaly,normal,anomaly
10722,0,tcp,private,S0,0,0,0,0,0,0,0,0,0,0,0,0,0,0,0,0,0,0,236,11,1.0,1.0,0.0,0.0,0.05,0.07,0.0,255,11,0.04,0.04,0.0,0.0,1.0,1.0,0.0,0.0,anomaly,normal,anomaly
14981,0,tcp,telnet,S0,0,0,0,0,0,0,0,0,0,0,0,0,0,0,0,0,0,0,237,19,1.0,1.0,0.0,0.0,0.08,0.05,0.0,255,19,0.07,0.06,0.0,0.0,1.0,1.0,0.0,0.0,anomaly,normal,anomaly
22747,0,tcp,login,S0,0,0,0,0,0,0,0,0,0,0,0,0,0,0,0,0,0,0,76,5,1.0,1.0,0.0,0.0,0.07,0.08,0.0,255,5,0.02,0.06,0.0,0.0,1.0,1.0,0.0,0.0,anomaly,normal,anomaly
19064,0,icmp,ecr_i,SF,1032,0,0,0,0,0,0,0,0,0,0,0,0,0,0,0,0,0,13,13,0.0,0.0,0.0,0.0,1.0,0.0,0.0,255,255,1.0,0.0,1.0,0.0,0.0,0.0,0.0,0.0,anomaly,normal,anomaly
16351,0,tcp,private,S0,0,0,0,0,0,0,0,0,0,0,0,0,0,0,0,0,0,0,30,1,1.0,1.0,0.0,0.0,0.03,0.17,0.0,255,18,0.07,0.08,0.0,0.0,1.0,1.0,0.0,0.0,anomaly,normal,anomaly
2178,0,tcp,supdup,S0,0,0,0,0,0,0,0,0,0,0,0,0,0,0,0,0,0,0,229,12,1.0,1.0,0.0,0.0,0.05,0.06,0.0,255,12,0.05,0.07,0.0,0.0,1.0,1.0,0.0,0.0,anomaly,normal,anomaly
25043,0,tcp,imap4,REJ,0,0,0,0,0,0,0,0,0,0,0,0,0,0,0,0,0,0,254,14,0.0,0.0,1.0,1.0,0.06,0.07,0.0,255,14,0.05,0.07,0.0,0.0,0.0,0.0,1.0,1.0,anomaly,normal,anomaly
18796,0,tcp,private,REJ,0,0,0,0,0,0,0,0,0,0,0,0,0,0,0,0,0,0,141,13,0.0,0.0,1.0,1.0,0.09,0.06,0.0,216,13,0.06,0.06,0.0,0.0,0.0,0.0,1.0,1.0,anomaly,normal,anomaly
19840,0,tcp,supdup,S0,0,0,0,0,0,0,0,0,0,0,0,0,0,0,0,0,0,0,132,4,1.0,1.0,0.0,0.0,0.03,0.08,0.0,255,4,0.02,0.07,0.0,0.0,1.0,1.0,0.0,0.0,anomaly,normal,anomaly
22389,0,tcp,private,RSTR,0,0,0,0,0,0,0,0,0,0,0,0,0,0,0,0,0,0,1,1,0.0,0.0,1.0,1.0,1.0,0.0,0.0,255,1,0.0,0.2,0.18,0.0,0.0,0.0,0.18,1.0,anomaly,normal,anomaly
2371,0,tcp,private,S0,0,0,0,0,0,0,0,0,0,0,0,0,0,0,0,0,0,0,129,15,1.0,1.0,0.0,0.0,0.12,0.05,0.0,255,9,0.04,0.07,0.0,0.0,1.0,1.0,0.0,0.0,anomaly,normal,anomaly
11426,0,icmp,eco_i,SF,8,0,0,0,0,0,0,0,0,0,0,0,0,0,0,0,0,0,1,38,0.0,0.0,0.0,0.0,1.0,0.0,1.0,1,59,1.0,0.0,1.0,0.51,0.0,0.0,0.0,0.0,anomaly,normal,anomaly
16387,0,tcp,whois,S0,0,0,0,0,0,0,0,0,0,0,0,0,0,0,0,0,0,0,108,8,1.0,1.0,0.0,0.0,0.07,0.06,0.0,255,8,0.03,0.07,0.0,0.0,1.0,1.0,0.0,0.0,anomaly,normal,anomaly
16665,0,tcp,ftp_data,S0,0,0,0,0,0,0,0,0,0,0,0,0,0,0,0,0,0,0,76,18,1.0,1.0,0.0,0.0,0.24,0.05,0.0,255,57,0.22,0.04,0.0,0.0,1.0,1.0,0.0,0.0,anomaly,normal,anomaly
1273,0,tcp,uucp_path,S0,0,0,0,0,0,0,0,0,0,0,0,0,0,0,0,0,0,0,254,1,1.0,1.0,0.0,0.0,0.0,0.07,0.0,255,1,0.0,0.08,0.0,0.0,1.0,1.0,0.0,0.0,anomaly,normal,anomaly
8655,0,icmp,eco_i,SF,18,0,0,0,0,0,0,0,0,0,0,0,0,0,0,0,0,0,1,1,0.0,0.0,0.0,0.0,1.0,0.0,0.0,1,57,1.0,0.0,1.0,1.0,0.0,0.0,0.0,0.0,anomaly,normal,anomaly
74,0,tcp,private,S0,0,0,0,0,0,0,0,0,0,0,0,0,0,0,0,0,0,0,138,6,1.0,1.0,0.0,0.0,0.04,0.06,0.0,255,6,0.02,0.07,0.0,0.0,1.0,1.0,0.0,0.0,anomaly,normal,anomaly
12584,0,tcp,private,S0,0,0,0,0,0,0,0,0,0,0,0,0,0,0,0,0,0,0,290,2,1.0,1.0,0.0,0.0,0.01,0.06,0.0,255,2,0.01,0.07,0.0,0.0,1.0,1.0,0.0,0.0,anomaly,normal,anomaly
20574,0,tcp,private,S0,0,0,0,0,0,0,0,0,0,0,0,0,0,0,0,0,0,0,246,22,1.0,1.0,0.0,0.0,0.09,0.04,0.0,204,22,0.11,0.06,0.0,0.0,0.99,1.0,0.0,0.0,anomaly,normal,anomaly
8486,0,icmp,eco_i,SF,8,0,0,0,0,0,0,0,0,0,0,0,0,0,0,0,0,0,1,51,0.0,0.0,0.0,0.0,1.0,0.0,1.0,2,72,1.0,0.0,1.0,0.5,0.0,0.0,0.0,0.0,anomaly,normal,anomaly
13981,0,udp,private,SF,1,0,0,0,0,0,0,0,0,0,0,0,0,0,0,0,0,0,9,6,0.0,0.0,0.0,0.0,0.67,0.22,0.0,255,6,0.02,0.96,0.05,0.0,0.03,0.0,0.93,0.0,anomaly,normal,anomaly
6999,0,tcp,netbios_ssn,S0,0,0,0,0,0,0,0,0,0,0,0,0,0,0,0,0,0,0,241,19,1.0,1.0,0.0,0.0,0.08,0.05,0.0,255,19,0.07,0.07,0.0,0.0,1.0,1.0,0.0,0.0,anomaly,normal,anomaly
1018,0,tcp,auth,S0,0,0,0,0,0,0,0,0,0,0,0,0,0,0,0,0,0,0,206,4,1.0,1.0,0.0,0.0,0.02,0.07,0.0,255,4,0.02,0.07,0.0,0.0,1.0,1.0,0.0,0.0,anomaly,normal,anomaly
14661,0,tcp,private,S0,0,0,0,0,0,0,0,0,0,0,0,0,0,0,0,0,0,0,104,2,0.99,1.0,0.0,0.0,0.02,0.08,0.0,255,2,0.01,0.06,0.0,0.0,1.0,1.0,0.0,0.0,anomaly,normal,anomaly
7855,0,tcp,finger,S0,0,0,0,0,0,0,0,0,0,0,0,0,0,0,0,0,0,0,41,13,1.0,1.0,0.0,0.0,0.32,0.1,0.0,255,33,0.13,0.06,0.02,0.0,1.0,1.0,0.0,0.0,anomaly,normal,anomaly
10153,0,udp,private,SF,215,0,0,0,0,0,0,0,0,0,0,0,0,0,0,0,0,0,1,1,0.0,0.0,0.0,0.0,1.0,0.0,0.0,57,49,0.86,0.04,0.86,0.0,0.0,0.0,0.0,0.0,anomaly,normal,anomaly
5267,0,tcp,private,S0,0,0,0,0,0,0,0,0,0,0,0,0,0,0,0,0,0,0,229,20,1.0,1.0,0.0,0.0,0.09,0.06,0.0,255,13,0.05,0.07,0.0,0.0,1.0,1.0,0.0,0.0,anomaly,normal,anomaly
10855,0,tcp,bgp,S0,0,0,0,0,0,0,0,0,0,0,0,0,0,0,0,0,0,0,269,11,1.0,1.0,0.0,0.0,0.04,0.06,0.0,255,11,0.04,0.07,0.0,0.0,1.0,1.0,0.0,0.0,anomaly,normal,anomaly
15434,0,tcp,private,S0,0,0,0,0,0,0,0,0,0,0,0,0,0,0,0,0,0,0,298,20,1.0,1.0,0.0,0.0,0.07,0.06,0.0,255,4,0.02,0.06,0.0,0.0,1.0,1.0,0.0,0.0,anomaly,normal,anomaly
4677,12039,tcp,telnet,SF,798,276683,0,0,0,0,0,1,462,1,2,512,0,0,3,0,0,0,1,1,0.0,0.0,0.0,0.0,1.0,0.0,0.0,255,37,0.15,0.06,0.0,0.0,0.57,0.3,0.04,0.11,normal,anomaly,normal
2966,0,tcp,ftp_data,S0,0,0,0,0,0,0,0,0,0,0,0,0,0,0,0,0,0,0,118,13,1.0,1.0,0.0,0.0,0.11,0.07,0.0,255,13,0.05,0.08,0.0,0.0,1.0,1.0,0.0,0.0,anomaly,normal,anomaly
16251,0,tcp,hostnames,REJ,0,0,0,0,0,0,0,0,0,0,0,0,0,0,0,0,0,0,159,15,0.0,0.0,1.0,1.0,0.09,0.08,0.0,255,15,0.06,0.07,0.0,0.0,0.0,0.0,1.0,1.0,anomaly,normal,anomaly
1960,0,icmp,ecr_i,SF,1032,0,0,0,0,0,0,0,0,0,0,0,0,0,0,0,0,0,305,305,0.0,0.0,0.0,0.0,1.0,0.0,0.0,147,53,0.36,0.05,0.36,0.0,0.01,0.0,0.43,0.0,anomaly,normal,anomaly
23492,0,tcp,private,S0,0,0,0,0,0,0,0,0,0,0,0,0,0,0,0,0,0,0,50,4,1.0,1.0,0.0,0.0,0.08,0.12,0.0,255,16,0.06,0.09,0.0,0.0,1.0,1.0,0.0,0.0,anomaly,normal,anomaly
19695,0,tcp,private,S0,0,0,0,0,0,0,0,0,0,0,0,0,0,0,0,0,0,0,23,4,1.0,1.0,0.0,0.0,0.17,0.13,0.0,255,17,0.07,0.07,0.0,0.0,1.0,1.0,0.0,0.0,anomaly,normal,anomaly
10580,0,tcp,private,REJ,0,0,0,0,0,0,0,0,0,0,0,0,0,0,0,0,0,0,1,1,0.0,0.0,1.0,1.0,1.0,0.0,0.0,14,1,0.07,1.0,0.07,0.0,0.0,0.0,0.93,1.0,anomaly,normal,anomaly
10526,3,tcp,private,REJ,0,0,0,0,0,0,0,0,0,0,0,0,0,0,0,0,0,0,246,1,0.04,0.0,0.94,1.0,0.0,1.0,0.0,255,1,0.0,0.97,0.0,0.0,0.04,0.0,0.91,1.0,anomaly,normal,anomaly
11489,0,tcp,ctf,REJ,0,0,0,0,0,0,0,0,0,0,0,0,0,0,0,0,0,0,125,1,0.0,0.0,1.0,1.0,0.01,0.07,0.0,255,1,0.0,0.07,0.0,0.0,0.0,0.0,1.0,1.0,anomaly,normal,anomaly
23954,20252,tcp,telnet,RSTO,737,112155,0,0,0,0,0,1,457,1,2,508,0,0,2,0,0,0,1,1,0.0,0.0,1.0,1.0,1.0,0.0,0.0,54,14,0.26,0.11,0.02,0.0,0.02,0.07,0.04,0.14,normal,anomaly,normal
23011,0,tcp,hostnames,S0,0,0,0,0,0,0,0,0,0,0,0,0,0,0,0,0,0,0,292,25,1.0,1.0,0.0,0.0,0.09,0.05,0.0,255,25,0.1,0.05,0.0,0.0,1.0,1.0,0.0,0.0,anomaly,normal,anomaly
15867,0,icmp,eco_i,SF,8,0,0,0,0,0,0,0,0,0,0,0,0,0,0,0,0,0,1,13,0.0,0.0,0.0,0.0,1.0,0.0,1.0,3,41,1.0,0.0,1.0,0.27,0.0,0.0,0.0,0.0,anomaly,normal,anomaly
12830,0,tcp,private,REJ,0,0,0,0,0,0,0,0,0,0,0,0,0,0,0,0,0,0,106,18,0.0,0.0,1.0,1.0,0.17,0.08,0.0,255,18,0.07,0.06,0.0,0.0,0.0,0.0,1.0,1.0,anomaly,normal,anomaly
23600,0,tcp,domain,S0,0,0,0,0,0,0,0,0,0,0,0,0,0,0,0,0,0,0,234,4,1.0,1.0,0.0,0.0,0.02,0.07,0.0,255,4,0.02,0.07,0.0,0.0,1.0,1.0,0.0,0.0,anomaly,normal,anomaly
22346,0,tcp,supdup,S0,0,0,0,0,0,0,0,0,0,0,0,0,0,0,0,0,0,0,245,20,1.0,1.0,0.0,0.0,0.08,0.07,0.0,255,20,0.08,0.07,0.0,0.0,1.0,1.0,0.0,0.0,anomaly,normal,anomaly
22354,0,tcp,private,REJ,0,0,0,0,0,0,0,0,0,0,0,0,0,0,0,0,0,0,1,1,0.0,0.0,1.0,1.0,1.0,0.0,0.0,26,2,0.04,1.0,0.04,1.0,0.0,0.0,0.96,1.0,anomaly,normal,anomaly
16733,0,tcp,whois,S0,0,0,0,0,0,0,0,0,0,0,0,0,0,0,0,0,0,0,267,19,1.0,1.0,0.0,0.0,0.07,0.05,0.0,255,19,0.07,0.05,0.0,0.0,1.0,1.0,0.0,0.0,anomaly,normal,anomaly
10165,0,tcp,whois,S0,0,0,0,0,0,0,0,0,0,0,0,0,0,0,0,0,0,0,139,19,1.0,1.0,0.0,0.0,0.14,0.05,0.0,255,19,0.07,0.05,0.0,0.0,1.0,1.0,0.0,0.0,anomaly,normal,anomaly
9533,0,tcp,exec,S0,0,0,0,0,0,0,0,0,0,0,0,0,0,0,0,0,0,0,144,8,1.0,1.0,0.0,0.0,0.06,0.06,0.0,255,8,0.03,0.05,0.0,0.0,1.0,1.0,0.0,0.0,anomaly,normal,anomaly
10862,0,tcp,private,S0,0,0,0,0,0,0,0,0,0,0,0,0,0,0,0,0,0,0,168,25,1.0,1.0,0.0,0.0,0.15,0.05,0.0,255,25,0.1,0.05,0.0,0.0,1.0,1.0,0.0,0.0,anomaly,normal,anomaly
9340,0,tcp,telnet,S0,0,0,0,0,0,0,0,0,0,0,0,0,0,0,0,0,0,0,65,14,1.0,1.0,0.0,0.0,0.22,0.06,0.0,255,58,0.23,0.02,0.02,0.0,1.0,1.0,0.0,0.0,anomaly,normal,anomaly
8946,0,tcp,systat,S0,0,0,0,0,0,0,0,0,0,0,0,0,0,0,0,0,0,0,300,7,1.0,1.0,0.0,0.0,0.02,0.06,0.0,255,6,0.02,0.07,0.0,0.0,1.0,1.0,0.0,0.0,anomaly,normal,anomaly
9514,0,tcp,bgp,S0,0,0,0,0,0,0,0,0,0,0,0,0,0,0,0,0,0,0,291,3,1.0,1.0,0.0,0.0,0.01,0.05,0.0,255,5,0.02,0.07,0.0,0.0,1.0,1.0,0.0,0.0,anomaly,normal,anomaly
6933,0,tcp,vmnet,S0,0,0,0,0,0,0,0,0,0,0,0,0,0,0,0,0,0,0,286,7,1.0,1.0,0.0,0.0,0.02,0.06,0.0,255,8,0.03,0.08,0.0,0.0,1.0,1.0,0.0,0.0,anomaly,normal,anomaly
21047,0,tcp,csnet_ns,S0,0,0,0,0,0,0,0,0,0,0,0,0,0,0,0,0,0,0,143,4,1.0,1.0,0.0,0.0,0.03,0.06,0.0,255,2,0.01,0.07,0.0,0.0,1.0,1.0,0.0,0.0,anomaly,normal,anomaly
15873,0,tcp,private,S0,0,0,0,0,0,0,0,0,0,0,0,0,0,0,0,0,0,0,107,16,1.0,1.0,0.0,0.0,0.15,0.06,0.0,255,9,0.04,0.07,0.0,0.0,1.0,1.0,0.0,0.0,anomaly,normal,anomaly
9826,0,tcp,private,S0,0,0,0,0,0,0,0,0,0,0,0,0,0,0,0,0,0,0,124,8,1.0,1.0,0.0,0.0,0.06,0.06,0.0,255,14,0.05,0.07,0.0,0.0,1.0,1.0,0.0,0.0,anomaly,normal,anomaly
24828,0,udp,private,SF,1,0,0,0,0,0,0,0,0,0,0,0,0,0,0,0,0,0,17,5,0.0,0.0,0.0,0.0,0.29,0.12,0.0,255,50,0.2,0.21,1.0,0.0,0.0,0.0,0.0,0.0,anomaly,normal,anomaly
6333,0,tcp,private,REJ,0,0,0,0,0,0,0,0,0,0,0,0,0,0,0,0,0,0,253,8,0.0,0.0,1.0,1.0,0.03,0.07,0.0,255,8,0.03,0.09,0.0,0.0,0.0,0.0,1.0,1.0,anomaly,normal,anomaly
3032,0,icmp,eco_i,SF,8,0,0,0,0,0,0,0,0,0,0,0,0,0,0,0,0,0,1,10,0.0,0.0,0.0,0.0,1.0,0.0,1.0,3,207,1.0,0.0,1.0,0.25,0.0,0.0,0.0,0.0,anomaly,normal,anomaly
2167,0,tcp,vmnet,S0,0,0,0,0,0,0,0,0,0,0,0,0,0,0,0,0,0,0,294,20,1.0,1.0,0.0,0.0,0.07,0.04,0.0,255,20,0.08,0.05,0.0,0.0,1.0,1.0,0.0,0.0,anomaly,normal,anomaly
22769,0,tcp,rje,S0,0,0,0,0,0,0,0,0,0,0,0,0,0,0,0,0,0,0,210,5,1.0,1.0,0.0,0.0,0.02,0.07,0.0,255,5,0.02,0.08,0.0,0.0,1.0,1.0,0.0,0.0,anomaly,normal,anomaly
13308,0,tcp,private,S0,0,0,0,0,0,0,0,0,0,0,0,0,0,0,0,0,0,0,142,19,1.0,1.0,0.0,0.0,0.13,0.04,0.0,255,19,0.07,0.06,0.0,0.0,1.0,1.0,0.0,0.0,anomaly,normal,anomaly
24000,0,tcp,private,S0,0,0,0,0,0,0,0,0,0,0,0,0,0,0,0,0,0,0,124,3,1.0,1.0,0.0,0.0,0.02,0.06,0.0,255,3,0.01,0.06,0.0,0.0,1.0,1.0,0.0,0.0,anomaly,normal,anomaly
22302,0,tcp,http,S0,0,0,0,0,0,0,0,0,0,0,0,0,0,0,0,0,0,0,36,11,1.0,1.0,0.0,0.0,0.31,0.11,0.0,255,59,0.23,0.04,0.01,0.0,1.0,1.0,0.0,0.0,anomaly,normal,anomaly
23456,0,tcp,auth,S0,0,0,0,0,0,0,0,0,0,0,0,0,0,0,0,0,0,0,235,7,1.0,1.0,0.0,0.0,0.03,0.06,0.0,255,8,0.03,0.07,0.0,0.0,1.0,1.0,0.0,0.0,anomaly,normal,anomaly
212,0,tcp,iso_tsap,S0,0,0,0,0,0,0,0,0,0,0,0,0,0,0,0,0,0,0,277,17,1.0,1.0,0.0,0.0,0.06,0.05,0.0,255,17,0.07,0.07,0.0,0.0,1.0,1.0,0.0,0.0,anomaly,normal,anomaly
154,0,tcp,http_443,S0,0,0,0,0,0,0,0,0,0,0,0,0,0,0,0,0,0,0,143,15,1.0,1.0,0.0,0.0,0.1,0.06,0.0,255,15,0.06,0.05,0.0,0.0,1.0,1.0,0.0,0.0,anomaly,normal,anomaly
3666,0,tcp,efs,S0,0,0,0,0,0,0,0,0,0,0,0,0,0,0,0,0,0,0,145,20,1.0,1.0,0.0,0.0,0.14,0.06,0.0,255,2,0.01,0.07,0.0,0.0,1.0,1.0,0.0,0.0,anomaly,normal,anomaly
18296,0,tcp,printer,S0,0,0,0,0,0,0,0,0,0,0,0,0,0,0,0,0,0,0,114,12,1.0,1.0,0.0,0.0,0.11,0.07,0.0,255,12,0.05,0.07,0.0,0.0,1.0,1.0,0.0,0.0,anomaly,normal,anomaly
21618,0,tcp,private,REJ,0,0,0,0,0,0,0,0,0,0,0,0,0,0,0,0,0,0,118,4,0.0,0.0,1.0,1.0,0.03,0.07,0.0,93,4,0.04,0.09,0.01,0.0,0.0,0.0,1.0,1.0,anomaly,normal,anomaly
4916,0,icmp,eco_i,SF,8,0,0,0,0,0,0,0,0,0,0,0,0,0,0,0,0,0,1,4,0.0,0.0,0.0,0.0,1.0,0.0,1.0,2,28,1.0,0.0,1.0,0.54,0.0,0.0,0.0,0.0,anomaly,normal,anomaly
9955,0,tcp,sunrpc,S0,0,0,0,0,0,0,0,0,0,0,0,0,0,0,0,0,0,0,99,3,1.0,1.0,0.0,0.0,0.03,0.07,0.0,255,3,0.01,0.07,0.0,0.0,1.0,1.0,0.0,0.0,anomaly,normal,anomaly
7507,0,tcp,ssh,S0,0,0,0,0,0,0,0,0,0,0,0,0,0,0,0,0,0,0,282,1,1.0,1.0,0.0,0.0,0.0,0.06,0.0,255,5,0.02,0.09,0.0,0.0,1.0,1.0,0.0,0.0,anomaly,normal,anomaly
7044,0,tcp,http,S0,0,0,0,0,0,0,0,0,0,0,0,0,0,0,0,0,0,0,249,2,1.0,1.0,0.0,0.0,0.01,0.06,0.0,255,2,0.01,0.06,0.0,0.0,1.0,1.0,0.0,0.0,anomaly,normal,anomaly
21755,0,tcp,private,S0,0,0,0,0,0,0,0,0,0,0,0,0,0,0,0,0,0,0,204,2,1.0,1.0,0.0,0.0,0.01,0.06,0.0,255,5,0.02,0.08,0.0,0.0,1.0,1.0,0.0,0.0,anomaly,normal,anomaly
4355,0,tcp,netbios_ns,S0,0,0,0,0,0,0,0,0,0,0,0,0,0,0,0,0,0,0,95,15,1.0,1.0,0.0,0.0,0.16,0.05,0.0,255,4,0.02,0.07,0.0,0.0,1.0,1.0,0.0,0.0,anomaly,normal,anomaly
6828,0,tcp,gopher,REJ,0,0,0,0,0,0,0,0,0,0,0,0,0,0,0,0,0,0,144,8,0.0,0.0,1.0,1.0,0.06,0.08,0.0,255,8,0.03,0.08,0.0,0.0,0.0,0.0,1.0,1.0,anomaly,normal,anomaly
6287,0,tcp,private,S0,0,0,0,0,0,0,0,0,0,0,0,0,0,0,0,0,0,0,146,5,1.0,1.0,0.0,0.0,0.03,0.06,0.0,227,1,0.0,0.08,0.0,0.0,1.0,1.0,0.0,0.0,anomaly,normal,anomaly
5112,0,tcp,daytime,RSTO,0,0,0,0,0,0,0,0,0,0,0,0,0,0,0,0,0,0,221,1,0.0,0.0,1.0,1.0,0.0,0.07,0.0,255,1,0.0,0.07,0.0,0.0,0.0,0.0,1.0,1.0,anomaly,normal,anomaly
6409,0,tcp,name,S0,0,0,0,0,0,0,0,0,0,0,0,0,0,0,0,0,0,0,124,4,1.0,1.0,0.0,0.0,0.03,0.06,0.0,255,15,0.06,0.06,0.0,0.0,1.0,1.0,0.0,0.0,anomaly,normal,anomaly
40,0,tcp,ftp_data,S0,0,0,0,0,0,0,0,0,0,0,0,0,0,0,0,0,0,0,50,11,1.0,1.0,0.0,0.0,0.22,0.08,0.0,255,63,0.25,0.02,0.01,0.0,1.0,1.0,0.0,0.0,anomaly,normal,anomaly
5550,0,tcp,mtp,REJ,0,0,0,0,0,0,0,0,0,0,0,0,0,0,0,0,0,0,274,20,0.0,0.0,1.0,1.0,0.07,0.06,0.0,255,20,0.08,0.07,0.0,0.0,0.0,0.0,1.0,1.0,anomaly,normal,anomaly
3542,0,tcp,exec,RSTO,0,0,0,0,0,0,0,0,0,0,0,0,0,0,0,0,0,0,140,20,0.0,0.0,1.0,1.0,0.14,0.06,0.0,255,20,0.08,0.07,0.0,0.0,0.0,0.0,1.0,1.0,anomaly,normal,anomaly
16412,0,tcp,private,S0,0,0,0,0,0,0,0,0,0,0,0,0,0,0,0,0,0,0,218,6,1.0,1.0,0.0,0.0,0.03,0.07,0.0,255,6,0.02,0.06,0.0,0.0,1.0,1.0,0.0,0.0,anomaly,normal,anomaly
2768,0,tcp,auth,S0,0,0,0,0,0,0,0,0,0,0,0,0,0,0,0,0,0,0,259,12,1.0,1.0,0.0,0.0,0.05,0.06,0.0,255,12,0.05,0.07,0.0,0.0,1.0,1.0,0.0,0.0,anomaly,normal,anomaly
23994,1,tcp,private,RSTOS0,0,0,0,0,0,0,0,0,0,0,0,0,0,0,0,0,0,0,10,2,0.7,0.5,0.3,0.5,0.2,0.5,0.0,255,2,0.01,0.02,0.04,0.0,0.03,0.5,0.01,0.5,anomaly,normal,anomaly
24653,0,tcp,daytime,S0,0,0,0,0,0,0,0,0,0,0,0,0,0,0,0,0,0,0,258,5,1.0,1.0,0.0,0.0,0.02,0.07,0.0,255,6,0.02,0.08,0.0,0.0,1.0,1.0,0.0,0.0,anomaly,normal,anomaly
13720,0,tcp,finger,S0,0,0,0,0,0,0,0,0,0,0,0,0,0,0,0,0,0,0,23,6,1.0,1.0,0.0,0.0,0.26,0.17,0.0,255,27,0.11,0.06,0.01,0.0,1.0,1.0,0.0,0.0,anomaly,normal,anomaly
21585,0,tcp,private,S0,0,0,0,0,0,0,0,0,0,0,0,0,0,0,0,0,0,0,300,20,1.0,1.0,0.0,0.0,0.07,0.06,0.0,255,9,0.04,0.08,0.0,0.0,1.0,1.0,0.0,0.0,anomaly,normal,anomaly
6070,7232,tcp,X11,SF,7248552,1437092,0,0,0,0,0,1,0,0,0,0,0,0,0,0,0,0,2,2,0.0,0.0,0.0,0.0,1.0,0.0,0.0,11,2,0.18,0.36,0.09,0.0,0.0,0.0,0.0,0.0,normal,anomaly,normal
12778,0,tcp,ctf,S0,0,0,0,0,0,0,0,0,0,0,0,0,0,0,0,0,0,0,243,7,1.0,1.0,0.0,0.0,0.03,0.07,0.0,255,7,0.03,0.07,0.0,0.0,1.0,1.0,0.0,0.0,anomaly,normal,anomaly
20233,0,icmp,eco_i,SF,8,0,0,0,0,0,0,0,0,0,0,0,0,0,0,0,0,0,1,23,0.0,0.0,0.0,0.0,1.0,0.0,1.0,4,124,1.0,0.0,1.0,0.25,0.0,0.0,0.0,0.0,anomaly,normal,anomaly
13297,0,tcp,Z39_50,S0,0,0,0,0,0,0,0,0,0,0,0,0,0,0,0,0,0,0,142,9,1.0,1.0,0.0,0.0,0.06,0.05,0.0,255,9,0.04,0.05,0.0,0.0,1.0,1.0,0.0,0.0,anomaly,normal,anomaly
269,0,tcp,csnet_ns,S0,0,0,0,0,0,0,0,0,0,0,0,0,0,0,0,0,0,0,201,1,1.0,1.0,0.0,0.0,0.0,0.06,0.0,255,4,0.02,0.07,0.0,0.0,1.0,1.0,0.0,0.0,anomaly,normal,anomaly
15717,0,tcp,whois,S0,0,0,0,0,0,0,0,0,0,0,0,0,0,0,0,0,0,0,246,20,1.0,1.0,0.0,0.0,0.08,0.07,0.0,255,20,0.08,0.07,0.0,0.0,1.0,1.0,0.0,0.0,anomaly,normal,anomaly
19504,0,tcp,netbios_ssn,S0,0,0,0,0,0,0,0,0,0,0,0,0,0,0,0,0,0,0,256,24,1.0,1.0,0.0,0.0,0.09,0.05,0.0,255,24,0.09,0.05,0.0,0.0,1.0,1.0,0.0,0.0,anomaly,normal,anomaly
421,0,tcp,uucp,RSTO,0,0,0,0,0,0,0,0,0,0,0,0,0,0,0,0,0,0,116,3,0.0,0.0,1.0,1.0,0.03,0.07,0.0,255,3,0.01,0.08,0.0,0.0,0.0,0.0,1.0,1.0,anomaly,normal,anomaly
20014,0,tcp,ldap,S0,0,0,0,0,0,0,0,0,0,0,0,0,0,0,0,0,0,0,269,13,1.0,1.0,0.0,0.0,0.05,0.05,0.0,255,13,0.05,0.05,0.0,0.0,1.0,1.0,0.0,0.0,anomaly,normal,anomaly
15791,0,tcp,telnet,S0,0,0,0,0,0,0,0,0,0,0,0,0,0,0,0,0,0,0,34,14,1.0,1.0,0.0,0.0,0.41,0.06,0.0,255,14,0.05,0.07,0.01,0.0,1.0,1.0,0.0,0.0,anomaly,normal,anomaly
21795,0,tcp,rje,S0,0,0,0,0,0,0,0,0,0,0,0,0,0,0,0,0,0,0,282,20,1.0,1.0,0.0,0.0,0.07,0.06,0.0,255,20,0.08,0.08,0.0,0.0,1.0,1.0,0.0,0.0,anomaly,normal,anomaly
11550,0,tcp,ftp_data,SF,334,0,0,0,0,0,0,1,0,0,0,0,0,0,0,0,0,0,2,2,0.0,0.0,0.0,0.0,1.0,0.0,0.0,9,36,1.0,0.0,1.0,0.08,0.0,0.0,0.0,0.0,anomaly,normal,anomaly
18393,0,tcp,kshell,S0,0,0,0,0,0,0,0,0,0,0,0,0,0,0,0,0,0,0,147,18,1.0,1.0,0.0,0.0,0.12,0.05,0.0,255,18,0.07,0.07,0.0,0.0,1.0,1.0,0.0,0.0,anomaly,normal,anomaly
11616,0,tcp,ftp,S0,0,0,0,0,0,0,0,0,0,0,0,0,0,0,0,0,0,0,245,8,1.0,1.0,0.0,0.0,0.03,0.07,0.0,255,8,0.03,0.07,0.0,0.0,1.0,1.0,0.0,0.0,anomaly,normal,anomaly
2091,0,tcp,exec,S0,0,0,0,0,0,0,0,0,0,0,0,0,0,0,0,0,0,0,14,3,1.0,1.0,0.0,0.0,0.21,0.21,0.0,255,17,0.07,0.07,0.0,0.0,1.0,1.0,0.0,0.0,anomaly,normal,anomaly
12348,0,tcp,telnet,S0,0,0,0,0,0,0,0,0,0,0,0,0,0,0,0,0,0,0,243,22,1.0,1.0,0.0,0.0,0.09,0.05,0.0,255,22,0.09,0.06,0.0,0.0,1.0,1.0,0.0,0.0,anomaly,normal,anomaly
24256,0,icmp,eco_i,SF,8,0,0,0,0,0,0,0,0,0,0,0,0,0,0,0,0,0,1,22,0.0,0.0,0.0,0.0,1.0,0.0,1.0,2,80,1.0,0.0,1.0,0.26,0.0,0.0,0.0,0.0,anomaly,normal,anomaly
18268,0,tcp,smtp,S0,0,0,0,0,0,0,0,0,0,0,0,0,0,0,0,0,0,0,18,20,1.0,0.9,0.0,0.0,1.0,0.0,0.15,160,138,0.49,0.01,0.01,0.01,0.99,0.57,0.0,0.0,anomaly,normal,anomaly
17211,0,tcp,ctf,S0,0,0,0,0,0,0,0,0,0,0,0,0,0,0,0,0,0,0,101,12,1.0,1.0,0.0,0.0,0.12,0.06,0.0,255,7,0.03,0.07,0.0,0.0,1.0,1.0,0.0,0.0,anomaly,normal,anomaly
13473,0,tcp,private,S0,0,0,0,0,0,0,0,0,0,0,0,0,0,0,0,0,0,0,250,20,1.0,1.0,0.0,0.0,0.08,0.05,0.0,54,20,0.37,0.11,0.02,0.0,0.96,1.0,0.0,0.0,anomaly,normal,anomaly
17259,0,tcp,systat,S0,0,0,0,0,0,0,0,0,0,0,0,0,0,0,0,0,0,0,120,14,1.0,1.0,0.0,0.0,0.12,0.06,0.0,255,8,0.03,0.07,0.0,0.0,1.0,1.0,0.0,0.0,anomaly,normal,anomaly
17621,0,tcp,private,REJ,0,0,0,0,0,0,0,0,0,0,0,0,0,0,0,0,0,0,1,1,0.0,0.0,1.0,1.0,1.0,0.0,0.0,54,1,0.02,1.0,0.02,0.0,0.0,0.0,0.94,1.0,anomaly,normal,anomaly
10822,0,tcp,private,S0,0,0,0,0,0,0,0,0,0,0,0,0,0,0,0,0,0,0,46,11,1.0,1.0,0.0,0.0,0.24,0.09,0.0,255,21,0.08,0.08,0.0,0.0,1.0,1.0,0.0,0.0,anomaly,normal,anomaly
6074,0,tcp,klogin,S0,0,0,0,0,0,0,0,0,0,0,0,0,0,0,0,0,0,0,8,8,1.0,1.0,0.0,0.0,1.0,0.0,0.0,255,8,0.03,0.07,0.0,0.0,1.0,1.0,0.0,0.0,anomaly,normal,anomaly
12862,0,tcp,private,S0,0,0,0,0,0,0,0,0,0,0,0,0,0,0,0,0,0,0,258,7,1.0,1.0,0.0,0.0,0.03,0.06,0.0,255,8,0.03,0.08,0.0,0.0,1.0,1.0,0.0,0.0,anomaly,normal,anomaly
21517,0,icmp,eco_i,SF,8,0,0,0,0,0,0,0,0,0,0,0,0,0,0,0,0,0,1,2,0.0,0.0,0.0,0.0,1.0,0.0,1.0,2,129,1.0,0.0,1.0,0.5,0.0,0.0,0.0,0.0,anomaly,normal,anomaly
23566,0,tcp,private,S0,0,0,0,0,0,0,0,0,0,0,0,0,0,0,0,0,0,0,112,15,1.0,1.0,0.0,0.0,0.13,0.07,0.0,255,18,0.07,0.06,0.0,0.0,1.0,1.0,0.0,0.0,anomaly,normal,anomaly
186,0,tcp,private,S0,0,0,0,0,0,0,0,0,0,0,0,0,0,0,0,0,0,0,108,18,1.0,1.0,0.0,0.0,0.17,0.07,0.0,255,18,0.07,0.07,0.0,0.0,1.0,1.0,0.0,0.0,anomaly,normal,anomaly
3908,0,icmp,eco_i,SF,8,0,0,0,0,0,0,0,0,0,0,0,0,0,0,0,0,0,1,3,0.0,0.0,0.0,0.0,1.0,0.0,1.0,4,48,1.0,0.0,1.0,0.25,0.0,0.0,0.0,0.0,anomaly,normal,anomaly
20471,0,tcp,uucp_path,S0,0,0,0,0,0,0,0,0,0,0,0,0,0,0,0,0,0,0,203,9,1.0,1.0,0.0,0.0,0.04,0.07,0.0,255,9,0.04,0.06,0.0,0.0,1.0,1.0,0.0,0.0,anomaly,normal,anomaly
16586,0,tcp,uucp,S0,0,0,0,0,0,0,0,0,0,0,0,0,0,0,0,0,0,0,103,2,1.0,1.0,0.0,0.0,0.02,0.06,0.0,255,2,0.01,0.05,0.0,0.0,1.0,1.0,0.0,0.0,anomaly,normal,anomaly
13747,0,tcp,private,S0,0,0,0,0,0,0,0,0,0,0,0,0,0,0,0,0,0,0,106,9,1.0,1.0,0.0,0.0,0.08,0.06,0.0,255,6,0.02,0.07,0.0,0.0,1.0,1.0,0.0,0.0,anomaly,normal,anomaly
21238,0,tcp,private,S0,0,0,0,0,0,0,0,0,0,0,0,0,0,0,0,0,0,0,213,16,1.0,1.0,0.0,0.0,0.08,0.07,0.0,255,12,0.05,0.06,0.0,0.0,1.0,1.0,0.0,0.0,anomaly,normal,anomaly
4922,0,tcp,private,S0,0,0,0,0,0,0,0,0,0,0,0,0,0,0,0,0,0,0,130,12,1.0,1.0,0.0,0.0,0.09,0.05,0.0,255,12,0.05,0.06,0.0,0.0,1.0,1.0,0.0,0.0,anomaly,normal,anomaly
4774,0,tcp,finger,S0,0,0,0,0,0,0,0,0,0,0,0,0,0,0,0,0,0,0,19,5,1.0,1.0,0.0,0.0,0.26,0.21,0.0,255,64,0.25,0.02,0.02,0.0,1.0,1.0,0.0,0.0,anomaly,normal,anomaly
18178,0,tcp,finger,S0,0,0,0,0,0,0,0,0,0,0,0,0,0,0,0,0,0,0,279,4,1.0,1.0,0.0,0.0,0.01,0.05,0.0,255,4,0.02,0.05,0.0,0.0,1.0,1.0,0.0,0.0,anomaly,normal,anomaly
15005,0,tcp,time,S0,0,0,0,0,0,0,0,0,0,0,0,0,0,0,0,0,0,0,9,5,1.0,1.0,0.0,0.0,0.56,0.33,0.0,255,11,0.04,0.08,0.0,0.0,1.0,1.0,0.0,0.0,anomaly,normal,anomaly
20970,0,tcp,domain,S0,0,0,0,0,0,0,0,0,0,0,0,0,0,0,0,0,0,0,299,9,1.0,1.0,0.0,0.0,0.03,0.05,0.0,255,3,0.01,0.07,0.0,0.0,1.0,1.0,0.0,0.0,anomaly,normal,anomaly
9635,0,tcp,courier,S0,0,0,0,0,0,0,0,0,0,0,0,0,0,0,0,0,0,0,119,15,1.0,1.0,0.0,0.0,0.13,0.06,0.0,255,15,0.06,0.05,0.0,0.0,1.0,1.0,0.0,0.0,anomaly,normal,anomaly
19905,0,tcp,private,S0,0,0,0,0,0,0,0,0,0,0,0,0,0,0,0,0,0,0,227,5,1.0,1.0,0.0,0.0,0.02,0.06,0.0,255,6,0.02,0.08,0.0,0.0,1.0,1.0,0.0,0.0,anomaly,normal,anomaly
6528,0,tcp,supdup,S0,0,0,0,0,0,0,0,0,0,0,0,0,0,0,0,0,0,0,116,7,1.0,1.0,0.0,0.0,0.06,0.06,0.0,255,4,0.02,0.09,0.0,0.0,1.0,1.0,0.0,0.0,anomaly,normal,anomaly
24021,0,icmp,eco_i,SF,8,0,0,0,0,0,0,0,0,0,0,0,0,0,0,0,0,0,1,27,0.0,0.0,0.0,0.0,1.0,0.0,1.0,2,60,1.0,0.0,1.0,0.5,0.0,0.0,0.0,0.0,anomaly,normal,anomaly
22414,0,tcp,uucp,S0,0,0,0,0,0,0,0,0,0,0,0,0,0,0,0,0,0,0,127,5,1.0,1.0,0.0,0.0,0.04,0.06,0.0,255,16,0.06,0.07,0.0,0.0,1.0,1.0,0.0,0.0,anomaly,normal,anomaly
16702,13805,udp,other,SF,147,105,0,0,0,0,0,0,0,0,0,0,0,0,0,0,0,0,1,1,0.0,0.0,0.0,0.0,1.0,0.0,0.0,255,1,0.0,0.69,0.95,0.0,0.0,0.0,0.0,0.0,normal,anomaly,normal
1741,0,tcp,private,REJ,0,0,0,0,0,0,0,0,0,0,0,0,0,0,0,0,0,0,265,1,0.03,0.0,0.94,1.0,0.0,1.0,0.0,255,1,0.0,0.97,0.0,0.0,0.04,0.0,0.92,1.0,anomaly,normal,anomaly
7526,0,tcp,kshell,REJ,0,0,0,0,0,0,0,0,0,0,0,0,0,0,0,0,0,0,134,7,0.0,0.0,1.0,1.0,0.05,0.06,0.0,255,2,0.01,0.06,0.0,0.0,0.0,0.0,1.0,1.0,anomaly,normal,anomaly
24317,0,tcp,ctf,REJ,0,0,0,0,0,0,0,0,0,0,0,0,0,0,0,0,0,0,251,2,0.0,0.0,1.0,1.0,0.01,0.07,0.0,255,2,0.01,0.07,0.0,0.0,0.0,0.0,1.0,1.0,anomaly,normal,anomaly
3808,0,tcp,private,S0,0,0,0,0,0,0,0,0,0,0,0,0,0,0,0,0,0,0,92,1,1.0,1.0,0.0,0.0,0.01,0.07,0.0,255,20,0.08,0.07,0.0,0.0,1.0,1.0,0.0,0.0,anomaly,normal,anomaly
11633,0,tcp,private,S0,0,0,0,0,0,0,0,0,0,0,0,0,0,0,0,0,0,0,117,11,1.0,1.0,0.0,0.0,0.09,0.06,0.0,255,26,0.1,0.06,0.0,0.0,1.0,1.0,0.0,0.0,anomaly,normal,anomaly
13158,0,tcp,auth,S0,0,0,0,0,0,0,0,0,0,0,0,0,0,0,0,0,0,0,263,3,1.0,1.0,0.0,0.0,0.01,0.06,0.0,255,3,0.01,0.08,0.0,0.0,1.0,1.0,0.0,0.0,anomaly,normal,anomaly
24990,0,tcp,private,S0,0,0,0,0,0,0,0,0,0,0,0,0,0,0,0,0,0,0,111,7,1.0,1.0,0.0,0.0,0.06,0.07,0.0,255,4,0.02,0.07,0.0,0.0,1.0,1.0,0.0,0.0,anomaly,normal,anomaly
2434,0,tcp,courier,S0,0,0,0,0,0,0,0,0,0,0,0,0,0,0,0,0,0,0,109,5,1.0,1.0,0.0,0.0,0.05,0.06,0.0,255,5,0.02,0.06,0.0,0.0,1.0,1.0,0.0,0.0,anomaly,normal,anomaly
11040,0,tcp,private,S0,0,0,0,0,0,0,0,0,0,0,0,0,0,0,0,0,0,0,69,12,1.0,1.0,0.0,0.0,0.17,0.07,0.0,255,12,0.05,0.07,0.0,0.0,1.0,1.0,0.0,0.0,anomaly,normal,anomaly
15878,0,tcp,discard,S0,0,0,0,0,0,0,0,0,0,0,0,0,0,0,0,0,0,0,261,11,1.0,1.0,0.0,0.0,0.04,0.06,0.0,255,10,0.04,0.07,0.0,0.0,1.0,1.0,0.0,0.0,anomaly,normal,anomaly
18518,0,tcp,private,S0,0,0,0,0,0,0,0,0,0,0,0,0,0,0,0,0,0,0,277,12,1.0,1.0,0.0,0.0,0.04,0.06,0.0,255,14,0.05,0.06,0.0,0.0,1.0,1.0,0.0,0.0,anomaly,normal,anomaly
2587,0,icmp,eco_i,SF,8,0,0,0,0,0,0,0,0,0,0,0,0,0,0,0,0,0,1,8,0.0,0.0,0.0,0.0,1.0,0.0,1.0,1,33,1.0,0.0,1.0,0.52,0.0,0.0,0.0,0.0,anomaly,normal,anomaly
2364,0,tcp,exec,S0,0,0,0,0,0,0,0,0,0,0,0,0,0,0,0,0,0,0,149,13,1.0,1.0,0.0,0.0,0.09,0.05,0.0,255,13,0.05,0.05,0.0,0.0,1.0,1.0,0.0,0.0,anomaly,normal,anomaly
7420,0,tcp,private,S0,0,0,0,0,0,0,0,0,0,0,0,0,0,0,0,0,0,0,141,19,1.0,1.0,0.0,0.0,0.13,0.06,0.0,255,20,0.08,0.07,0.0,0.0,1.0,1.0,0.0,0.0,anomaly,normal,anomaly
173,0,tcp,imap4,REJ,0,0,0,0,0,0,0,0,0,0,0,0,0,0,0,0,0,0,272,15,0.0,0.0,1.0,1.0,0.06,0.06,0.0,255,15,0.06,0.07,0.0,0.0,0.0,0.0,1.0,1.0,anomaly,normal,anomaly
8474,0,tcp,private,S0,0,0,0,0,0,0,0,0,0,0,0,0,0,0,0,0,0,0,281,15,1.0,1.0,0.0,0.0,0.05,0.06,0.0,255,18,0.07,0.07,0.0,0.0,1.0,1.0,0.0,0.0,anomaly,normal,anomaly
1412,0,tcp,private,S0,0,0,0,0,0,0,0,0,0,0,0,0,0,0,0,0,0,0,226,17,1.0,1.0,0.0,0.0,0.08,0.06,0.0,255,14,0.05,0.06,0.0,0.0,1.0,1.0,0.0,0.0,anomaly,normal,anomaly
13265,0,tcp,private,S0,0,0,0,0,0,0,0,0,0,0,0,0,0,0,0,0,0,0,151,1,1.0,1.0,0.0,0.0,0.01,0.06,0.0,255,14,0.05,0.07,0.0,0.0,1.0,1.0,0.0,0.0,anomaly,normal,anomaly
21109,0,tcp,telnet,S0,0,0,0,0,0,0,0,0,0,0,0,0,0,0,0,0,0,0,78,15,1.0,1.0,0.0,0.0,0.19,0.06,0.0,255,15,0.06,0.06,0.0,0.0,1.0,1.0,0.0,0.0,anomaly,normal,anomaly
24078,0,tcp,domain,S0,0,0,0,0,0,0,0,0,0,0,0,0,0,0,0,0,0,0,279,9,1.0,1.0,0.0,0.0,0.03,0.05,0.0,255,9,0.04,0.05,0.0,0.0,1.0,1.0,0.0,0.0,anomaly,normal,anomaly
21195,0,tcp,private,S0,0,0,0,0,0,0,0,0,0,0,0,0,0,0,0,0,0,0,67,5,1.0,1.0,0.0,0.0,0.07,0.07,0.0,247,5,0.02,0.06,0.0,0.0,1.0,1.0,0.0,0.0,anomaly,normal,anomaly
20138,0,tcp,Z39_50,S0,0,0,0,0,0,0,0,0,0,0,0,0,0,0,0,0,0,0,159,16,1.0,1.0,0.0,0.0,0.1,0.08,0.0,255,16,0.06,0.07,0.0,0.0,1.0,1.0,0.0,0.0,anomaly,normal,anomaly
24797,0,tcp,netstat,S0,0,0,0,0,0,0,0,0,0,0,0,0,0,0,0,0,0,0,245,19,1.0,1.0,0.0,0.0,0.08,0.06,0.0,255,19,0.07,0.07,0.0,0.0,1.0,1.0,0.0,0.0,anomaly,normal,anomaly
22653,0,tcp,finger,RSTO,0,0,0,0,0,0,0,0,0,0,0,0,0,0,0,0,0,0,241,6,0.0,0.0,1.0,1.0,0.02,0.07,0.0,255,6,0.02,0.07,0.0,0.0,0.0,0.0,1.0,1.0,anomaly,normal,anomaly
16775,0,tcp,ftp_data,SF,334,0,0,0,0,0,0,1,0,0,0,0,0,0,0,0,0,0,1,1,0.0,0.0,0.0,0.0,1.0,0.0,0.0,3,7,1.0,0.0,1.0,0.29,0.0,0.0,0.0,0.0,anomaly,normal,anomaly
9073,0,tcp,supdup,REJ,0,0,0,0,0,0,0,0,0,0,0,0,0,0,0,0,0,0,295,20,0.0,0.0,1.0,1.0,0.07,0.06,0.0,255,20,0.08,0.09,0.0,0.0,0.0,0.0,1.0,1.0,anomaly,normal,anomaly
6055,0,tcp,ftp_data,S0,0,0,0,0,0,0,0,0,0,0,0,0,0,0,0,0,0,0,11,11,1.0,1.0,0.0,0.0,1.0,0.0,0.0,255,58,0.23,0.02,0.0,0.0,1.0,1.0,0.0,0.0,anomaly,normal,anomaly
452,0,tcp,private,S0,0,0,0,0,0,0,0,0,0,0,0,0,0,0,0,0,0,0,115,18,1.0,1.0,0.0,0.0,0.16,0.04,0.0,255,18,0.07,0.04,0.0,0.0,1.0,1.0,0.0,0.0,anomaly,normal,anomaly
14026,0,tcp,imap4,REJ,0,0,0,0,0,0,0,0,0,0,0,0,0,0,0,0,0,0,266,20,0.0,0.0,1.0,1.0,0.08,0.06,0.0,255,20,0.08,0.07,0.0,0.0,0.0,0.0,1.0,1.0,anomaly,normal,anomaly
21538,7158,udp,other,SF,147,105,0,0,0,0,0,0,0,0,0,0,0,0,0,0,0,0,6,2,0.0,0.0,0.0,0.0,0.33,0.5,0.0,255,2,0.01,0.42,0.93,0.0,0.0,0.0,0.0,0.0,normal,anomaly,normal
5609,0,tcp,imap4,REJ,0,0,0,0,0,0,0,0,0,0,0,0,0,0,0,0,0,0,236,5,0.0,0.0,1.0,1.0,0.02,0.07,0.0,255,5,0.02,0.07,0.0,0.0,0.0,0.0,1.0,1.0,anomaly,normal,anomaly
15416,0,tcp,courier,S0,0,0,0,0,0,0,0,0,0,0,0,0,0,0,0,0,0,0,134,16,1.0,1.0,0.0,0.0,0.12,0.05,0.0,255,7,0.03,0.07,0.0,0.0,1.0,1.0,0.0,0.0,anomaly,normal,anomaly
8160,0,tcp,ftp_data,SF,334,0,0,0,0,0,0,1,0,0,0,0,0,0,0,0,0,0,1,1,0.0,0.0,0.0,0.0,1.0,0.0,0.0,8,45,1.0,0.0,1.0,0.07,0.0,0.02,0.0,0.0,anomaly,normal,anomaly
6803,0,tcp,auth,S0,0,0,0,0,0,0,0,0,0,0,0,0,0,0,0,0,0,0,189,1,1.0,1.0,0.0,0.0,0.01,0.06,0.0,255,1,0.0,0.07,0.0,0.0,1.0,1.0,0.0,0.0,anomaly,normal,anomaly
15533,0,tcp,gopher,S0,0,0,0,0,0,0,0,0,0,0,0,0,0,0,0,0,0,0,143,7,1.0,1.0,0.0,0.0,0.05,0.06,0.0,255,9,0.04,0.07,0.0,0.0,1.0,1.0,0.0,0.0,anomaly,normal,anomaly
14417,0,icmp,eco_i,SF,8,0,0,0,0,0,0,0,0,0,0,0,0,0,0,0,0,0,1,13,0.0,0.0,0.0,0.0,1.0,0.0,1.0,3,80,1.0,0.0,1.0,0.26,0.0,0.0,0.0,0.0,anomaly,normal,anomaly
21443,1,tcp,private,RSTOS0,0,0,0,0,0,0,0,0,0,0,0,0,0,0,0,0,0,0,212,2,0.64,0.5,0.36,0.5,0.01,0.42,0.0,255,2,0.01,0.35,0.83,0.0,0.53,0.5,0.3,0.5,anomaly,normal,anomaly
10396,0,tcp,sql_net,S0,0,0,0,0,0,0,0,0,0,0,0,0,0,0,0,0,0,0,270,20,1.0,1.0,0.0,0.0,0.07,0.06,0.0,255,8,0.03,0.08,0.0,0.0,1.0,1.0,0.0,0.0,anomaly,normal,anomaly
7849,0,tcp,daytime,RSTO,0,0,0,0,0,0,0,0,0,0,0,0,0,0,0,0,0,0,274,14,0.0,0.0,1.0,1.0,0.05,0.07,0.0,255,14,0.05,0.08,0.0,0.0,0.0,0.0,1.0,1.0,anomaly,normal,anomaly
3538,0,icmp,eco_i,SF,8,0,0,0,0,0,0,0,0,0,0,0,0,0,0,0,0,0,1,4,0.0,0.0,0.0,0.0,1.0,0.0,1.0,2,98,1.0,0.0,1.0,0.26,0.0,0.0,0.0,0.0,anomaly,normal,anomaly
13654,0,tcp,private,S0,0,0,0,0,0,0,0,0,0,0,0,0,0,0,0,0,0,0,211,17,1.0,1.0,0.0,0.0,0.08,0.07,0.0,255,16,0.06,0.07,0.0,0.0,1.0,1.0,0.0,0.0,anomaly,normal,anomaly
638,0,tcp,domain,S0,0,0,0,0,0,0,0,0,0,0,0,0,0,0,0,0,0,0,292,14,1.0,1.0,0.0,0.0,0.05,0.06,0.0,255,11,0.04,0.06,0.0,0.0,1.0,1.0,0.0,0.0,anomaly,normal,anomaly
6545,0,tcp,private,S0,0,0,0,0,0,0,0,0,0,0,0,0,0,0,0,0,0,0,239,8,1.0,1.0,0.0,0.0,0.03,0.05,0.0,100,8,0.08,0.1,0.01,0.0,0.86,1.0,0.01,0.0,anomaly,normal,anomaly
17595,0,tcp,http,SF,54540,8314,0,0,0,2,0,1,1,0,0,0,0,0,0,0,0,0,3,3,0.0,0.0,0.0,0.0,1.0,0.0,0.0,85,85,1.0,0.0,0.01,0.0,0.0,0.0,0.01,0.01,anomaly,normal,anomaly
11218,0,tcp,hostnames,S0,0,0,0,0,0,0,0,0,0,0,0,0,0,0,0,0,0,0,201,13,1.0,1.0,0.0,0.0,0.06,0.05,0.0,255,13,0.05,0.05,0.0,0.0,1.0,1.0,0.0,0.0,anomaly,normal,anomaly
907,0,tcp,private,S0,0,0,0,0,0,0,0,0,0,0,0,0,0,0,0,0,0,0,146,16,1.0,1.0,0.0,0.0,0.11,0.05,0.0,255,4,0.02,0.07,0.0,0.0,1.0,1.0,0.0,0.0,anomaly,normal,anomaly
12896,0,icmp,eco_i,SF,18,0,0,0,0,0,0,0,0,0,0,0,0,0,0,0,0,0,1,1,0.0,0.0,0.0,0.0,1.0,0.0,0.0,1,193,1.0,0.0,1.0,0.25,0.0,0.0,0.0,0.0,anomaly,normal,anomaly
24559,0,tcp,supdup,S0,0,0,0,0,0,0,0,0,0,0,0,0,0,0,0,0,0,0,12,2,0.75,1.0,0.25,0.0,0.17,0.5,0.0,255,2,0.01,0.03,0.05,0.0,0.04,1.0,0.01,0.0,anomaly,normal,anomaly
7390,0,tcp,login,RSTO,0,0,0,0,0,0,0,0,0,0,0,0,0,0,0,0,0,0,137,20,0.0,0.0,1.0,1.0,0.15,0.07,0.0,255,20,0.08,0.06,0.0,0.0,0.0,0.0,1.0,1.0,anomaly,normal,anomaly
12666,0,icmp,eco_i,SF,18,0,0,0,0,0,0,0,0,0,0,0,0,0,0,0,0,0,2,1,0.0,0.0,0.0,0.0,0.5,1.0,0.0,3,27,1.0,0.0,1.0,0.26,0.0,0.0,0.0,0.0,anomaly,normal,anomaly
1057,10,tcp,private,RSTR,0,0,0,0,0,0,0,0,0,0,0,0,0,0,0,0,0,0,1,1,0.0,0.0,1.0,1.0,1.0,0.0,0.0,255,1,0.0,0.48,0.47,0.0,0.0,0.0,0.47,1.0,anomaly,normal,anomaly
1329,0,tcp,private,S0,0,0,0,0,0,0,0,0,0,0,0,0,0,0,0,0,0,0,111,19,1.0,1.0,0.0,0.0,0.17,0.08,0.0,255,19,0.07,0.08,0.0,0.0,1.0,1.0,0.0,0.0,anomaly,normal,anomaly
20176,0,tcp,private,S0,0,0,0,0,0,0,0,0,0,0,0,0,0,0,0,0,0,0,291,17,1.0,1.0,0.0,0.0,0.06,0.05,0.0,255,20,0.08,0.07,0.0,0.0,1.0,1.0,0.0,0.0,anomaly,normal,anomaly
7539,0,icmp,ecr_i,SF,520,0,0,0,0,0,0,0,0,0,0,0,0,0,0,0,0,0,238,238,0.0,0.0,0.0,0.0,1.0,0.0,0.0,255,255,1.0,0.0,1.0,0.0,0.0,0.0,0.0,0.0,anomaly,normal,anomaly
18045,0,icmp,eco_i,SF,8,0,0,0,0,0,0,0,0,0,0,0,0,0,0,0,0,0,1,50,0.0,0.0,0.0,0.0,1.0,0.0,1.0,2,20,1.0,0.0,1.0,0.5,0.0,0.0,0.0,0.0,anomaly,normal,anomaly
17356,0,tcp,private,S0,0,0,0,0,0,0,0,0,0,0,0,0,0,0,0,0,0,0,87,1,1.0,1.0,0.0,0.0,0.01,0.07,0.0,255,20,0.08,0.05,0.0,0.0,1.0,1.0,0.0,0.0,anomaly,normal,anomaly
1613,0,tcp,courier,S0,0,0,0,0,0,0,0,0,0,0,0,0,0,0,0,0,0,0,134,6,1.0,1.0,0.0,0.0,0.04,0.06,0.0,255,6,0.02,0.07,0.0,0.0,1.0,1.0,0.0,0.0,anomaly,normal,anomaly
17389,1,tcp,other,RSTR,0,0,0,0,0,0,0,0,0,0,0,0,0,0,0,0,0,0,1,1,0.0,0.0,1.0,1.0,1.0,0.0,0.0,255,1,0.0,1.0,1.0,0.0,0.0,0.0,1.0,1.0,anomaly,normal,anomaly
20015,0,tcp,Z39_50,S0,0,0,0,0,0,0,0,0,0,0,0,0,0,0,0,0,0,0,257,12,1.0,1.0,0.0,0.0,0.05,0.06,0.0,255,12,0.05,0.07,0.0,0.0,1.0,1.0,0.0,0.0,anomaly,normal,anomaly
14352,0,tcp,netbios_ns,S0,0,0,0,0,0,0,0,0,0,0,0,0,0,0,0,0,0,0,100,9,1.0,1.0,0.0,0.0,0.09,0.06,0.0,255,9,0.04,0.05,0.0,0.0,1.0,1.0,0.0,0.0,anomaly,normal,anomaly
5357,0,tcp,http,S0,0,0,0,0,0,0,0,0,0,0,0,0,0,0,0,0,0,0,300,20,1.0,1.0,0.0,0.0,0.07,0.06,0.0,255,20,0.08,0.07,0.0,0.0,1.0,1.0,0.0,0.0,anomaly,normal,anomaly
1258,0,tcp,private,S0,0,0,0,0,0,0,0,0,0,0,0,0,0,0,0,0,0,0,144,15,1.0,1.0,0.0,0.0,0.1,0.06,0.0,255,6,0.02,0.06,0.0,0.0,1.0,1.0,0.0,0.0,anomaly,normal,anomaly
7959,0,tcp,private,S0,0,0,0,0,0,0,0,0,0,0,0,0,0,0,0,0,0,0,283,23,1.0,1.0,0.0,0.0,0.08,0.05,0.0,255,23,0.09,0.06,0.0,0.0,1.0,1.0,0.0,0.0,anomaly,normal,anomaly
23264,0,tcp,ftp,S0,0,0,0,0,0,0,0,0,0,0,0,0,0,0,0,0,0,0,232,3,1.0,1.0,0.0,0.0,0.01,0.06,0.0,255,4,0.02,0.08,0.0,0.0,1.0,1.0,0.0,0.0,anomaly,normal,anomaly
11920,0,tcp,private,S0,0,0,0,0,0,0,0,0,0,0,0,0,0,0,0,0,0,0,203,13,1.0,1.0,0.0,0.0,0.06,0.06,0.0,255,13,0.05,0.06,0.0,0.0,1.0,1.0,0.0,0.0,anomaly,normal,anomaly
11906,0,tcp,time,S0,0,0,0,0,0,0,0,0,0,0,0,0,0,0,0,0,0,0,227,5,1.0,1.0,0.0,0.0,0.02,0.07,0.0,255,16,0.06,0.07,0.0,0.0,1.0,1.0,0.0,0.0,anomaly,normal,anomaly
3391,0,icmp,ecr_i,SF,520,0,0,0,0,0,0,0,0,0,0,0,0,0,0,0,0,0,248,248,0.0,0.0,0.0,0.0,1.0,0.0,0.0,255,255,1.0,0.0,1.0,0.0,0.0,0.0,0.0,0.0,anomaly,normal,anomaly
9110,0,tcp,hostnames,S0,0,0,0,0,0,0,0,0,0,0,0,0,0,0,0,0,0,0,238,7,1.0,1.0,0.0,0.0,0.03,0.05,0.0,255,7,0.03,0.06,0.0,0.0,1.0,1.0,0.0,0.0,anomaly,normal,anomaly
21966,0,tcp,private,S0,0,0,0,0,0,0,0,0,0,0,0,0,0,0,0,0,0,0,69,7,1.0,1.0,0.0,0.0,0.1,0.06,0.0,255,7,0.03,0.05,0.0,0.0,1.0,1.0,0.0,0.0,anomaly,normal,anomaly
23912,2,tcp,domain,RSTO,6,28,0,0,0,0,0,1,0,0,0,0,0,0,0,0,0,0,56,1,0.02,0.0,0.91,1.0,0.02,1.0,0.0,255,1,0.0,0.25,0.0,0.0,0.0,0.0,0.21,1.0,anomaly,normal,anomaly
20982,0,tcp,efs,S0,0,0,0,0,0,0,0,0,0,0,0,0,0,0,0,0,0,0,146,25,1.0,1.0,0.0,0.0,0.17,0.04,0.0,255,25,0.1,0.05,0.0,0.0,1.0,1.0,0.0,0.0,anomaly,normal,anomaly
6368,0,tcp,private,S0,0,0,0,0,0,0,0,0,0,0,0,0,0,0,0,0,0,0,218,13,1.0,1.0,0.0,0.0,0.06,0.06,0.0,255,10,0.04,0.08,0.0,0.0,1.0,1.0,0.0,0.0,anomaly,normal,anomaly
2243,0,tcp,ftp,SF,1230,2449,0,0,0,28,0,1,0,0,0,0,0,0,0,0,0,1,1,1,0.0,0.0,0.0,0.0,1.0,0.0,0.0,173,1,0.01,0.03,0.01,0.0,0.01,0.0,0.01,0.0,anomaly,normal,anomaly
16743,0,icmp,eco_i,SF,8,0,0,0,0,0,0,0,0,0,0,0,0,0,0,0,0,0,1,27,0.0,0.0,0.0,0.0,1.0,0.0,1.0,1,155,1.0,0.0,1.0,0.5,0.0,0.0,0.0,0.0,anomaly,normal,anomaly
2562,0,tcp,private,SH,0,0,0,0,0,0,0,0,0,0,0,0,0,0,0,0,0,0,1,1,1.0,1.0,0.0,0.0,1.0,0.0,0.0,39,1,0.03,0.74,0.79,0.0,0.79,1.0,0.0,0.0,anomaly,normal,anomaly
20419,0,tcp,private,S0,0,0,0,0,0,0,0,0,0,0,0,0,0,0,0,0,0,0,138,2,1.0,1.0,0.0,0.0,0.01,0.06,0.0,255,26,0.1,0.06,0.0,0.0,1.0,1.0,0.0,0.0,anomaly,normal,anomaly
16455,0,tcp,gopher,S0,0,0,0,0,0,0,0,0,0,0,0,0,0,0,0,0,0,0,264,23,1.0,1.0,0.0,0.0,0.09,0.05,0.0,255,23,0.09,0.05,0.0,0.0,1.0,1.0,0.0,0.0,anomaly,normal,anomaly
20107,0,icmp,eco_i,SF,8,0,0,0,0,0,0,0,0,0,0,0,0,0,0,0,0,0,1,30,0.0,0.0,0.0,0.0,1.0,0.0,1.0,2,42,1.0,0.0,1.0,0.5,0.0,0.0,0.0,0.0,anomaly,normal,anomaly
14226,0,tcp,private,S0,0,0,0,0,0,0,0,0,0,0,0,0,0,0,0,0,0,0,155,18,1.0,1.0,0.0,0.0,0.12,0.07,0.0,255,18,0.07,0.07,0.0,0.0,1.0,1.0,0.0,0.0,anomaly,normal,anomaly
1468,0,udp,private,SF,28,0,0,3,0,0,0,0,0,0,0,0,0,0,0,0,0,0,81,81,0.0,0.0,0.0,0.0,1.0,0.0,0.0,255,81,0.32,0.02,0.32,0.0,0.0,0.0,0.0,0.0,anomaly,normal,anomaly
15279,0,tcp,systat,REJ,0,0,0,0,0,0,0,0,0,0,0,0,0,0,0,0,0,0,260,15,0.0,0.0,1.0,1.0,0.06,0.06,0.0,255,15,0.06,0.06,0.0,0.0,0.0,0.0,1.0,1.0,anomaly,normal,anomaly
20136,0,tcp,private,S0,0,0,0,0,0,0,0,0,0,0,0,0,0,0,0,0,0,0,242,21,1.0,1.0,0.0,0.0,0.09,0.04,0.0,102,21,0.21,0.08,0.01,0.0,0.98,1.0,0.0,0.0,anomaly,normal,anomaly
5973,0,tcp,nnsp,S0,0,0,0,0,0,0,0,0,0,0,0,0,0,0,0,0,0,0,76,13,1.0,1.0,0.0,0.0,0.17,0.07,0.0,255,13,0.05,0.06,0.0,0.0,1.0,1.0,0.0,0.0,anomaly,normal,anomaly
17046,0,tcp,csnet_ns,S0,0,0,0,0,0,0,0,0,0,0,0,0,0,0,0,0,0,0,219,16,1.0,1.0,0.0,0.0,0.07,0.07,0.0,255,16,0.06,0.08,0.0,0.0,1.0,1.0,0.0,0.0,anomaly,normal,anomaly
23553,0,udp,private,SF,1,0,0,0,0,0,0,0,0,0,0,0,0,0,0,0,0,0,6,6,0.0,0.0,0.0,0.0,1.0,0.0,0.0,255,77,0.3,0.12,0.93,0.0,0.0,0.0,0.07,0.0,anomaly,normal,anomaly
7255,0,tcp,iso_tsap,S0,0,0,0,0,0,0,0,0,0,0,0,0,0,0,0,0,0,0,249,3,1.0,1.0,0.0,0.0,0.01,0.06,0.0,255,3,0.01,0.07,0.0,0.0,1.0,1.0,0.0,0.0,anomaly,normal,anomaly
2880,0,tcp,remote_job,S0,0,0,0,0,0,0,0,0,0,0,0,0,0,0,0,0,0,0,227,8,1.0,1.0,0.0,0.0,0.04,0.07,0.0,255,8,0.03,0.09,0.0,0.0,1.0,1.0,0.0,0.0,anomaly,normal,anomaly
25121,0,tcp,ldap,REJ,0,0,0,0,0,0,0,0,0,0,0,0,0,0,0,0,0,0,111,3,0.0,0.0,1.0,1.0,0.03,0.08,0.0,235,3,0.01,0.07,0.0,0.0,0.0,0.0,1.0,1.0,anomaly,normal,anomaly
2862,0,tcp,private,S0,0,0,0,0,0,0,0,0,0,0,0,0,0,0,0,0,0,0,101,17,1.0,1.0,0.0,0.0,0.17,0.06,0.0,255,19,0.07,0.06,0.0,0.0,1.0,1.0,0.0,0.0,anomaly,normal,anomaly
23812,0,tcp,ftp_data,S0,0,0,0,0,0,0,0,0,0,0,0,0,0,0,0,0,0,0,275,25,1.0,1.0,0.0,0.0,0.09,0.05,0.0,255,25,0.1,0.05,0.0,0.0,1.0,1.0,0.0,0.0,anomaly,normal,anomaly
22897,0,tcp,private,S0,0,0,0,0,0,0,0,0,0,0,0,0,0,0,0,0,0,0,133,12,1.0,1.0,0.0,0.0,0.09,0.06,0.0,255,13,0.05,0.07,0.0,0.0,1.0,1.0,0.0,0.0,anomaly,normal,anomaly
2007,0,tcp,http,REJ,0,0,0,0,0,0,0,0,0,0,0,0,0,0,0,0,0,0,215,7,0.0,0.0,1.0,1.0,0.03,0.07,0.0,255,7,0.03,0.07,0.0,0.0,0.0,0.0,1.0,1.0,anomaly,normal,anomaly
19206,0,tcp,private,S0,0,0,0,0,0,0,0,0,0,0,0,0,0,0,0,0,0,0,104,6,1.0,1.0,0.0,0.0,0.06,0.06,0.0,255,3,0.01,0.06,0.0,0.0,1.0,1.0,0.0,0.0,anomaly,normal,anomaly
10932,0,tcp,private,S0,0,0,0,0,0,0,0,0,0,0,0,0,0,0,0,0,0,0,187,16,1.0,1.0,0.0,0.0,0.09,0.06,0.0,255,3,0.01,0.07,0.0,0.0,1.0,1.0,0.0,0.0,anomaly,normal,anomaly
4029,0,tcp,whois,S0,0,0,0,0,0,0,0,0,0,0,0,0,0,0,0,0,0,0,209,9,1.0,1.0,0.0,0.0,0.04,0.06,0.0,255,12,0.05,0.07,0.0,0.0,1.0,1.0,0.0,0.0,anomaly,normal,anomaly
18499,0,tcp,private,S0,0,0,0,0,0,0,0,0,0,0,0,0,0,0,0,0,0,0,40,4,1.0,1.0,0.0,0.0,0.1,0.12,0.0,255,4,0.02,0.08,0.0,0.0,1.0,1.0,0.0,0.0,anomaly,normal,anomaly
9950,0,tcp,telnet,S0,0,0,0,0,0,0,0,0,0,0,0,0,0,0,0,0,0,0,141,2,1.0,1.0,0.0,0.0,0.01,0.06,0.0,255,3,0.01,0.06,0.0,0.0,1.0,1.0,0.0,0.0,anomaly,normal,anomaly
7278,0,tcp,nnsp,S0,0,0,0,0,0,0,0,0,0,0,0,0,0,0,0,0,0,0,133,4,1.0,1.0,0.0,0.0,0.03,0.06,0.0,255,4,0.02,0.07,0.0,0.0,1.0,1.0,0.0,0.0,anomaly,normal,anomaly
17366,0,icmp,eco_i,SF,8,0,0,0,0,0,0,0,0,0,0,0,0,0,0,0,0,0,1,16,0.0,0.0,0.0,0.0,1.0,0.0,1.0,2,25,1.0,0.0,1.0,0.52,0.0,0.0,0.0,0.0,anomaly,normal,anomaly
4469,0,tcp,private,S0,0,0,0,0,0,0,0,0,0,0,0,0,0,0,0,0,0,0,283,18,1.0,1.0,0.0,0.0,0.06,0.06,0.0,255,10,0.04,0.08,0.0,0.0,1.0,1.0,0.0,0.0,anomaly,normal,anomaly
25077,0,tcp,hostnames,S0,0,0,0,0,0,0,0,0,0,0,0,0,0,0,0,0,0,0,130,6,1.0,1.0,0.0,0.0,0.05,0.07,0.0,255,5,0.02,0.06,0.0,0.0,1.0,1.0,0.0,0.0,anomaly,normal,anomaly
2839,0,tcp,private,S0,0,0,0,0,0,0,0,0,0,0,0,0,0,0,0,0,0,0,27,3,1.0,1.0,0.0,0.0,0.11,0.19,0.0,255,16,0.06,0.08,0.0,0.0,1.0,1.0,0.0,0.0,anomaly,normal,anomaly
7358,0,tcp,ldap,S0,0,0,0,0,0,0,0,0,0,0,0,0,0,0,0,0,0,0,246,18,1.0,1.0,0.0,0.0,0.07,0.05,0.0,255,18,0.07,0.06,0.0,0.0,1.0,1.0,0.0,0.0,anomaly,normal,anomaly
11862,0,tcp,vmnet,REJ,0,0,0,0,0,0,0,0,0,0,0,0,0,0,0,0,0,0,176,11,0.0,0.0,1.0,1.0,0.06,0.07,0.0,255,11,0.04,0.09,0.0,0.0,0.0,0.0,1.0,1.0,anomaly,normal,anomaly
21449,0,tcp,private,S0,0,0,0,0,0,0,0,0,0,0,0,0,0,0,0,0,0,0,133,13,1.0,1.0,0.0,0.0,0.1,0.07,0.0,255,33,0.13,0.06,0.0,0.0,1.0,1.0,0.0,0.0,anomaly,normal,anomaly
2228,0,tcp,auth,S0,0,0,0,0,0,0,0,0,0,0,0,0,0,0,0,0,0,0,228,18,1.0,1.0,0.0,0.0,0.08,0.05,0.0,255,18,0.07,0.05,0.0,0.0,1.0,1.0,0.0,0.0,anomaly,normal,anomaly
12393,0,icmp,ecr_i,SF,1032,0,0,0,0,0,0,0,0,0,0,0,0,0,0,0,0,0,43,43,0.0,0.0,0.0,0.0,1.0,0.0,0.0,255,43,0.17,0.02,0.17,0.0,0.0,0.0,0.0,0.0,anomaly,normal,anomaly
18432,0,tcp,exec,RSTO,0,0,0,0,0,0,0,0,0,0,0,0,0,0,0,0,0,0,121,19,0.0,0.0,1.0,1.0,0.16,0.07,0.0,255,19,0.07,0.07,0.0,0.0,0.0,0.0,1.0,1.0,anomaly,normal,anomaly
17486,0,tcp,klogin,S0,0,0,0,0,0,0,0,0,0,0,0,0,0,0,0,0,0,0,122,3,1.0,1.0,0.0,0.0,0.02,0.07,0.0,255,3,0.01,0.07,0.0,0.0,1.0,1.0,0.0,0.0,anomaly,normal,anomaly
10936,0,tcp,http,S0,0,0,0,0,0,0,0,0,0,0,0,0,0,0,0,0,0,0,5,3,1.0,1.0,0.0,0.0,0.6,0.6,0.0,255,65,0.25,0.02,0.0,0.0,1.0,1.0,0.0,0.0,anomaly,normal,anomaly
22932,0,tcp,mtp,REJ,0,0,0,0,0,0,0,0,0,0,0,0,0,0,0,0,0,0,268,5,0.0,0.0,1.0,1.0,0.02,0.06,0.0,255,5,0.02,0.07,0.0,0.0,0.0,0.0,1.0,1.0,anomaly,normal,anomaly
20919,0,tcp,rje,S0,0,0,0,0,0,0,0,0,0,0,0,0,0,0,0,0,0,0,209,19,1.0,1.0,0.0,0.0,0.09,0.06,0.0,255,19,0.07,0.05,0.0,0.0,1.0,1.0,0.0,0.0,anomaly,normal,anomaly
4770,0,icmp,eco_i,SF,8,0,0,0,0,0,0,0,0,0,0,0,0,0,0,0,0,0,1,50,0.0,0.0,0.0,0.0,1.0,0.0,1.0,1,255,1.0,0.0,1.0,0.5,0.0,0.0,0.0,0.0,anomaly,normal,anomaly
12847,0,tcp,private,S0,0,0,0,0,0,0,0,0,0,0,0,0,0,0,0,0,0,0,291,12,1.0,1.0,0.0,0.0,0.04,0.06,0.0,255,15,0.06,0.07,0.0,0.0,1.0,1.0,0.0,0.0,anomaly,normal,anomaly
13254,0,tcp,private,S0,0,0,0,0,0,0,0,0,0,0,0,0,0,0,0,0,0,0,225,11,1.0,1.0,0.0,0.0,0.05,0.06,0.0,255,8,0.03,0.07,0.0,0.0,1.0,1.0,0.0,0.0,anomaly,normal,anomaly
3577,0,tcp,kshell,REJ,0,0,0,0,0,0,0,0,0,0,0,0,0,0,0,0,0,0,127,2,0.0,0.0,1.0,1.0,0.02,0.07,0.0,255,2,0.01,0.07,0.0,0.0,0.0,0.0,1.0,1.0,anomaly,normal,anomaly
17865,0,tcp,private,REJ,0,0,0,0,0,0,0,0,0,0,0,0,0,0,0,0,0,0,1,1,0.0,0.0,1.0,1.0,1.0,0.0,0.0,69,1,0.01,1.0,0.01,0.0,0.0,0.0,0.94,1.0,anomaly,normal,anomaly
13039,0,tcp,nnsp,REJ,0,0,0,0,0,0,0,0,0,0,0,0,0,0,0,0,0,0,110,19,0.0,0.0,1.0,1.0,0.17,0.07,0.0,255,19,0.07,0.07,0.0,0.0,0.0,0.0,1.0,1.0,anomaly,normal,anomaly
11962,0,tcp,private,S0,0,0,0,0,0,0,0,0,0,0,0,0,0,0,0,0,0,0,133,11,1.0,1.0,0.0,0.0,0.08,0.06,0.0,255,29,0.11,0.07,0.0,0.0,1.0,1.0,0.0,0.0,anomaly,normal,anomaly
22824,0,tcp,private,S0,0,0,0,0,0,0,0,0,0,0,0,0,0,0,0,0,0,0,268,10,1.0,1.0,0.0,0.0,0.04,0.04,0.0,255,10,0.04,0.05,0.0,0.0,1.0,1.0,0.0,0.0,anomaly,normal,anomaly
4103,0,tcp,http,S0,0,0,0,0,0,0,0,0,0,0,0,0,0,0,0,0,0,0,252,27,1.0,0.74,0.0,0.0,0.08,0.06,0.07,255,20,0.08,0.06,0.0,0.0,1.0,1.0,0.0,0.0,anomaly,normal,anomaly
21779,0,tcp,sunrpc,S0,0,0,0,0,0,0,0,0,0,0,0,0,0,0,0,0,0,0,202,14,1.0,1.0,0.0,0.0,0.07,0.06,0.0,255,14,0.05,0.07,0.0,0.0,1.0,1.0,0.0,0.0,anomaly,normal,anomaly
7947,0,tcp,ftp_data,S0,0,0,0,0,0,0,0,0,0,0,0,0,0,0,0,0,0,0,80,20,1.0,1.0,0.0,0.0,0.25,0.05,0.0,255,60,0.24,0.02,0.02,0.0,1.0,1.0,0.0,0.0,anomaly,normal,anomaly
21448,0,tcp,exec,S0,0,0,0,0,0,0,0,0,0,0,0,0,0,0,0,0,0,0,140,5,1.0,1.0,0.0,0.0,0.04,0.06,0.0,255,8,0.03,0.06,0.0,0.0,1.0,1.0,0.0,0.0,anomaly,normal,anomaly
17474,0,tcp,private,REJ,0,0,0,0,0,0,0,0,0,0,0,0,0,0,0,0,0,0,213,1,0.0,0.0,1.0,1.0,0.0,0.07,0.0,255,1,0.0,0.09,0.0,0.0,0.0,0.0,1.0,1.0,anomaly,normal,anomaly
21135,0,udp,private,SF,1,0,0,0,0,0,0,0,0,0,0,0,0,0,0,0,0,0,5,5,0.0,0.0,0.0,0.0,1.0,0.0,0.0,255,5,0.02,0.41,0.78,0.0,0.0,0.0,0.22,0.0,anomaly,normal,anomaly
22686,0,tcp,telnet,S0,0,0,0,0,0,0,0,0,0,0,0,0,0,0,0,0,0,0,3,2,1.0,1.0,0.0,0.0,0.67,0.67,0.0,83,23,0.27,0.05,0.02,0.09,1.0,0.96,0.0,0.0,anomaly,normal,anomaly
15072,0,udp,private,SF,28,0,0,3,0,0,0,0,0,0,0,0,0,0,0,0,0,0,89,89,0.0,0.0,0.0,0.0,1.0,0.0,0.0,255,89,0.35,0.01,0.35,0.0,0.0,0.0,0.0,0.0,anomaly,normal,anomaly
23237,0,tcp,private,S0,0,0,0,0,0,0,0,0,0,0,0,0,0,0,0,0,0,0,111,6,1.0,1.0,0.0,0.0,0.05,0.07,0.0,255,4,0.02,0.07,0.0,0.0,1.0,1.0,0.0,0.0,anomaly,normal,anomaly
17683,0,tcp,nnsp,S0,0,0,0,0,0,0,0,0,0,0,0,0,0,0,0,0,0,0,12,4,1.0,1.0,0.0,0.0,0.33,0.33,0.0,255,4,0.02,0.09,0.0,0.0,1.0,1.0,0.0,0.0,anomaly,normal,anomaly
5237,0,tcp,private,S0,0,0,0,0,0,0,0,0,0,0,0,0,0,0,0,0,0,0,158,2,1.0,1.0,0.0,0.0,0.01,0.07,0.0,255,2,0.01,0.07,0.0,0.0,1.0,1.0,0.0,0.0,anomaly,normal,anomaly
15037,0,tcp,daytime,S0,0,0,0,0,0,0,0,0,0,0,0,0,0,0,0,0,0,0,202,1,1.0,1.0,0.0,0.0,0.0,0.07,0.0,255,1,0.0,0.09,0.0,0.0,1.0,1.0,0.0,0.0,anomaly,normal,anomaly
4170,0,tcp,auth,S0,0,0,0,0,0,0,0,0,0,0,0,0,0,0,0,0,0,0,273,18,1.0,1.0,0.0,0.0,0.07,0.04,0.0,255,18,0.07,0.05,0.0,0.0,1.0,1.0,0.0,0.0,anomaly,normal,anomaly
10883,0,udp,private,SF,28,0,0,3,0,0,0,0,0,0,0,0,0,0,0,0,0,0,99,99,0.0,0.0,0.0,0.0,1.0,0.0,0.0,255,99,0.39,0.02,0.39,0.0,0.0,0.0,0.0,0.0,anomaly,normal,anomaly
21534,0,tcp,private,REJ,0,0,0,0,0,0,0,0,0,0,0,0,0,0,0,0,0,0,189,7,0.0,0.0,1.0,1.0,0.04,0.07,0.0,255,7,0.03,0.07,0.0,0.0,0.0,0.0,1.0,1.0,anomaly,normal,anomaly
23510,0,tcp,private,REJ,0,0,0,0,0,0,0,0,0,0,0,0,0,0,0,0,0,0,93,4,0.0,0.0,1.0,1.0,0.04,0.06,0.0,255,2,0.01,0.06,0.0,0.0,0.0,0.0,1.0,1.0,anomaly,normal,anomaly
9025,0,udp,private,SF,28,0,0,3,0,0,0,0,0,0,0,0,0,0,0,0,0,0,21,21,0.0,0.0,0.0,0.0,1.0,0.0,0.0,93,21,0.23,0.04,0.23,0.0,0.0,0.0,0.0,0.0,anomaly,normal,anomaly
7617,0,tcp,private,S0,0,0,0,0,0,0,0,0,0,0,0,0,0,0,0,0,0,0,111,10,1.0,1.0,0.0,0.0,0.09,0.06,0.0,255,3,0.01,0.06,0.0,0.0,1.0,1.0,0.0,0.0,anomaly,normal,anomaly
7963,0,tcp,private,REJ,0,0,0,0,0,0,0,0,0,0,0,0,0,0,0,0,0,0,111,9,0.0,0.0,1.0,1.0,0.08,0.07,0.0,186,9,0.05,0.07,0.01,0.0,0.0,0.0,1.0,1.0,anomaly,normal,anomaly
12071,0,tcp,private,REJ,0,0,0,0,0,0,0,0,0,0,0,0,0,0,0,0,0,0,309,1,0.07,0.0,0.89,1.0,0.0,1.0,0.0,255,1,0.0,1.0,0.0,0.0,0.08,0.0,0.89,1.0,anomaly,normal,anomaly
19543,0,tcp,netbios_ssn,S0,0,0,0,0,0,0,0,0,0,0,0,0,0,0,0,0,0,0,236,2,1.0,1.0,0.0,0.0,0.01,0.07,0.0,255,2,0.01,0.08,0.0,0.0,1.0,1.0,0.0,0.0,anomaly,normal,anomaly
17154,2,tcp,ftp_data,SF,2194619,0,0,0,0,0,0,0,0,0,0,0,0,0,0,0,0,0,1,1,0.0,0.0,0.0,0.0,1.0,0.0,0.0,199,67,0.34,0.02,0.34,0.0,0.0,0.0,0.0,0.0,normal,anomaly,normal
6649,0,udp,private,SF,1,0,0,0,0,0,0,0,0,0,0,0,0,0,0,0,0,0,48,21,0.0,0.0,0.0,0.0,0.44,0.08,0.0,255,87,0.34,0.06,1.0,0.0,0.0,0.0,0.0,0.0,anomaly,normal,anomaly
13477,0,tcp,private,S0,0,0,0,0,0,0,0,0,0,0,0,0,0,0,0,0,0,0,276,13,1.0,1.0,0.0,0.0,0.05,0.05,0.0,255,8,0.03,0.07,0.0,0.0,1.0,1.0,0.0,0.0,anomaly,normal,anomaly
22597,0,tcp,name,S0,0,0,0,0,0,0,0,0,0,0,0,0,0,0,0,0,0,0,199,9,1.0,1.0,0.0,0.0,0.05,0.07,0.0,255,9,0.04,0.07,0.0,0.0,1.0,1.0,0.0,0.0,anomaly,normal,anomaly
21581,0,tcp,time,RSTO,0,0,0,0,0,0,0,0,0,0,0,0,0,0,0,0,0,0,177,12,0.0,0.0,1.0,1.0,0.07,0.07,0.0,255,12,0.05,0.07,0.0,0.0,0.0,0.0,1.0,1.0,anomaly,normal,anomaly
2115,0,udp,private,SF,1,0,0,0,0,0,0,0,0,0,0,0,0,0,0,0,0,0,10,10,0.0,0.0,0.0,0.0,1.0,0.0,0.0,255,81,0.32,0.11,0.95,0.0,0.0,0.0,0.05,0.0,anomaly,normal,anomaly
164,0,tcp,remote_job,S0,0,0,0,0,0,0,0,0,0,0,0,0,0,0,0,0,0,0,260,4,1.0,1.0,0.0,0.0,0.02,0.06,0.0,255,4,0.02,0.07,0.0,0.0,1.0,1.0,0.0,0.0,anomaly,normal,anomaly
6878,0,tcp,ftp_data,S0,0,0,0,0,0,0,0,0,0,0,0,0,0,0,0,0,0,0,231,6,1.0,1.0,0.0,0.0,0.03,0.06,0.0,255,6,0.02,0.06,0.0,0.0,1.0,1.0,0.0,0.0,anomaly,normal,anomaly
6547,0,icmp,eco_i,SF,8,0,0,0,0,0,0,0,0,0,0,0,0,0,0,0,0,0,1,29,0.0,0.0,0.0,0.0,1.0,0.0,1.0,1,217,1.0,0.0,1.0,0.25,0.0,0.0,0.0,0.0,anomaly,normal,anomaly
9721,0,tcp,private,S0,0,0,0,0,0,0,0,0,0,0,0,0,0,0,0,0,0,0,211,11,1.0,1.0,0.0,0.0,0.05,0.06,0.0,255,25,0.1,0.06,0.0,0.0,1.0,1.0,0.0,0.0,anomaly,normal,anomaly
9940,0,tcp,Z39_50,S0,0,0,0,0,0,0,0,0,0,0,0,0,0,0,0,0,0,0,243,14,1.0,1.0,0.0,0.0,0.06,0.07,0.0,255,14,0.05,0.07,0.0,0.0,1.0,1.0,0.0,0.0,anomaly,normal,anomaly
4709,0,tcp,Z39_50,S0,0,0,0,0,0,0,0,0,0,0,0,0,0,0,0,0,0,0,229,16,1.0,1.0,0.0,0.0,0.07,0.05,0.0,255,16,0.06,0.06,0.0,0.0,1.0,1.0,0.0,0.0,anomaly,normal,anomaly
4073,0,tcp,ftp_data,S0,0,0,0,0,0,0,0,0,0,0,0,0,0,0,0,0,0,0,280,24,1.0,1.0,0.0,0.0,0.09,0.05,0.0,255,24,0.09,0.05,0.0,0.0,1.0,1.0,0.0,0.0,anomaly,normal,anomaly
24005,0,udp,private,SF,28,0,0,3,0,0,0,0,0,0,0,0,0,0,0,0,0,0,15,15,0.0,0.0,0.0,0.0,1.0,0.0,0.0,255,15,0.06,0.02,0.06,0.0,0.0,0.0,0.0,0.0,anomaly,normal,anomaly
14429,0,tcp,ftp_data,S0,0,0,0,0,0,0,0,0,0,0,0,0,0,0,0,0,0,0,53,11,0.96,1.0,0.04,0.0,0.21,0.11,0.0,255,38,0.15,0.04,0.0,0.0,1.0,1.0,0.0,0.0,anomaly,normal,anomaly
12851,0,icmp,eco_i,SF,18,0,0,0,0,0,0,0,0,0,0,0,0,0,0,0,0,0,1,1,0.0,0.0,0.0,0.0,1.0,0.0,0.0,1,239,1.0,0.0,1.0,1.0,0.0,0.0,0.0,0.0,anomaly,normal,anomaly
10924,0,tcp,private,RSTR,0,0,0,0,0,0,0,0,0,0,0,0,0,0,0,0,0,0,1,1,0.0,0.0,1.0,1.0,1.0,0.0,0.0,255,1,0.0,0.24,0.23,0.0,0.0,0.0,0.23,1.0,anomaly,normal,anomaly
17463,0,icmp,eco_i,SF,8,0,0,0,0,0,0,0,0,0,0,0,0,0,0,0,0,0,1,29,0.0,0.0,0.0,0.0,1.0,0.0,1.0,2,102,1.0,0.0,1.0,0.25,0.0,0.0,0.0,0.0,anomaly,normal,anomaly
965,0,tcp,printer,RSTO,0,0,0,0,0,0,0,0,0,0,0,0,0,0,0,0,0,0,111,5,0.0,0.0,1.0,1.0,0.05,0.06,0.0,255,5,0.02,0.08,0.0,0.0,0.0,0.0,1.0,1.0,anomaly,normal,anomaly
9781,0,icmp,eco_i,SF,18,0,0,0,0,0,0,0,0,0,0,0,0,0,0,0,0,0,1,1,0.0,0.0,0.0,0.0,1.0,0.0,0.0,1,167,1.0,0.0,1.0,1.0,0.0,0.0,0.0,0.0,anomaly,normal,anomaly
11309,0,tcp,private,REJ,0,0,0,0,0,0,0,0,0,0,0,0,0,0,0,0,0,0,1,1,0.0,0.0,1.0,1.0,1.0,0.0,0.0,20,1,0.05,1.0,0.05,0.0,0.0,0.0,0.85,1.0,anomaly,normal,anomaly
23739,0,tcp,ftp_data,S0,0,0,0,0,0,0,0,0,0,0,0,0,0,0,0,0,0,0,22,2,1.0,1.0,0.0,0.0,0.09,0.18,0.0,255,61,0.24,0.02,0.01,0.0,1.0,1.0,0.0,0.0,anomaly,normal,anomaly
18598,0,tcp,private,RSTR,0,0,0,0,0,0,0,0,0,0,0,0,0,0,0,0,0,0,1,1,0.0,0.0,1.0,1.0,1.0,0.0,0.0,253,1,0.0,0.35,0.34,0.0,0.0,0.0,0.34,1.0,anomaly,normal,anomaly
1943,0,tcp,private,REJ,0,0,0,0,0,0,0,0,0,0,0,0,0,0,0,0,0,0,107,15,0.0,0.0,1.0,1.0,0.14,0.07,0.0,255,12,0.05,0.07,0.0,0.0,0.0,0.0,1.0,1.0,anomaly,normal,anomaly
22500,0,tcp,name,S0,0,0,0,0,0,0,0,0,0,0,0,0,0,0,0,0,0,0,207,19,1.0,1.0,0.0,0.0,0.09,0.06,0.0,255,19,0.07,0.07,0.0,0.0,1.0,1.0,0.0,0.0,anomaly,normal,anomaly
24723,0,tcp,efs,S0,0,0,0,0,0,0,0,0,0,0,0,0,0,0,0,0,0,0,15,14,1.0,1.0,0.0,0.0,0.93,0.13,0.0,255,14,0.05,0.07,0.0,0.0,1.0,1.0,0.0,0.0,anomaly,normal,anomaly
15288,0,tcp,private,S0,0,0,0,0,0,0,0,0,0,0,0,0,0,0,0,0,0,0,135,17,1.0,1.0,0.0,0.0,0.13,0.06,0.0,255,26,0.1,0.06,0.0,0.0,1.0,1.0,0.0,0.0,anomaly,normal,anomaly
602,0,tcp,private,S0,0,0,0,0,0,0,0,0,0,0,0,0,0,0,0,0,0,0,115,4,1.0,1.0,0.0,0.0,0.03,0.06,0.0,255,18,0.07,0.07,0.0,0.0,1.0,1.0,0.0,0.0,anomaly,normal,anomaly
8254,0,tcp,bgp,S0,0,0,0,0,0,0,0,0,0,0,0,0,0,0,0,0,0,0,184,20,1.0,1.0,0.0,0.0,0.11,0.05,0.0,255,20,0.08,0.05,0.0,0.0,1.0,1.0,0.0,0.0,anomaly,normal,anomaly
842,0,tcp,private,RSTR,0,0,0,0,0,0,0,0,0,0,0,0,0,0,0,0,0,0,1,1,0.0,0.0,1.0,1.0,1.0,0.0,0.0,53,1,0.02,0.15,0.09,0.0,0.11,0.0,0.09,1.0,anomaly,normal,anomaly
12670,0,tcp,link,REJ,0,0,0,0,0,0,0,0,0,0,0,0,0,0,0,0,0,0,251,12,0.0,0.0,1.0,1.0,0.05,0.07,0.0,255,12,0.05,0.08,0.0,0.0,0.0,0.0,1.0,1.0,anomaly,normal,anomaly
7786,0,tcp,private,S0,0,0,0,0,0,0,0,0,0,0,0,0,0,0,0,0,0,0,248,22,1.0,1.0,0.0,0.0,0.09,0.05,0.0,52,22,0.42,0.1,0.02,0.0,0.96,1.0,0.0,0.0,anomaly,normal,anomaly
14788,0,tcp,private,S0,0,0,0,0,0,0,0,0,0,0,0,0,0,0,0,0,0,0,106,6,1.0,1.0,0.0,0.0,0.06,0.08,0.0,255,12,0.05,0.07,0.0,0.0,1.0,1.0,0.0,0.0,anomaly,normal,anomaly
1482,0,tcp,http,SF,54540,8314,0,0,0,2,0,1,1,0,0,0,0,0,0,0,0,0,4,4,0.0,0.0,0.0,0.0,1.0,0.0,0.0,80,80,1.0,0.0,0.01,0.0,0.0,0.0,0.04,0.04,anomaly,normal,anomaly
1362,0,icmp,ecr_i,SF,520,0,0,0,0,0,0,0,0,0,0,0,0,0,0,0,0,0,52,52,0.0,0.0,0.0,0.0,1.0,0.0,0.0,255,255,1.0,0.0,1.0,0.0,0.0,0.0,0.0,0.0,anomaly,normal,anomaly
20210,0,tcp,iso_tsap,S0,0,0,0,0,0,0,0,0,0,0,0,0,0,0,0,0,0,0,297,20,1.0,1.0,0.0,0.0,0.07,0.06,0.0,255,20,0.08,0.08,0.0,0.0,1.0,1.0,0.0,0.0,anomaly,normal,anomaly
12556,0,tcp,time,S0,0,0,0,0,0,0,0,0,0,0,0,0,0,0,0,0,0,0,226,13,1.0,1.0,0.0,0.0,0.06,0.07,0.0,255,13,0.05,0.07,0.0,0.0,1.0,1.0,0.0,0.0,anomaly,normal,anomaly
16501,0,tcp,finger,S0,0,0,0,0,0,0,0,0,0,0,0,0,0,0,0,0,0,0,60,15,1.0,1.0,0.0,0.0,0.25,0.07,0.0,255,55,0.22,0.02,0.01,0.0,1.0,1.0,0.0,0.0,anomaly,normal,anomaly
8616,0,tcp,nntp,S0,0,0,0,0,0,0,0,0,0,0,0,0,0,0,0,0,0,0,12,5,1.0,1.0,0.0,0.0,0.42,0.42,0.0,255,5,0.02,0.08,0.0,0.0,1.0,1.0,0.0,0.0,anomaly,normal,anomaly
11971,0,tcp,private,REJ,0,0,0,0,0,0,0,0,0,0,0,0,0,0,0,0,0,0,51,1,0.0,0.0,0.96,1.0,0.02,1.0,0.0,169,1,0.01,0.37,0.01,0.0,0.0,0.0,0.31,1.0,anomaly,normal,anomaly
755,0,tcp,http,SF,54540,8314,0,0,0,2,0,1,1,0,0,0,0,0,0,0,0,0,2,2,0.0,0.0,0.0,0.0,1.0,0.0,0.0,118,118,1.0,0.0,0.01,0.0,0.0,0.0,0.02,0.02,anomaly,normal,anomaly
7546,0,tcp,hostnames,S0,0,0,0,0,0,0,0,0,0,0,0,0,0,0,0,0,0,0,214,14,1.0,1.0,0.0,0.0,0.07,0.06,0.0,255,14,0.05,0.07,0.0,0.0,1.0,1.0,0.0,0.0,anomaly,normal,anomaly
19894,0,tcp,private,S0,0,0,0,0,0,0,0,0,0,0,0,0,0,0,0,0,0,0,231,2,1.0,1.0,0.0,0.0,0.01,0.06,0.0,255,1,0.0,0.08,0.0,0.0,1.0,1.0,0.0,0.0,anomaly,normal,anomaly
17449,0,tcp,private,REJ,0,0,0,0,0,0,0,0,0,0,0,0,0,0,0,0,0,0,1,1,0.0,0.0,1.0,1.0,1.0,0.0,0.0,46,1,0.02,1.0,0.02,0.0,0.0,0.0,0.91,1.0,anomaly,normal,anomaly
6218,0,tcp,private,REJ,0,0,0,0,0,0,0,0,0,0,0,0,0,0,0,0,0,0,112,7,0.0,0.0,1.0,1.0,0.06,0.07,0.0,255,27,0.11,0.06,0.0,0.0,0.0,0.0,1.0,1.0,anomaly,normal,anomaly
4162,0,tcp,private,S0,0,0,0,0,0,0,0,0,0,0,0,0,0,0,0,0,0,0,239,23,1.0,1.0,0.0,0.0,0.1,0.05,0.0,255,23,0.09,0.07,0.0,0.0,1.0,1.0,0.0,0.0,anomaly,normal,anomaly
23024,0,icmp,eco_i,SF,8,0,0,0,0,0,0,0,0,0,0,0,0,0,0,0,0,0,1,7,0.0,0.0,0.0,0.0,1.0,0.0,1.0,2,32,1.0,0.0,1.0,0.5,0.0,0.0,0.0,0.0,anomaly,normal,anomaly
3186,0,tcp,link,S0,0,0,0,0,0,0,0,0,0,0,0,0,0,0,0,0,0,0,234,9,1.0,1.0,0.0,0.0,0.04,0.06,0.0,255,9,0.04,0.07,0.0,0.0,1.0,1.0,0.0,0.0,anomaly,normal,anomaly
14470,12160,tcp,telnet,SF,339,1729,0,0,0,0,0,1,0,0,0,0,0,0,0,0,0,0,1,1,0.0,0.0,0.0,0.0,1.0,0.0,0.0,255,9,0.04,0.07,0.0,0.0,0.78,0.11,0.0,0.0,normal,anomaly,normal
20056,0,udp,private,SF,28,0,0,3,0,0,0,0,0,0,0,0,0,0,0,0,0,0,13,13,0.0,0.0,0.0,0.0,1.0,0.0,0.0,255,13,0.05,0.01,0.05,0.0,0.0,0.0,0.0,0.0,anomaly,normal,anomaly
16029,0,icmp,eco_i,SF,8,0,0,0,0,0,0,0,0,0,0,0,0,0,0,0,0,0,1,40,0.0,0.0,0.0,0.0,1.0,0.0,1.0,1,89,1.0,0.0,1.0,0.51,0.0,0.0,0.0,0.0,anomaly,normal,anomaly
1424,0,udp,private,SF,28,0,0,3,0,0,0,0,0,0,0,0,0,0,0,0,0,0,17,17,0.0,0.0,0.0,0.0,1.0,0.0,0.0,89,17,0.19,0.04,0.19,0.0,0.0,0.0,0.0,0.0,anomaly,normal,anomaly
12334,0,tcp,nntp,S0,0,0,0,0,0,0,0,0,0,0,0,0,0,0,0,0,0,0,94,4,1.0,1.0,0.0,0.0,0.04,0.06,0.0,255,1,0.0,0.07,0.0,0.0,1.0,1.0,0.0,0.0,anomaly,normal,anomaly
875,0,tcp,bgp,S0,0,0,0,0,0,0,0,0,0,0,0,0,0,0,0,0,0,0,265,9,1.0,1.0,0.0,0.0,0.03,0.06,0.0,255,9,0.04,0.06,0.0,0.0,1.0,1.0,0.0,0.0,anomaly,normal,anomaly
11523,0,tcp,name,S0,0,0,0,0,0,0,0,0,0,0,0,0,0,0,0,0,0,0,234,3,1.0,1.0,0.0,0.0,0.01,0.07,0.0,255,3,0.01,0.07,0.0,0.0,1.0,1.0,0.0,0.0,anomaly,normal,anomaly
2534,0,tcp,sql_net,S0,0,0,0,0,0,0,0,0,0,0,0,0,0,0,0,0,0,0,122,22,1.0,1.0,0.0,0.0,0.18,0.05,0.0,255,22,0.09,0.05,0.0,0.0,1.0,1.0,0.0,0.0,anomaly,normal,anomaly
3996,0,tcp,private,RSTR,0,0,0,0,0,0,0,0,0,0,0,0,0,0,0,0,0,0,1,1,0.0,0.0,1.0,1.0,1.0,0.0,0.0,255,1,0.0,0.58,0.58,0.0,0.0,0.0,0.58,1.0,anomaly,normal,anomaly
12951,0,tcp,http,SF,54540,8314,0,0,0,2,0,1,1,0,0,0,0,0,0,0,0,0,2,2,0.0,0.0,0.0,0.0,1.0,0.0,0.0,32,32,1.0,0.0,0.03,0.0,0.03,0.03,0.03,0.03,anomaly,normal,anomaly
13912,0,tcp,telnet,S0,0,0,0,0,0,0,0,0,0,0,0,0,0,0,0,0,0,0,61,14,1.0,1.0,0.0,0.0,0.23,0.07,0.0,255,34,0.13,0.06,0.01,0.0,1.0,1.0,0.0,0.0,anomaly,normal,anomaly
18545,0,tcp,netbios_dgm,S0,0,0,0,0,0,0,0,0,0,0,0,0,0,0,0,0,0,0,238,2,1.0,1.0,0.0,0.0,0.01,0.07,0.0,255,2,0.01,0.07,0.0,0.0,1.0,1.0,0.0,0.0,anomaly,normal,anomaly
17600,0,tcp,private,S0,0,0,0,0,0,0,0,0,0,0,0,0,0,0,0,0,0,0,177,3,1.0,1.0,0.0,0.0,0.02,0.06,0.0,255,17,0.07,0.08,0.0,0.0,1.0,1.0,0.0,0.0,anomaly,normal,anomaly
10011,0,tcp,private,S0,0,0,0,0,0,0,0,0,0,0,0,0,0,0,0,0,0,0,122,16,1.0,1.0,0.0,0.0,0.13,0.07,0.0,255,2,0.01,0.07,0.0,0.0,1.0,1.0,0.0,0.0,anomaly,normal,anomaly
4228,0,tcp,gopher,REJ,0,0,0,0,0,0,0,0,0,0,0,0,0,0,0,0,0,0,270,17,0.0,0.0,1.0,1.0,0.06,0.07,0.0,255,17,0.07,0.07,0.0,0.0,0.0,0.0,1.0,1.0,anomaly,normal,anomaly
19739,0,tcp,private,S0,0,0,0,0,0,0,0,0,0,0,0,0,0,0,0,0,0,0,222,18,1.0,1.0,0.0,0.0,0.08,0.06,0.0,255,14,0.05,0.06,0.0,0.0,1.0,1.0,0.0,0.0,anomaly,normal,anomaly
16348,0,tcp,private,S0,0,0,0,0,0,0,0,0,0,0,0,0,0,0,0,0,0,0,222,3,1.0,1.0,0.0,0.0,0.01,0.07,0.0,255,9,0.04,0.09,0.0,0.0,1.0,1.0,0.0,0.0,anomaly,normal,anomaly
7065,0,tcp,finger,S0,0,0,0,0,0,0,0,0,0,0,0,0,0,0,0,0,0,0,188,1,1.0,1.0,0.0,0.0,0.01,0.07,0.0,255,1,0.0,0.07,0.0,0.0,1.0,1.0,0.0,0.0,anomaly,normal,anomaly
1542,0,udp,private,SF,1,0,0,0,0,0,0,0,0,0,0,0,0,0,0,0,0,0,30,27,0.0,0.0,0.0,0.0,0.9,0.07,0.0,255,27,0.11,0.26,1.0,0.0,0.0,0.0,0.0,0.0,anomaly,normal,anomaly
2312,0,tcp,http,S2,179,273545,0,0,0,0,0,1,0,0,0,0,0,0,0,0,0,0,2,1,0.5,1.0,0.0,0.0,0.5,1.0,0.0,255,218,0.85,0.04,0.0,0.0,0.02,0.01,0.0,0.0,normal,anomaly,normal
1889,0,tcp,private,REJ,0,0,0,0,0,0,0,0,0,0,0,0,0,0,0,0,0,0,1,1,0.0,0.0,1.0,1.0,1.0,0.0,0.0,50,1,0.02,1.0,0.02,0.0,0.0,0.0,0.96,1.0,anomaly,normal,anomaly
11764,0,tcp,telnet,S0,0,0,0,0,0,0,0,0,0,0,0,0,0,0,0,0,0,0,290,18,1.0,1.0,0.0,0.0,0.06,0.06,0.0,255,18,0.07,0.07,0.0,0.0,1.0,1.0,0.0,0.0,anomaly,normal,anomaly
14086,0,tcp,whois,S0,0,0,0,0,0,0,0,0,0,0,0,0,0,0,0,0,0,0,291,14,1.0,1.0,0.0,0.0,0.05,0.05,0.0,255,14,0.05,0.05,0.0,0.0,1.0,1.0,0.0,0.0,anomaly,normal,anomaly
8227,0,icmp,ecr_i,SF,520,0,0,0,0,0,0,0,0,0,0,0,0,0,0,0,0,0,28,28,0.0,0.0,0.0,0.0,1.0,0.0,0.0,255,255,1.0,0.0,1.0,0.0,0.0,0.0,0.0,0.0,anomaly,normal,anomaly
9175,0,tcp,gopher,REJ,0,0,0,0,0,0,0,0,0,0,0,0,0,0,0,0,0,0,103,10,0.0,0.0,1.0,1.0,0.1,0.06,0.0,255,10,0.04,0.07,0.0,0.0,0.0,0.0,1.0,1.0,anomaly,normal,anomaly
3623,2,tcp,ftp_data,SF,2194619,0,0,0,0,0,0,1,0,0,0,0,0,0,0,0,0,0,2,2,0.0,0.0,0.0,0.0,1.0,0.0,0.0,236,50,0.19,0.02,0.19,0.04,0.0,0.0,0.0,0.0,normal,anomaly,normal
22689,0,tcp,private,REJ,0,0,0,0,0,0,0,0,0,0,0,0,0,0,0,0,0,0,149,20,0.0,0.0,1.0,1.0,0.13,0.06,0.0,255,9,0.04,0.06,0.0,0.0,0.0,0.0,1.0,1.0,anomaly,normal,anomaly
4938,0,tcp,private,S0,0,0,0,0,0,0,0,0,0,0,0,0,0,0,0,0,0,0,93,15,1.0,1.0,0.0,0.0,0.16,0.05,0.0,255,15,0.06,0.06,0.0,0.0,1.0,1.0,0.0,0.0,anomaly,normal,anomaly
22464,0,tcp,iso_tsap,REJ,0,0,0,0,0,0,0,0,0,0,0,0,0,0,0,0,0,0,288,19,0.0,0.0,1.0,1.0,0.07,0.06,0.0,255,19,0.07,0.08,0.0,0.0,0.0,0.0,1.0,1.0,anomaly,normal,anomaly
9082,0,tcp,private,S0,0,0,0,0,0,0,0,0,0,0,0,0,0,0,0,0,0,0,163,1,1.0,1.0,0.0,0.0,0.01,0.07,0.0,255,1,0.0,0.08,0.0,0.0,1.0,1.0,0.0,0.0,anomaly,normal,anomaly
8897,0,tcp,private,S0,0,0,0,0,0,0,0,0,0,0,0,0,0,0,0,0,0,0,142,17,1.0,1.0,0.0,0.0,0.12,0.05,0.0,255,17,0.07,0.05,0.0,0.0,1.0,1.0,0.0,0.0,anomaly,normal,anomaly
12287,0,tcp,private,REJ,0,0,0,0,0,0,0,0,0,0,0,0,0,0,0,0,0,0,159,4,0.0,0.0,1.0,1.0,0.03,0.08,0.0,255,4,0.02,0.09,0.0,0.0,0.0,0.0,1.0,1.0,anomaly,normal,anomaly
1525,0,tcp,private,S0,0,0,0,0,0,0,0,0,0,0,0,0,0,0,0,0,0,0,147,15,1.0,1.0,0.0,0.0,0.1,0.05,0.0,255,1,0.0,0.07,0.0,0.0,1.0,1.0,0.0,0.0,anomaly,normal,anomaly
7960,0,tcp,private,S0,0,0,0,0,0,0,0,0,0,0,0,0,0,0,0,0,0,0,210,6,1.0,1.0,0.0,0.0,0.03,0.06,0.0,255,8,0.03,0.06,0.0,0.0,1.0,1.0,0.0,0.0,anomaly,normal,anomaly
138,0,icmp,ecr_i,SF,1032,0,0,0,0,0,0,0,0,0,0,0,0,0,0,0,0,0,263,263,0.0,0.0,0.0,0.0,1.0,0.0,0.0,255,255,1.0,0.0,1.0,0.0,0.0,0.0,0.0,0.0,anomaly,normal,anomaly
10618,0,tcp,bgp,S0,0,0,0,0,0,0,0,0,0,0,0,0,0,0,0,0,0,0,232,3,1.0,1.0,0.0,0.0,0.01,0.06,0.0,255,3,0.01,0.06,0.0,0.0,1.0,1.0,0.0,0.0,anomaly,normal,anomaly
23535,0,tcp,netbios_dgm,S0,0,0,0,0,0,0,0,0,0,0,0,0,0,0,0,0,0,0,244,22,1.0,1.0,0.0,0.0,0.09,0.05,0.0,255,22,0.09,0.05,0.0,0.0,1.0,1.0,0.0,0.0,anomaly,normal,anomaly
10229,0,tcp,ftp_data,S0,0,0,0,0,0,0,0,0,0,0,0,0,0,0,0,0,0,0,12,2,1.0,1.0,0.0,0.0,0.17,0.33,0.0,174,45,0.24,0.02,0.01,0.04,0.99,0.93,0.0,0.0,anomaly,normal,anomaly
2735,0,udp,private,SF,1,0,0,0,0,0,0,0,0,0,0,0,0,0,0,0,0,0,34,8,0.0,0.0,0.0,0.0,0.24,0.09,0.0,255,11,0.04,0.91,0.09,0.0,0.13,0.0,0.78,0.0,anomaly,normal,anomaly
7386,0,tcp,supdup,S0,0,0,0,0,0,0,0,0,0,0,0,0,0,0,0,0,0,0,251,4,1.0,1.0,0.0,0.0,0.02,0.06,0.0,255,4,0.02,0.07,0.0,0.0,1.0,1.0,0.0,0.0,anomaly,normal,anomaly
12058,0,tcp,private,REJ,0,0,0,0,0,0,0,0,0,0,0,0,0,0,0,0,0,0,98,17,0.0,0.0,1.0,1.0,0.17,0.07,0.0,255,17,0.07,0.06,0.0,0.0,0.0,0.0,1.0,1.0,anomaly,normal,anomaly
18280,0,tcp,uucp,S0,0,0,0,0,0,0,0,0,0,0,0,0,0,0,0,0,0,0,130,9,1.0,1.0,0.0,0.0,0.07,0.06,0.0,255,9,0.04,0.07,0.0,0.0,1.0,1.0,0.0,0.0,anomaly,normal,anomaly
1232,0,icmp,eco_i,SF,8,0,0,0,0,0,0,0,0,0,0,0,0,0,0,0,0,0,1,30,0.0,0.0,0.0,0.0,1.0,0.0,1.0,1,117,1.0,0.0,1.0,0.5,0.0,0.0,0.0,0.0,anomaly,normal,anomaly
4831,0,tcp,kshell,S0,0,0,0,0,0,0,0,0,0,0,0,0,0,0,0,0,0,0,61,1,1.0,1.0,0.0,0.0,0.02,0.07,0.0,255,1,0.0,0.05,0.0,0.0,1.0,1.0,0.0,0.0,anomaly,normal,anomaly
17820,0,tcp,daytime,S0,0,0,0,0,0,0,0,0,0,0,0,0,0,0,0,0,0,0,238,23,1.0,1.0,0.0,0.0,0.1,0.05,0.0,255,23,0.09,0.05,0.0,0.0,1.0,1.0,0.0,0.0,anomaly,normal,anomaly
19878,0,tcp,netbios_ns,REJ,0,0,0,0,0,0,0,0,0,0,0,0,0,0,0,0,0,0,233,8,0.0,0.0,1.0,1.0,0.03,0.07,0.0,255,8,0.03,0.07,0.0,0.0,0.0,0.0,1.0,1.0,anomaly,normal,anomaly
22042,0,tcp,private,S0,0,0,0,0,0,0,0,0,0,0,0,0,0,0,0,0,0,0,13,1,1.0,1.0,0.0,0.0,0.08,0.31,0.0,255,1,0.0,0.09,0.0,0.0,1.0,1.0,0.0,0.0,anomaly,normal,anomaly
13698,0,tcp,imap4,S0,0,0,0,0,0,0,0,0,0,0,0,0,0,0,0,0,0,0,257,5,1.0,1.0,0.0,0.0,0.02,0.06,0.0,255,4,0.02,0.06,0.0,0.0,1.0,1.0,0.0,0.0,anomaly,normal,anomaly
14338,0,udp,private,SF,28,0,0,3,0,0,0,0,0,0,0,0,0,0,0,0,0,0,45,45,0.0,0.0,0.0,0.0,1.0,0.0,0.0,255,45,0.18,0.64,0.18,0.0,0.01,0.0,0.52,0.0,anomaly,normal,anomaly
24690,0,tcp,private,S0,0,0,0,0,0,0,0,0,0,0,0,0,0,0,0,0,0,0,103,20,1.0,1.0,0.0,0.0,0.19,0.07,0.0,255,20,0.08,0.07,0.0,0.0,1.0,1.0,0.0,0.0,anomaly,normal,anomaly
5480,0,tcp,finger,S0,0,0,0,0,0,0,0,0,0,0,0,0,0,0,0,0,0,0,14,7,1.0,1.0,0.0,0.0,0.5,0.14,0.0,174,50,0.27,0.02,0.01,0.04,1.0,0.94,0.0,0.0,anomaly,normal,anomaly
23197,0,tcp,private,S0,0,0,0,0,0,0,0,0,0,0,0,0,0,0,0,0,0,0,227,25,1.0,1.0,0.0,0.0,0.11,0.06,0.0,255,25,0.1,0.06,0.0,0.0,1.0,1.0,0.0,0.0,anomaly,normal,anomaly
12439,0,icmp,ecr_i,SF,8,0,0,0,0,0,0,0,0,0,0,0,0,0,0,0,0,0,1,1,0.0,0.0,0.0,0.0,1.0,0.0,0.0,2,2,1.0,0.0,1.0,0.0,0.0,0.0,0.0,0.0,anomaly,normal,anomaly
19582,0,tcp,private,S0,0,0,0,0,0,0,0,0,0,0,0,0,0,0,0,0,0,0,292,14,1.0,1.0,0.0,0.0,0.05,0.05,0.0,255,13,0.05,0.07,0.0,0.0,1.0,1.0,0.0,0.0,anomaly,normal,anomaly
20024,0,tcp,courier,S0,0,0,0,0,0,0,0,0,0,0,0,0,0,0,0,0,0,0,123,7,1.0,1.0,0.0,0.0,0.06,0.06,0.0,255,7,0.03,0.05,0.0,0.0,1.0,1.0,0.0,0.0,anomaly,normal,anomaly
7363,0,tcp,private,S0,0,0,0,0,0,0,0,0,0,0,0,0,0,0,0,0,0,0,224,6,1.0,1.0,0.0,0.0,0.03,0.06,0.0,255,6,0.02,0.05,0.0,0.0,1.0,1.0,0.0,0.0,anomaly,normal,anomaly
11409,0,icmp,ecr_i,SF,1480,0,0,1,0,0,0,0,0,0,0,0,0,0,0,0,0,0,2,2,0.0,0.0,0.0,0.0,1.0,0.0,0.0,86,2,0.02,0.05,0.02,0.0,0.0,0.0,0.0,0.0,anomaly,normal,anomaly
6374,0,tcp,ldap,S0,0,0,0,0,0,0,0,0,0,0,0,0,0,0,0,0,0,0,40,4,1.0,1.0,0.0,0.0,0.1,0.15,0.0,255,4,0.02,0.09,0.0,0.0,1.0,1.0,0.0,0.0,anomaly,normal,anomaly
20668,0,tcp,http,RSTR,53208,7300,0,0,0,1,0,1,0,0,0,0,0,0,0,0,0,0,4,3,0.0,0.0,0.25,0.33,0.75,0.5,0.0,72,72,1.0,0.0,0.01,0.0,0.0,0.0,0.04,0.04,anomaly,normal,anomaly
15964,0,tcp,courier,S0,0,0,0,0,0,0,0,0,0,0,0,0,0,0,0,0,0,0,138,16,1.0,1.0,0.0,0.0,0.12,0.06,0.0,255,5,0.02,0.07,0.0,0.0,1.0,1.0,0.0,0.0,anomaly,normal,anomaly
17328,0,tcp,ftp_data,S0,0,0,0,0,0,0,0,0,0,0,0,0,0,0,0,0,0,0,207,14,1.0,1.0,0.0,0.0,0.07,0.06,0.0,255,14,0.05,0.07,0.0,0.0,1.0,1.0,0.0,0.0,anomaly,normal,anomaly
10487,0,tcp,private,REJ,0,0,0,0,0,0,0,0,0,0,0,0,0,0,0,0,0,0,222,1,0.11,0.0,0.88,1.0,0.0,1.0,0.0,255,1,0.0,0.95,0.0,0.0,0.1,0.0,0.78,1.0,anomaly,normal,anomaly
17778,0,tcp,domain,S0,0,0,0,0,0,0,0,0,0,0,0,0,0,0,0,0,0,0,291,9,1.0,1.0,0.0,0.0,0.03,0.05,0.0,255,8,0.03,0.08,0.0,0.0,1.0,1.0,0.0,0.0,anomaly,normal,anomaly
5957,0,tcp,uucp,S0,0,0,0,0,0,0,0,0,0,0,0,0,0,0,0,0,0,0,121,12,1.0,1.0,0.0,0.0,0.1,0.06,0.0,255,11,0.04,0.07,0.0,0.0,1.0,1.0,0.0,0.0,anomaly,normal,anomaly
10856,0,tcp,mtp,S0,0,0,0,0,0,0,0,0,0,0,0,0,0,0,0,0,0,0,300,20,1.0,1.0,0.0,0.0,0.07,0.06,0.0,255,20,0.08,0.07,0.0,0.0,1.0,1.0,0.0,0.0,anomaly,normal,anomaly
22438,0,tcp,http,SF,54540,8314,0,0,0,2,0,1,1,0,0,0,0,0,0,0,0,0,5,6,0.0,0.0,0.0,0.17,1.0,0.0,0.33,255,255,1.0,0.0,0.0,0.0,0.01,0.01,0.02,0.02,anomaly,normal,anomaly
22742,0,tcp,ctf,S0,0,0,0,0,0,0,0,0,0,0,0,0,0,0,0,0,0,0,289,23,1.0,1.0,0.0,0.0,0.08,0.05,0.0,255,23,0.09,0.05,0.0,0.0,1.0,1.0,0.0,0.0,anomaly,normal,anomaly
20950,0,tcp,private,REJ,0,0,0,0,0,0,0,0,0,0,0,0,0,0,0,0,0,0,187,2,0.0,0.0,1.0,1.0,0.01,0.06,0.0,255,2,0.01,0.08,0.0,0.0,0.0,0.0,1.0,1.0,anomaly,normal,anomaly
5262,0,icmp,eco_i,SF,8,0,0,0,0,0,0,0,0,0,0,0,0,0,0,0,0,0,1,33,0.0,0.0,0.0,0.0,1.0,0.0,1.0,1,37,1.0,0.0,1.0,0.51,0.0,0.0,0.0,0.0,anomaly,normal,anomaly
9253,0,tcp,private,REJ,0,0,0,0,0,0,0,0,0,0,0,0,0,0,0,0,0,0,59,8,0.0,0.0,1.0,1.0,0.14,0.07,0.0,255,8,0.03,0.07,0.0,0.0,0.0,0.0,1.0,1.0,anomaly,normal,anomaly
9068,0,tcp,private,S0,0,0,0,0,0,0,0,0,0,0,0,0,0,0,0,0,0,0,143,20,1.0,1.0,0.0,0.0,0.14,0.06,0.0,255,16,0.06,0.06,0.0,0.0,1.0,1.0,0.0,0.0,anomaly,normal,anomaly
16799,0,tcp,telnet,S0,0,0,0,0,0,0,0,0,0,0,0,0,0,0,0,0,0,0,114,19,1.0,1.0,0.0,0.0,0.17,0.07,0.0,255,4,0.02,0.09,0.0,0.0,1.0,1.0,0.0,0.0,anomaly,normal,anomaly
22297,0,tcp,exec,S0,0,0,0,0,0,0,0,0,0,0,0,0,0,0,0,0,0,0,132,3,1.0,1.0,0.0,0.0,0.02,0.06,0.0,255,5,0.02,0.07,0.0,0.0,1.0,1.0,0.0,0.0,anomaly,normal,anomaly
7129,0,tcp,private,S0,0,0,0,0,0,0,0,0,0,0,0,0,0,0,0,0,0,0,109,8,1.0,1.0,0.0,0.0,0.07,0.06,0.0,255,16,0.06,0.07,0.0,0.0,1.0,1.0,0.0,0.0,anomaly,normal,anomaly
2160,3,tcp,ftp_data,SF,2194619,0,0,0,0,0,0,0,0,0,0,0,0,0,0,0,0,0,2,2,0.0,0.0,0.0,0.0,1.0,0.0,0.0,16,35,0.38,0.12,0.38,0.06,0.0,0.0,0.0,0.0,normal,anomaly,normal
214,0,tcp,link,S0,0,0,0,0,0,0,0,0,0,0,0,0,0,0,0,0,0,0,274,22,1.0,1.0,0.0,0.0,0.08,0.05,0.0,255,22,0.09,0.05,0.0,0.0,1.0,1.0,0.0,0.0,anomaly,normal,anomaly
24123,0,tcp,time,S0,0,0,0,0,0,0,0,0,0,0,0,0,0,0,0,0,0,0,228,14,1.0,1.0,0.0,0.0,0.06,0.05,0.0,255,14,0.05,0.05,0.0,0.0,1.0,1.0,0.0,0.0,anomaly,normal,anomaly
15850,0,tcp,mtp,REJ,0,0,0,0,0,0,0,0,0,0,0,0,0,0,0,0,0,0,232,11,0.0,0.0,1.0,1.0,0.05,0.07,0.0,255,11,0.04,0.07,0.0,0.0,0.0,0.0,1.0,1.0,anomaly,normal,anomaly
23509,0,tcp,private,S0,0,0,0,0,0,0,0,0,0,0,0,0,0,0,0,0,0,0,145,2,0.94,1.0,0.0,0.0,0.01,0.06,0.0,255,2,0.01,0.07,0.0,0.0,1.0,1.0,0.0,0.0,anomaly,normal,anomaly
9353,0,tcp,auth,S0,0,0,0,0,0,0,0,0,0,0,0,0,0,0,0,0,0,0,258,4,1.0,1.0,0.0,0.0,0.02,0.06,0.0,255,4,0.02,0.07,0.0,0.0,1.0,1.0,0.0,0.0,anomaly,normal,anomaly
15201,0,tcp,domain,S0,0,0,0,0,0,0,0,0,0,0,0,0,0,0,0,0,0,0,281,11,1.0,1.0,0.0,0.0,0.04,0.06,0.0,255,4,0.02,0.08,0.0,0.0,1.0,1.0,0.0,0.0,anomaly,normal,anomaly
23515,0,tcp,private,REJ,0,0,0,0,0,0,0,0,0,0,0,0,0,0,0,0,0,0,1,1,0.0,0.0,1.0,1.0,1.0,0.0,0.0,48,2,0.02,1.0,0.02,1.0,0.0,0.0,0.98,1.0,anomaly,normal,anomaly
21999,0,tcp,finger,S0,0,0,0,0,0,0,0,0,0,0,0,0,0,0,0,0,0,0,8,8,1.0,1.0,0.0,0.0,1.0,0.0,0.0,68,14,0.12,0.06,0.01,0.14,1.0,0.57,0.0,0.0,anomaly,normal,anomaly
18770,0,tcp,Z39_50,S0,0,0,0,0,0,0,0,0,0,0,0,0,0,0,0,0,0,0,232,4,1.0,1.0,0.0,0.0,0.02,0.06,0.0,255,4,0.02,0.07,0.0,0.0,1.0,1.0,0.0,0.0,anomaly,normal,anomaly
16976,2,tcp,ftp_data,S3,2194620,0,0,0,0,0,0,1,0,0,0,0,0,0,0,0,0,0,2,2,0.5,0.5,0.0,0.0,1.0,0.0,0.0,106,33,0.25,0.07,0.25,0.06,0.01,0.03,0.0,0.0,normal,anomaly,normal
1245,0,tcp,netstat,S0,0,0,0,0,0,0,0,0,0,0,0,0,0,0,0,0,0,0,197,14,1.0,1.0,0.0,0.0,0.07,0.08,0.0,255,14,0.05,0.08,0.0,0.0,1.0,1.0,0.0,0.0,anomaly,normal,anomaly
7505,0,tcp,csnet_ns,S0,0,0,0,0,0,0,0,0,0,0,0,0,0,0,0,0,0,0,124,15,1.0,1.0,0.0,0.0,0.12,0.06,0.0,255,8,0.03,0.07,0.0,0.0,1.0,1.0,0.0,0.0,anomaly,normal,anomaly
6156,1,tcp,echo,RSTOS0,0,0,0,0,0,0,0,0,0,0,0,0,0,0,0,0,0,0,230,2,0.63,0.5,0.37,0.5,0.01,0.42,0.0,255,2,0.01,0.38,0.9,0.0,0.57,0.5,0.33,0.5,anomaly,normal,anomaly
24713,0,icmp,eco_i,SF,8,0,0,0,0,0,0,0,0,0,0,0,0,0,0,0,0,0,1,49,0.0,0.0,0.0,0.0,1.0,0.0,1.0,1,135,1.0,0.0,1.0,0.5,0.0,0.0,0.0,0.0,anomaly,normal,anomaly
10216,0,tcp,ftp_data,SF,334,0,0,0,0,0,0,1,0,0,0,0,0,0,0,0,0,0,2,2,0.0,0.0,0.0,0.0,1.0,0.0,0.0,255,85,0.33,0.07,0.35,0.0,0.01,0.04,0.0,0.0,anomaly,normal,anomaly
5525,0,icmp,ecr_i,SF,1480,0,0,1,0,0,0,0,0,0,0,0,0,0,0,0,0,0,11,11,0.0,0.0,0.0,0.0,1.0,0.0,0.0,95,11,0.12,0.04,0.12,0.0,0.0,0.0,0.0,0.0,anomaly,normal,anomaly
9236,0,tcp,gopher,REJ,0,0,0,0,0,0,0,0,0,0,0,0,0,0,0,0,0,0,105,12,0.0,0.0,1.0,1.0,0.11,0.06,0.0,255,12,0.05,0.08,0.0,0.0,0.0,0.0,1.0,1.0,anomaly,normal,anomaly
10877,0,tcp,private,S0,0,0,0,0,0,0,0,0,0,0,0,0,0,0,0,0,0,0,235,3,1.0,1.0,0.0,0.0,0.01,0.07,0.0,255,6,0.02,0.06,0.0,0.0,1.0,1.0,0.0,0.0,anomaly,normal,anomaly
770,0,tcp,discard,S0,0,0,0,0,0,0,0,0,0,0,0,0,0,0,0,0,0,0,244,5,1.0,1.0,0.0,0.0,0.02,0.07,0.0,255,5,0.02,0.07,0.0,0.0,1.0,1.0,0.0,0.0,anomaly,normal,anomaly
1332,0,tcp,csnet_ns,S0,0,0,0,0,0,0,0,0,0,0,0,0,0,0,0,0,0,0,89,1,1.0,1.0,0.0,0.0,0.01,0.09,0.0,255,1,0.0,0.07,0.0,0.0,1.0,1.0,0.0,0.0,anomaly,normal,anomaly
19498,0,tcp,nnsp,S0,0,0,0,0,0,0,0,0,0,0,0,0,0,0,0,0,0,0,73,10,1.0,1.0,0.0,0.0,0.14,0.07,0.0,255,10,0.04,0.07,0.0,0.0,1.0,1.0,0.0,0.0,anomaly,normal,anomaly
9338,0,tcp,efs,S0,0,0,0,0,0,0,0,0,0,0,0,0,0,0,0,0,0,0,145,21,1.0,1.0,0.0,0.0,0.14,0.05,0.0,255,21,0.08,0.05,0.0,0.0,1.0,1.0,0.0,0.0,anomaly,normal,anomaly
17710,0,tcp,link,S0,0,0,0,0,0,0,0,0,0,0,0,0,0,0,0,0,0,0,251,18,1.0,1.0,0.0,0.0,0.07,0.06,0.0,255,18,0.07,0.07,0.0,0.0,1.0,1.0,0.0,0.0,anomaly,normal,anomaly
11243,0,tcp,iso_tsap,S0,0,0,0,0,0,0,0,0,0,0,0,0,0,0,0,0,0,0,232,16,1.0,1.0,0.0,0.0,0.07,0.06,0.0,255,16,0.06,0.07,0.0,0.0,1.0,1.0,0.0,0.0,anomaly,normal,anomaly
16108,0,tcp,sunrpc,RSTO,0,0,0,0,0,0,0,0,0,0,0,0,0,0,0,0,0,0,179,7,0.0,0.0,1.0,1.0,0.04,0.07,0.0,255,7,0.03,0.08,0.0,0.0,0.0,0.0,1.0,1.0,anomaly,normal,anomaly
2946,0,tcp,private,REJ,0,0,0,0,0,0,0,0,0,0,0,0,0,0,0,0,0,0,256,16,0.0,0.0,1.0,1.0,0.06,0.06,0.0,255,16,0.06,0.09,0.0,0.0,0.0,0.0,1.0,1.0,anomaly,normal,anomaly
19603,0,tcp,auth,S0,0,0,0,0,0,0,0,0,0,0,0,0,0,0,0,0,0,0,272,8,1.0,1.0,0.0,0.0,0.03,0.06,0.0,255,8,0.03,0.08,0.0,0.0,1.0,1.0,0.0,0.0,anomaly,normal,anomaly
20103,0,tcp,finger,S0,0,0,0,0,0,0,0,0,0,0,0,0,0,0,0,0,0,0,73,20,1.0,1.0,0.0,0.0,0.27,0.05,0.0,235,62,0.26,0.02,0.01,0.03,0.99,0.97,0.0,0.0,anomaly,normal,anomaly
12469,0,icmp,eco_i,SF,18,0,0,0,0,0,0,0,0,0,0,0,0,0,0,0,0,0,1,1,0.0,0.0,0.0,0.0,1.0,0.0,0.0,1,83,1.0,0.0,1.0,1.0,0.0,0.0,0.0,0.0,anomaly,normal,anomaly
21384,0,udp,private,SF,28,0,0,3,0,0,0,0,0,0,0,0,0,0,0,0,0,0,18,18,0.0,0.0,0.0,0.0,1.0,0.0,0.0,90,18,0.2,0.04,0.2,0.0,0.0,0.0,0.0,0.0,anomaly,normal,anomaly
6037,0,tcp,private,S0,0,0,0,0,0,0,0,0,0,0,0,0,0,0,0,0,0,0,194,20,0.62,1.0,0.0,0.0,0.1,0.04,0.0,255,1,0.0,0.06,0.0,0.0,1.0,1.0,0.0,0.0,anomaly,normal,anomaly
4068,0,tcp,private,S0,0,0,0,0,0,0,0,0,0,0,0,0,0,0,0,0,0,0,129,18,1.0,1.0,0.0,0.0,0.14,0.05,0.0,207,18,0.09,0.09,0.0,0.0,1.0,1.0,0.0,0.0,anomaly,normal,anomaly
17559,0,tcp,private,S0,0,0,0,0,0,0,0,0,0,0,0,0,0,0,0,0,0,0,129,13,1.0,1.0,0.0,0.0,0.1,0.05,0.0,255,26,0.1,0.05,0.0,0.0,1.0,1.0,0.0,0.0,anomaly,normal,anomaly
48,0,tcp,ftp_data,SF,334,0,0,0,0,0,0,1,0,0,0,0,0,0,0,0,0,0,2,2,0.0,0.0,0.0,0.0,1.0,0.0,0.0,4,38,1.0,0.0,1.0,0.18,0.0,0.0,0.0,0.0,anomaly,normal,anomaly
20894,0,tcp,gopher,S0,0,0,0,0,0,0,0,0,0,0,0,0,0,0,0,0,0,0,235,2,1.0,1.0,0.0,0.0,0.01,0.07,0.0,255,2,0.01,0.08,0.0,0.0,1.0,1.0,0.0,0.0,anomaly,normal,anomaly
23683,0,icmp,eco_i,SF,8,0,0,0,0,0,0,0,0,0,0,0,0,0,0,0,0,0,1,4,0.0,0.0,0.0,0.0,1.0,0.0,1.0,1,125,1.0,0.0,1.0,0.26,0.0,0.0,0.0,0.0,anomaly,normal,anomaly
5000,0,tcp,pop_2,S0,0,0,0,0,0,0,0,0,0,0,0,0,0,0,0,0,0,0,244,17,1.0,1.0,0.0,0.0,0.07,0.07,0.0,255,17,0.07,0.07,0.0,0.0,1.0,1.0,0.0,0.0,anomaly,normal,anomaly
9787,0,tcp,exec,RSTO,0,0,0,0,0,0,0,0,0,0,0,0,0,0,0,0,0,0,138,10,0.0,0.0,1.0,1.0,0.07,0.06,0.0,255,4,0.02,0.07,0.0,0.0,0.0,0.0,1.0,1.0,anomaly,normal,anomaly
17149,0,tcp,private,REJ,0,0,0,0,0,0,0,0,0,0,0,0,0,0,0,0,0,0,119,2,0.0,0.0,1.0,1.0,0.02,0.08,0.0,255,2,0.01,0.09,0.0,0.0,0.0,0.0,1.0,1.0,anomaly,normal,anomaly
11341,0,tcp,name,S0,0,0,0,0,0,0,0,0,0,0,0,0,0,0,0,0,0,0,175,4,1.0,1.0,0.0,0.0,0.02,0.07,0.0,255,4,0.02,0.07,0.0,0.0,1.0,1.0,0.0,0.0,anomaly,normal,anomaly
5541,0,tcp,telnet,S0,0,0,0,0,0,0,0,0,0,0,0,0,0,0,0,0,0,0,233,17,1.0,1.0,0.0,0.0,0.07,0.05,0.0,255,17,0.07,0.06,0.0,0.0,1.0,1.0,0.0,0.0,anomaly,normal,anomaly
23504,0,icmp,eco_i,SF,18,0,0,0,0,0,0,0,0,0,0,0,0,0,0,0,0,0,1,1,0.0,0.0,0.0,0.0,1.0,0.0,0.0,3,3,1.0,0.0,1.0,0.0,0.0,0.0,0.0,0.0,anomaly,normal,anomaly
20290,0,tcp,uucp,S0,0,0,0,0,0,0,0,0,0,0,0,0,0,0,0,0,0,0,143,20,1.0,1.0,0.0,0.0,0.14,0.06,0.0,255,2,0.01,0.06,0.0,0.0,1.0,1.0,0.0,0.0,anomaly,normal,anomaly
18908,0,tcp,private,S0,0,0,0,0,0,0,0,0,0,0,0,0,0,0,0,0,0,0,290,15,1.0,1.0,0.0,0.0,0.05,0.06,0.0,255,5,0.02,0.07,0.0,0.0,1.0,1.0,0.0,0.0,anomaly,normal,anomaly
16563,0,tcp,rje,S0,0,0,0,0,0,0,0,0,0,0,0,0,0,0,0,0,0,0,249,4,1.0,1.0,0.0,0.0,0.02,0.06,0.0,255,4,0.02,0.07,0.0,0.0,1.0,1.0,0.0,0.0,anomaly,normal,anomaly
7004,0,udp,private,SF,207,0,0,0,0,0,0,0,0,0,0,0,0,0,0,0,0,0,2,2,0.0,0.0,0.0,0.0,1.0,0.0,0.0,74,66,0.89,0.03,0.89,0.0,0.0,0.0,0.0,0.0,anomaly,normal,anomaly
2771,0,tcp,private,REJ,0,0,0,0,0,0,0,0,0,0,0,0,0,0,0,0,0,0,248,18,0.0,0.0,1.0,1.0,0.07,0.07,0.0,255,18,0.07,0.07,0.0,0.0,0.0,0.0,1.0,1.0,anomaly,normal,anomaly
8806,0,tcp,nnsp,S0,0,0,0,0,0,0,0,0,0,0,0,0,0,0,0,0,0,0,132,20,1.0,1.0,0.0,0.0,0.15,0.05,0.0,255,1,0.0,0.07,0.0,0.0,1.0,1.0,0.0,0.0,anomaly,normal,anomaly
13051,0,tcp,private,S0,0,0,0,0,0,0,0,0,0,0,0,0,0,0,0,0,0,0,84,2,1.0,1.0,0.0,0.0,0.02,0.07,0.0,255,20,0.08,0.06,0.0,0.0,1.0,1.0,0.0,0.0,anomaly,normal,anomaly
22941,0,tcp,private,S0,0,0,0,0,0,0,0,0,0,0,0,0,0,0,0,0,0,0,153,19,1.0,1.0,0.0,0.0,0.12,0.07,0.0,255,19,0.07,0.06,0.0,0.0,1.0,1.0,0.0,0.0,anomaly,normal,anomaly
43,9052,udp,other,SF,146,105,0,0,0,0,0,0,0,0,0,0,0,0,0,0,0,0,4,2,0.0,0.0,0.0,0.0,0.5,0.5,0.0,255,2,0.01,0.66,0.99,0.0,0.0,0.0,0.0,0.0,normal,anomaly,normal
5720,0,udp,private,SF,28,0,0,3,0,0,0,0,0,0,0,0,0,0,0,0,0,0,38,38,0.0,0.0,0.0,0.0,1.0,0.0,0.0,241,38,0.16,0.05,0.16,0.0,0.02,0.0,0.0,0.0,anomaly,normal,anomaly
3114,0,tcp,private,S0,0,0,0,0,0,0,0,0,0,0,0,0,0,0,0,0,0,0,11,5,1.0,1.0,0.0,0.0,0.45,0.27,0.0,255,19,0.07,0.09,0.0,0.0,1.0,1.0,0.0,0.0,anomaly,normal,anomaly
24329,0,tcp,sunrpc,S0,0,0,0,0,0,0,0,0,0,0,0,0,0,0,0,0,0,0,248,22,1.0,1.0,0.0,0.0,0.09,0.06,0.0,255,22,0.09,0.07,0.0,0.0,1.0,1.0,0.0,0.0,anomaly,normal,anomaly
3419,0,tcp,private,S0,0,0,0,0,0,0,0,0,0,0,0,0,0,0,0,0,0,0,230,3,1.0,1.0,0.0,0.0,0.01,0.07,0.0,255,18,0.07,0.07,0.0,0.0,1.0,1.0,0.0,0.0,anomaly,normal,anomaly
8296,0,tcp,finger,S0,0,0,0,0,0,0,0,0,0,0,0,0,0,0,0,0,0,0,68,18,1.0,1.0,0.0,0.0,0.26,0.06,0.0,255,43,0.17,0.04,0.01,0.0,1.0,1.0,0.0,0.0,anomaly,normal,anomaly
16499,0,tcp,telnet,S0,0,0,0,0,0,0,0,0,0,0,0,0,0,0,0,0,0,0,3,1,1.0,1.0,0.0,0.0,0.33,1.0,0.0,255,41,0.16,0.04,0.01,0.0,1.0,1.0,0.0,0.0,anomaly,normal,anomaly
14579,0,icmp,eco_i,SF,8,0,0,0,0,0,0,0,0,0,0,0,0,0,0,0,0,0,1,11,0.0,0.0,0.0,0.0,1.0,0.0,1.0,2,86,1.0,0.0,1.0,0.5,0.0,0.0,0.0,0.0,anomaly,normal,anomaly
14885,0,tcp,uucp,S0,0,0,0,0,0,0,0,0,0,0,0,0,0,0,0,0,0,0,148,18,1.0,1.0,0.0,0.0,0.12,0.06,0.0,255,11,0.04,0.07,0.0,0.0,1.0,1.0,0.0,0.0,anomaly,normal,anomaly
7222,0,tcp,private,REJ,0,0,0,0,0,0,0,0,0,0,0,0,0,0,0,0,0,0,109,7,0.0,0.0,1.0,1.0,0.06,0.08,0.0,255,7,0.03,0.08,0.0,0.0,0.0,0.0,1.0,1.0,anomaly,normal,anomaly
17842,0,icmp,eco_i,SF,8,0,0,0,0,0,0,0,0,0,0,0,0,0,0,0,0,0,1,51,0.0,0.0,0.0,0.0,1.0,0.0,1.0,1,67,1.0,0.0,1.0,0.51,0.0,0.0,0.0,0.0,anomaly,normal,anomaly
14852,0,tcp,private,S0,0,0,0,0,0,0,0,0,0,0,0,0,0,0,0,0,0,0,112,11,1.0,1.0,0.0,0.0,0.1,0.06,0.0,255,29,0.11,0.06,0.0,0.0,1.0,1.0,0.0,0.0,anomaly,normal,anomaly
11491,0,tcp,discard,S0,0,0,0,0,0,0,0,0,0,0,0,0,0,0,0,0,0,0,126,18,1.0,1.0,0.0,0.0,0.14,0.06,0.0,255,12,0.05,0.06,0.0,0.0,1.0,1.0,0.0,0.0,anomaly,normal,anomaly
19204,0,tcp,nnsp,REJ,0,0,0,0,0,0,0,0,0,0,0,0,0,0,0,0,0,0,145,16,0.0,0.0,1.0,1.0,0.11,0.06,0.0,255,15,0.06,0.06,0.0,0.0,0.0,0.0,1.0,1.0,anomaly,normal,anomaly
22887,0,tcp,Z39_50,S0,0,0,0,0,0,0,0,0,0,0,0,0,0,0,0,0,0,0,297,20,1.0,1.0,0.0,0.0,0.07,0.05,0.0,255,20,0.08,0.07,0.0,0.0,1.0,1.0,0.0,0.0,anomaly,normal,anomaly
20814,0,tcp,telnet,S0,0,0,0,0,0,0,0,0,0,0,0,0,0,0,0,0,0,0,63,15,1.0,1.0,0.0,0.0,0.24,0.06,0.0,255,63,0.25,0.02,0.0,0.0,1.0,1.0,0.0,0.0,anomaly,normal,anomaly
8955,0,icmp,ecr_i,SF,1032,0,0,0,0,0,0,0,0,0,0,0,0,0,0,0,0,0,351,351,0.0,0.0,0.0,0.0,1.0,0.0,0.0,255,255,1.0,0.0,1.0,0.0,0.0,0.0,0.0,0.0,anomaly,normal,anomaly
11400,0,tcp,ftp_data,SF,501760,0,0,0,0,0,0,0,0,0,0,0,0,0,0,0,0,0,2,2,0.0,0.0,0.0,0.0,1.0,0.0,0.0,128,40,0.12,0.03,0.12,0.05,0.0,0.0,0.0,0.0,normal,anomaly,normal
2242,6,tcp,gopher,SF,0,0,0,0,0,0,0,0,0,0,0,0,0,0,0,0,0,0,1,1,0.0,0.0,0.0,0.0,1.0,0.0,0.0,51,2,0.02,1.0,0.02,1.0,0.0,0.0,0.92,0.5,anomaly,normal,anomaly
4546,0,tcp,nnsp,S0,0,0,0,0,0,0,0,0,0,0,0,0,0,0,0,0,0,0,48,7,1.0,1.0,0.0,0.0,0.15,0.12,0.0,255,7,0.03,0.09,0.0,0.0,1.0,1.0,0.0,0.0,anomaly,normal,anomaly
15738,0,tcp,private,S0,0,0,0,0,0,0,0,0,0,0,0,0,0,0,0,0,0,0,90,2,1.0,1.0,0.0,0.0,0.02,0.07,0.0,255,19,0.07,0.07,0.0,0.0,1.0,1.0,0.0,0.0,anomaly,normal,anomaly
12905,0,tcp,http,SF,54540,8314,0,0,0,2,0,1,1,0,0,0,0,0,0,0,0,0,5,5,0.0,0.0,0.2,0.2,1.0,0.0,0.0,135,135,1.0,0.0,0.01,0.0,0.0,0.0,0.05,0.05,anomaly,normal,anomaly
5852,0,udp,private,SF,1,0,0,0,0,0,0,0,0,0,0,0,0,0,0,0,0,0,26,5,0.0,0.0,0.0,0.0,0.19,0.12,0.0,255,5,0.02,0.89,0.13,0.0,0.11,0.0,0.76,0.0,anomaly,normal,anomaly
25032,0,tcp,private,S0,0,0,0,0,0,0,0,0,0,0,0,0,0,0,0,0,0,0,130,5,1.0,1.0,0.0,0.0,0.04,0.06,0.0,255,16,0.06,0.07,0.0,0.0,1.0,1.0,0.0,0.0,anomaly,normal,anomaly
16213,0,tcp,auth,S0,0,0,0,0,0,0,0,0,0,0,0,0,0,0,0,0,0,0,270,20,1.0,1.0,0.0,0.0,0.07,0.06,0.0,255,20,0.08,0.07,0.0,0.0,1.0,1.0,0.0,0.0,anomaly,normal,anomaly
18825,0,icmp,eco_i,SF,8,0,0,0,0,0,0,0,0,0,0,0,0,0,0,0,0,0,1,46,0.0,0.0,0.0,0.0,1.0,0.0,1.0,3,203,1.0,0.0,1.0,0.25,0.0,0.0,0.0,0.0,anomaly,normal,anomaly
15454,0,tcp,finger,SF,5,0,0,0,0,0,0,0,0,0,0,0,0,0,0,0,0,0,34,1,0.0,0.0,0.0,0.0,0.03,0.06,0.0,102,5,0.01,0.06,0.01,0.4,0.0,0.0,0.0,0.0,anomaly,normal,anomaly
4767,1,tcp,ftp,SF,1190,2447,0,0,0,28,0,1,0,0,0,0,0,0,0,0,0,1,1,1,0.0,0.0,0.0,0.0,1.0,0.0,0.0,255,133,0.52,0.02,0.0,0.0,0.0,0.0,0.0,0.0,anomaly,normal,anomaly
15244,0,udp,private,SF,1,0,0,0,0,0,0,0,0,0,0,0,0,0,0,0,0,0,20,1,0.0,0.0,0.0,0.0,0.05,0.25,0.0,255,1,0.0,0.24,1.0,0.0,0.0,0.0,0.0,0.0,anomaly,normal,anomaly
997,0,tcp,private,S0,0,0,0,0,0,0,0,0,0,0,0,0,0,0,0,0,0,0,113,7,1.0,1.0,0.0,0.0,0.06,0.08,0.0,255,7,0.03,0.07,0.0,0.0,1.0,1.0,0.0,0.0,anomaly,normal,anomaly
12782,0,tcp,smtp,S0,0,0,0,0,0,0,0,0,0,0,0,0,0,0,0,0,0,0,102,22,1.0,1.0,0.0,0.0,0.22,0.06,0.0,255,6,0.02,0.05,0.0,0.0,1.0,1.0,0.0,0.0,anomaly,normal,anomaly
13344,0,tcp,private,S0,0,0,0,0,0,0,0,0,0,0,0,0,0,0,0,0,0,0,205,3,1.0,1.0,0.0,0.0,0.01,0.07,0.0,255,11,0.04,0.05,0.0,0.0,1.0,1.0,0.0,0.0,anomaly,normal,anomaly
3773,0,tcp,vmnet,REJ,0,0,0,0,0,0,0,0,0,0,0,0,0,0,0,0,0,0,208,4,0.0,0.0,1.0,1.0,0.02,0.07,0.0,255,4,0.02,0.08,0.0,0.0,0.0,0.0,1.0,1.0,anomaly,normal,anomaly
15,0,tcp,netbios_ns,S0,0,0,0,0,0,0,0,0,0,0,0,0,0,0,0,0,0,0,96,16,1.0,1.0,0.0,0.0,0.17,0.05,0.0,255,2,0.01,0.06,0.0,0.0,1.0,1.0,0.0,0.0,anomaly,normal,anomaly
8951,0,tcp,link,REJ,0,0,0,0,0,0,0,0,0,0,0,0,0,0,0,0,0,0,255,14,0.0,0.0,1.0,1.0,0.05,0.07,0.0,255,14,0.05,0.08,0.0,0.0,0.0,0.0,1.0,1.0,anomaly,normal,anomaly
23806,0,udp,private,SF,28,0,0,3,0,0,0,0,0,0,0,0,0,0,0,0,0,0,28,27,0.0,0.0,0.04,0.0,0.96,0.07,0.0,255,27,0.11,0.02,0.11,0.0,0.0,0.0,0.69,0.0,anomaly,normal,anomaly
22743,0,tcp,vmnet,S0,0,0,0,0,0,0,0,0,0,0,0,0,0,0,0,0,0,0,212,9,1.0,1.0,0.0,0.0,0.04,0.07,0.0,255,9,0.04,0.07,0.0,0.0,1.0,1.0,0.0,0.0,anomaly,normal,anomaly
4412,0,tcp,whois,S0,0,0,0,0,0,0,0,0,0,0,0,0,0,0,0,0,0,0,137,9,1.0,1.0,0.0,0.0,0.07,0.07,0.0,255,6,0.02,0.06,0.0,0.0,1.0,1.0,0.0,0.0,anomaly,normal,anomaly
16771,0,tcp,private,REJ,0,0,0,0,0,0,0,0,0,0,0,0,0,0,0,0,0,0,38,18,0.0,0.0,1.0,1.0,0.47,0.08,0.0,255,18,0.07,0.06,0.0,0.0,0.0,0.0,1.0,1.0,anomaly,normal,anomaly
24961,0,tcp,private,S0,0,0,0,0,0,0,0,0,0,0,0,0,0,0,0,0,0,0,140,18,1.0,1.0,0.0,0.0,0.13,0.06,0.0,255,16,0.06,0.07,0.0,0.0,1.0,1.0,0.0,0.0,anomaly,normal,anomaly
11067,0,tcp,private,S0,0,0,0,0,0,0,0,0,0,0,0,0,0,0,0,0,0,0,267,18,1.0,1.0,0.0,0.0,0.07,0.07,0.0,255,18,0.07,0.08,0.0,0.0,1.0,1.0,0.0,0.0,anomaly,normal,anomaly
15055,0,tcp,finger,S0,0,0,0,0,0,0,0,0,0,0,0,0,0,0,0,0,0,0,67,17,1.0,1.0,0.0,0.0,0.25,0.06,0.0,255,64,0.25,0.02,0.02,0.0,1.0,1.0,0.0,0.0,anomaly,normal,anomaly
18731,0,icmp,eco_i,SF,8,0,0,0,0,0,0,0,0,0,0,0,0,0,0,0,0,0,1,35,0.0,0.0,0.0,0.0,1.0,0.0,1.0,2,212,1.0,0.0,1.0,0.5,0.0,0.0,0.0,0.0,anomaly,normal,anomaly
12615,0,tcp,supdup,S0,0,0,0,0,0,0,0,0,0,0,0,0,0,0,0,0,0,0,23,1,1.0,1.0,0.0,0.0,0.04,0.17,0.0,255,1,0.0,0.09,0.0,0.0,1.0,1.0,0.0,0.0,anomaly,normal,anomaly
6676,0,tcp,telnet,S0,0,0,0,0,0,0,0,0,0,0,0,0,0,0,0,0,0,0,46,10,1.0,1.0,0.0,0.0,0.22,0.09,0.0,128,33,0.25,0.03,0.03,0.06,0.98,0.91,0.0,0.0,anomaly,normal,anomaly
2409,0,icmp,eco_i,SF,8,0,0,0,0,0,0,0,0,0,0,0,0,0,0,0,0,0,1,26,0.0,0.0,0.0,0.0,1.0,0.0,1.0,4,108,1.0,0.0,1.0,0.25,0.0,0.0,0.0,0.0,anomaly,normal,anomaly
11911,0,tcp,private,S0,0,0,0,0,0,0,0,0,0,0,0,0,0,0,0,0,0,0,127,16,1.0,1.0,0.0,0.0,0.13,0.07,0.0,255,14,0.05,0.09,0.0,0.0,1.0,1.0,0.0,0.0,anomaly,normal,anomaly
8888,0,tcp,login,S0,0,0,0,0,0,0,0,0,0,0,0,0,0,0,0,0,0,0,144,19,1.0,1.0,0.0,0.0,0.13,0.06,0.0,255,19,0.07,0.06,0.0,0.0,1.0,1.0,0.0,0.0,anomaly,normal,anomaly
12514,0,udp,private,SF,28,0,0,3,0,0,0,0,0,0,0,0,0,0,0,0,0,0,48,48,0.0,0.0,0.0,0.0,1.0,0.0,0.0,255,148,0.58,0.42,0.58,0.0,0.09,0.0,0.33,0.0,anomaly,normal,anomaly
11215,0,icmp,eco_i,SF,18,0,0,0,0,0,0,0,0,0,0,0,0,0,0,0,0,0,2,1,0.0,0.0,0.5,0.0,0.5,1.0,0.0,14,245,0.29,0.14,0.29,0.25,0.0,0.0,0.07,0.0,anomaly,normal,anomaly
5596,0,tcp,private,S0,0,0,0,0,0,0,0,0,0,0,0,0,0,0,0,0,0,0,294,16,1.0,1.0,0.0,0.0,0.05,0.05,0.0,255,20,0.08,0.05,0.0,0.0,1.0,1.0,0.0,0.0,anomaly,normal,anomaly
19059,0,tcp,private,S0,0,0,0,0,0,0,0,0,0,0,0,0,0,0,0,0,0,0,133,20,1.0,1.0,0.0,0.0,0.15,0.05,0.0,255,1,0.0,0.06,0.0,0.0,1.0,1.0,0.0,0.0,anomaly,normal,anomaly
14214,0,tcp,netbios_ns,S0,0,0,0,0,0,0,0,0,0,0,0,0,0,0,0,0,0,0,232,1,1.0,1.0,0.0,0.0,0.0,0.06,0.0,255,1,0.0,0.07,0.0,0.0,1.0,1.0,0.0,0.0,anomaly,normal,anomaly
16529,0,tcp,private,S0,0,0,0,0,0,0,0,0,0,0,0,0,0,0,0,0,0,0,120,5,1.0,1.0,0.0,0.0,0.04,0.08,0.0,255,20,0.08,0.07,0.0,0.0,1.0,1.0,0.0,0.0,anomaly,normal,anomaly
22382,0,tcp,private,S0,0,0,0,0,0,0,0,0,0,0,0,0,0,0,0,0,0,0,251,2,1.0,1.0,0.0,0.0,0.01,0.07,0.0,255,2,0.01,0.09,0.0,0.0,1.0,1.0,0.0,0.0,anomaly,normal,anomaly
5220,7034,udp,other,SF,147,105,0,0,0,0,0,0,0,0,0,0,0,0,0,0,0,0,1,1,0.0,0.0,0.0,0.0,1.0,0.0,0.0,255,1,0.0,0.82,0.99,0.0,0.0,0.0,0.0,0.0,normal,anomaly,normal
16599,0,tcp,private,S0,0,0,0,0,0,0,0,0,0,0,0,0,0,0,0,0,0,0,106,5,1.0,1.0,0.0,0.0,0.05,0.08,0.0,255,8,0.03,0.06,0.0,0.0,1.0,1.0,0.0,0.0,anomaly,normal,anomaly
4421,0,tcp,ftp_data,S0,0,0,0,0,0,0,0,0,0,0,0,0,0,0,0,0,0,0,254,13,1.0,1.0,0.0,0.0,0.05,0.06,0.0,255,9,0.04,0.07,0.0,0.0,1.0,1.0,0.0,0.0,anomaly,normal,anomaly
24604,0,tcp,iso_tsap,S0,0,0,0,0,0,0,0,0,0,0,0,0,0,0,0,0,0,0,230,1,1.0,1.0,0.0,0.0,0.0,0.06,0.0,255,2,0.01,0.07,0.0,0.0,1.0,1.0,0.0,0.0,anomaly,normal,anomaly
16714,0,tcp,private,S0,0,0,0,0,0,0,0,0,0,0,0,0,0,0,0,0,0,0,128,18,1.0,1.0,0.0,0.0,0.14,0.05,0.0,255,3,0.01,0.06,0.0,0.0,1.0,1.0,0.0,0.0,anomaly,normal,anomaly
14620,0,tcp,telnet,S0,0,0,0,0,0,0,0,0,0,0,0,0,0,0,0,0,0,0,51,10,1.0,1.0,0.0,0.0,0.2,0.08,0.0,255,55,0.22,0.04,0.02,0.0,1.0,1.0,0.0,0.0,anomaly,normal,anomaly
6859,0,tcp,iso_tsap,S0,0,0,0,0,0,0,0,0,0,0,0,0,0,0,0,0,0,0,286,21,1.0,1.0,0.0,0.0,0.07,0.05,0.0,255,21,0.08,0.05,0.0,0.0,1.0,1.0,0.0,0.0,anomaly,normal,anomaly
17075,0,tcp,courier,S0,0,0,0,0,0,0,0,0,0,0,0,0,0,0,0,0,0,0,108,2,1.0,1.0,0.0,0.0,0.02,0.06,0.0,255,2,0.01,0.08,0.0,0.0,1.0,1.0,0.0,0.0,anomaly,normal,anomaly
21139,0,udp,private,SF,1,0,0,0,0,0,0,0,0,0,0,0,0,0,0,0,0,0,11,7,0.0,0.0,0.0,0.0,0.64,0.18,0.0,255,7,0.03,0.42,0.7,0.0,0.03,0.0,0.27,0.0,anomaly,normal,anomaly
10674,0,tcp,time,S0,0,0,0,0,0,0,0,0,0,0,0,0,0,0,0,0,0,0,229,14,1.0,1.0,0.0,0.0,0.06,0.07,0.0,255,14,0.05,0.08,0.0,0.0,1.0,1.0,0.0,0.0,anomaly,normal,anomaly
24304,0,tcp,private,S0,0,0,0,0,0,0,0,0,0,0,0,0,0,0,0,0,0,0,238,20,1.0,1.0,0.0,0.0,0.08,0.05,0.0,255,20,0.08,0.07,0.0,0.0,1.0,1.0,0.0,0.0,anomaly,normal,anomaly
21060,0,tcp,time,RSTO,0,0,0,0,0,0,0,0,0,0,0,0,0,0,0,0,0,0,122,7,0.0,0.0,1.0,1.0,0.06,0.07,0.0,255,7,0.03,0.07,0.0,0.0,0.0,0.0,1.0,1.0,anomaly,normal,anomaly
20562,0,tcp,private,S0,0,0,0,0,0,0,0,0,0,0,0,0,0,0,0,0,0,0,193,4,1.0,1.0,0.0,0.0,0.02,0.06,0.0,232,4,0.02,0.07,0.0,0.0,0.94,1.0,0.0,0.0,anomaly,normal,anomaly
23678,0,tcp,private,S0,0,0,0,0,0,0,0,0,0,0,0,0,0,0,0,0,0,0,195,9,1.0,1.0,0.0,0.0,0.05,0.06,0.0,56,7,0.12,0.16,0.02,0.0,0.75,1.0,0.02,0.0,anomaly,normal,anomaly
24636,0,tcp,klogin,REJ,0,0,0,0,0,0,0,0,0,0,0,0,0,0,0,0,0,0,147,9,0.0,0.0,1.0,1.0,0.06,0.05,0.0,255,9,0.04,0.06,0.0,0.0,0.0,0.0,1.0,1.0,anomaly,normal,anomaly
11766,0,tcp,finger,S0,0,0,0,0,0,0,0,0,0,0,0,0,0,0,0,0,0,0,18,5,1.0,1.0,0.0,0.0,0.28,0.22,0.0,255,65,0.25,0.02,0.0,0.0,1.0,1.0,0.0,0.0,anomaly,normal,anomaly
18005,0,udp,private,SF,28,0,0,3,0,0,0,0,0,0,0,0,0,0,0,0,0,0,42,42,0.0,0.0,0.0,0.0,1.0,0.0,0.0,255,9,0.04,0.01,0.04,0.0,0.0,0.0,0.0,0.0,anomaly,normal,anomaly
7557,0,tcp,private,REJ,0,0,0,0,0,0,0,0,0,0,0,0,0,0,0,0,0,0,159,3,0.0,0.0,1.0,1.0,0.02,0.08,0.0,255,3,0.01,0.08,0.0,0.0,0.0,0.0,1.0,1.0,anomaly,normal,anomaly
7471,0,tcp,private,S0,0,0,0,0,0,0,0,0,0,0,0,0,0,0,0,0,0,0,143,7,1.0,1.0,0.0,0.0,0.05,0.06,0.0,255,5,0.02,0.06,0.0,0.0,1.0,1.0,0.0,0.0,anomaly,normal,anomaly
244,0,tcp,ftp_data,S0,0,0,0,0,0,0,0,0,0,0,0,0,0,0,0,0,0,0,276,8,1.0,1.0,0.0,0.0,0.03,0.06,0.0,255,8,0.03,0.06,0.0,0.0,1.0,1.0,0.0,0.0,anomaly,normal,anomaly
5149,0,tcp,netstat,S0,0,0,0,0,0,0,0,0,0,0,0,0,0,0,0,0,0,0,220,9,1.0,1.0,0.0,0.0,0.04,0.06,0.0,255,9,0.04,0.07,0.0,0.0,1.0,1.0,0.0,0.0,anomaly,normal,anomaly
4126,0,tcp,netbios_ssn,S0,0,0,0,0,0,0,0,0,0,0,0,0,0,0,0,0,0,0,255,25,1.0,1.0,0.0,0.0,0.1,0.05,0.0,255,25,0.1,0.05,0.0,0.0,1.0,1.0,0.0,0.0,anomaly,normal,anomaly
2528,0,tcp,ftp,S0,0,0,0,0,0,0,0,0,0,0,0,0,0,0,0,0,0,0,273,7,1.0,1.0,0.0,0.0,0.03,0.06,0.0,255,7,0.03,0.07,0.0,0.0,1.0,1.0,0.0,0.0,anomaly,normal,anomaly
1027,0,tcp,discard,S0,0,0,0,0,0,0,0,0,0,0,0,0,0,0,0,0,0,0,253,18,1.0,1.0,0.0,0.0,0.07,0.06,0.0,255,4,0.02,0.08,0.0,0.0,1.0,1.0,0.0,0.0,anomaly,normal,anomaly
7067,0,tcp,http,SF,54540,8314,0,0,0,2,0,1,1,0,0,0,0,0,0,0,0,0,4,4,0.0,0.0,0.0,0.0,1.0,0.0,0.0,38,38,1.0,0.0,0.03,0.0,0.03,0.03,0.03,0.03,anomaly,normal,anomaly
24644,0,tcp,private,S0,0,0,0,0,0,0,0,0,0,0,0,0,0,0,0,0,0,0,228,15,1.0,1.0,0.0,0.0,0.07,0.07,0.0,255,13,0.05,0.08,0.0,0.0,1.0,1.0,0.0,0.0,anomaly,normal,anomaly
11321,0,tcp,private,S0,0,0,0,0,0,0,0,0,0,0,0,0,0,0,0,0,0,0,56,3,1.0,1.0,0.0,0.0,0.05,0.09,0.0,255,3,0.01,0.06,0.0,0.0,1.0,1.0,0.0,0.0,anomaly,normal,anomaly
12138,0,tcp,http_443,S0,0,0,0,0,0,0,0,0,0,0,0,0,0,0,0,0,0,0,43,11,1.0,1.0,0.0,0.0,0.26,0.14,0.0,255,11,0.04,0.09,0.0,0.0,1.0,1.0,0.0,0.0,anomaly,normal,anomaly
20583,0,tcp,private,S0,0,0,0,0,0,0,0,0,0,0,0,0,0,0,0,0,0,0,60,7,1.0,1.0,0.0,0.0,0.12,0.07,0.0,255,7,0.03,0.06,0.0,0.0,1.0,1.0,0.0,0.0,anomaly,normal,anomaly
3714,0,tcp,hostnames,REJ,0,0,0,0,0,0,0,0,0,0,0,0,0,0,0,0,0,0,199,1,0.0,0.0,1.0,1.0,0.01,0.07,0.0,255,1,0.0,0.08,0.0,0.0,0.0,0.0,1.0,1.0,anomaly,normal,anomaly
19301,0,tcp,link,S0,0,0,0,0,0,0,0,0,0,0,0,0,0,0,0,0,0,0,265,4,1.0,1.0,0.0,0.0,0.02,0.06,0.0,255,4,0.02,0.07,0.0,0.0,1.0,1.0,0.0,0.0,anomaly,normal,anomaly
2655,0,tcp,private,S0,0,0,0,0,0,0,0,0,0,0,0,0,0,0,0,0,0,0,200,9,1.0,1.0,0.0,0.0,0.05,0.07,0.0,255,9,0.04,0.06,0.0,0.0,1.0,1.0,0.0,0.0,anomaly,normal,anomaly
2012,0,tcp,http,SF,54540,8314,0,0,0,2,0,1,1,0,0,0,0,0,0,0,0,0,5,5,0.0,0.0,0.0,0.0,1.0,0.0,0.0,13,13,1.0,0.0,0.08,0.0,0.0,0.0,0.08,0.08,anomaly,normal,anomaly
20304,0,tcp,private,S0,0,0,0,0,0,0,0,0,0,0,0,0,0,0,0,0,0,0,26,2,1.0,1.0,0.0,0.0,0.08,0.12,0.0,255,15,0.06,0.07,0.0,0.0,1.0,1.0,0.0,0.0,anomaly,normal,anomaly
1533,0,tcp,sunrpc,S0,0,0,0,0,0,0,0,0,0,0,0,0,0,0,0,0,0,0,298,5,1.0,1.0,0.0,0.0,0.02,0.06,0.0,255,5,0.02,0.07,0.0,0.0,1.0,1.0,0.0,0.0,anomaly,normal,anomaly
15010,0,tcp,imap4,S0,0,0,0,0,0,0,0,0,0,0,0,0,0,0,0,0,0,0,265,12,1.0,1.0,0.0,0.0,0.05,0.06,0.0,255,15,0.06,0.07,0.0,0.0,1.0,1.0,0.0,0.0,anomaly,normal,anomaly
14339,0,tcp,private,S0,0,0,0,0,0,0,0,0,0,0,0,0,0,0,0,0,0,0,198,15,1.0,1.0,0.0,0.0,0.08,0.07,0.0,255,15,0.06,0.07,0.0,0.0,1.0,1.0,0.0,0.0,anomaly,normal,anomaly
3331,0,icmp,ecr_i,SF,1032,0,0,0,0,0,0,0,0,0,0,0,0,0,0,0,0,0,229,229,0.0,0.0,0.0,0.0,1.0,0.0,0.0,255,229,0.9,0.01,0.9,0.0,0.0,0.0,0.0,0.0,anomaly,normal,anomaly
8343,0,tcp,private,REJ,0,0,0,0,0,0,0,0,0,0,0,0,0,0,0,0,0,0,96,9,0.0,0.0,1.0,1.0,0.09,0.06,0.0,255,9,0.04,0.05,0.0,0.0,0.0,0.0,1.0,1.0,anomaly,normal,anomaly
7512,0,icmp,eco_i,SF,8,0,0,0,0,0,0,0,0,0,0,0,0,0,0,0,0,0,1,32,0.0,0.0,0.0,0.0,1.0,0.0,1.0,1,27,1.0,0.0,1.0,0.52,0.0,0.0,0.0,0.0,anomaly,normal,anomaly
12112,0,tcp,private,REJ,0,0,0,0,0,0,0,0,0,0,0,0,0,0,0,0,0,0,204,2,0.0,0.0,1.0,1.0,0.01,0.07,0.0,255,2,0.01,0.08,0.0,0.0,0.0,0.0,1.0,1.0,anomaly,normal,anomaly
2377,0,tcp,private,S0,0,0,0,0,0,0,0,0,0,0,0,0,0,0,0,0,0,0,128,4,1.0,1.0,0.0,0.0,0.03,0.06,0.0,255,5,0.02,0.07,0.0,0.0,1.0,1.0,0.0,0.0,anomaly,normal,anomaly
11110,0,tcp,http,S0,0,0,0,0,0,0,0,0,0,0,0,0,0,0,0,0,0,0,204,13,1.0,1.0,0.0,0.0,0.06,0.06,0.0,255,13,0.05,0.07,0.0,0.0,1.0,1.0,0.0,0.0,anomaly,normal,anomaly
22800,0,tcp,uucp_path,S0,0,0,0,0,0,0,0,0,0,0,0,0,0,0,0,0,0,0,213,13,1.0,1.0,0.0,0.0,0.06,0.07,0.0,255,13,0.05,0.07,0.0,0.0,1.0,1.0,0.0,0.0,anomaly,normal,anomaly
5831,0,tcp,ftp_data,SF,0,5828,0,0,0,0,0,1,0,0,0,0,0,0,0,0,0,0,2,2,0.0,0.0,0.0,0.0,1.0,0.0,0.0,2,2,1.0,0.0,1.0,0.0,0.0,0.0,0.0,0.0,anomaly,normal,anomaly
14087,0,tcp,private,REJ,0,0,0,0,0,0,0,0,0,0,0,0,0,0,0,0,0,0,182,1,0.02,0.0,0.95,1.0,0.01,1.0,0.0,255,1,0.0,0.74,0.0,0.0,0.01,0.0,0.69,1.0,anomaly,normal,anomaly
1281,2,tcp,private,RSTR,0,0,0,0,0,0,0,0,0,0,0,0,0,0,0,0,0,0,1,1,0.0,0.0,1.0,1.0,1.0,0.0,0.0,255,1,0.0,0.67,1.0,0.0,0.0,0.0,1.0,1.0,anomaly,normal,anomaly
7749,0,tcp,nnsp,REJ,0,0,0,0,0,0,0,0,0,0,0,0,0,0,0,0,0,0,107,16,0.0,0.0,1.0,1.0,0.15,0.07,0.0,255,16,0.06,0.07,0.0,0.0,0.0,0.0,1.0,1.0,anomaly,normal,anomaly
14615,0,tcp,pop_3,RSTO,0,0,0,0,0,0,0,0,0,0,0,0,0,0,0,0,0,0,222,11,0.0,0.0,1.0,1.0,0.05,0.06,0.0,255,11,0.04,0.07,0.0,0.0,0.0,0.0,1.0,1.0,anomaly,normal,anomaly
23180,0,tcp,vmnet,REJ,0,0,0,0,0,0,0,0,0,0,0,0,0,0,0,0,0,0,147,3,0.0,0.0,1.0,1.0,0.02,0.07,0.0,255,3,0.01,0.07,0.0,0.0,0.0,0.0,1.0,1.0,anomaly,normal,anomaly
24314,0,icmp,ecr_i,SF,1032,0,0,0,0,0,0,0,0,0,0,0,0,0,0,0,0,0,64,64,0.0,0.0,0.0,0.0,1.0,0.0,0.0,176,82,0.47,0.04,0.47,0.0,0.01,0.0,0.36,0.0,anomaly,normal,anomaly
14301,0,udp,private,SF,28,0,0,3,0,0,0,0,0,0,0,0,0,0,0,0,0,0,79,79,0.0,0.0,0.0,0.0,1.0,0.0,0.0,255,79,0.31,0.01,0.31,0.0,0.0,0.0,0.0,0.0,anomaly,normal,anomaly
2013,0,tcp,netbios_ssn,S0,0,0,0,0,0,0,0,0,0,0,0,0,0,0,0,0,0,0,297,14,1.0,1.0,0.0,0.0,0.05,0.05,0.0,255,8,0.03,0.07,0.0,0.0,1.0,1.0,0.0,0.0,anomaly,normal,anomaly
20511,1,tcp,private,RSTOS0,0,0,0,0,0,0,0,0,0,0,0,0,0,0,0,0,0,0,70,1,0.0,0.0,1.0,1.0,0.01,0.54,0.0,240,1,0.0,0.16,0.29,0.0,0.01,0.0,0.5,1.0,anomaly,normal,anomaly
20473,0,tcp,discard,RSTO,0,0,0,0,0,0,0,0,0,0,0,0,0,0,0,0,0,0,231,6,0.0,0.0,1.0,1.0,0.03,0.07,0.0,255,6,0.02,0.08,0.0,0.0,0.0,0.0,1.0,1.0,anomaly,normal,anomaly
23640,0,tcp,imap4,S0,0,0,0,0,0,0,0,0,0,0,0,0,0,0,0,0,0,0,137,19,1.0,1.0,0.0,0.0,0.14,0.07,0.0,255,8,0.03,0.06,0.0,0.0,1.0,1.0,0.0,0.0,anomaly,normal,anomaly
8130,0,tcp,private,S0,0,0,0,0,0,0,0,0,0,0,0,0,0,0,0,0,0,0,250,9,1.0,1.0,0.0,0.0,0.04,0.06,0.0,255,1,0.0,0.06,0.0,0.0,1.0,1.0,0.0,0.0,anomaly,normal,anomaly
22299,0,tcp,private,S0,0,0,0,0,0,0,0,0,0,0,0,0,0,0,0,0,0,0,148,19,1.0,1.0,0.0,0.0,0.13,0.06,0.0,255,1,0.0,0.07,0.0,0.0,1.0,1.0,0.0,0.0,anomaly,normal,anomaly
24003,0,tcp,private,REJ,0,0,0,0,0,0,0,0,0,0,0,0,0,0,0,0,0,0,254,8,0.0,0.0,1.0,1.0,0.03,0.07,0.0,255,8,0.03,0.09,0.0,0.0,0.0,0.0,1.0,1.0,anomaly,normal,anomaly
917,0,tcp,private,S0,0,0,0,0,0,0,0,0,0,0,0,0,0,0,0,0,0,0,126,15,1.0,1.0,0.0,0.0,0.12,0.06,0.0,93,8,0.09,0.12,0.01,0.0,1.0,1.0,0.0,0.0,anomaly,normal,anomaly
7209,0,tcp,private,REJ,0,0,0,0,0,0,0,0,0,0,0,0,0,0,0,0,0,0,144,1,0.04,0.0,0.88,1.0,0.01,0.99,0.0,255,1,0.0,0.57,0.0,0.0,0.02,0.0,0.5,1.0,anomaly,normal,anomaly
823,0,tcp,private,REJ,0,0,0,0,0,0,0,0,0,0,0,0,0,0,0,0,0,0,2,1,0.0,0.0,1.0,1.0,0.5,1.0,0.0,255,1,0.0,0.68,0.67,0.0,0.0,0.0,0.67,1.0,anomaly,normal,anomaly
17512,0,icmp,eco_i,SF,8,0,0,0,0,0,0,0,0,0,0,0,0,0,0,0,0,0,1,25,0.0,0.0,0.0,0.0,1.0,0.0,1.0,1,73,1.0,0.0,1.0,0.51,0.0,0.0,0.0,0.0,anomaly,normal,anomaly
2472,0,tcp,private,S0,0,0,0,0,0,0,0,0,0,0,0,0,0,0,0,0,0,0,268,3,1.0,1.0,0.0,0.0,0.01,0.07,0.0,255,18,0.07,0.07,0.0,0.0,1.0,1.0,0.0,0.0,anomaly,normal,anomaly
14622,0,tcp,ftp,S0,0,0,0,0,0,0,0,0,0,0,0,0,0,0,0,0,0,0,230,5,1.0,1.0,0.0,0.0,0.02,0.07,0.0,255,5,0.02,0.07,0.0,0.0,1.0,1.0,0.0,0.0,anomaly,normal,anomaly
22429,0,tcp,ctf,S0,0,0,0,0,0,0,0,0,0,0,0,0,0,0,0,0,0,0,237,19,1.0,1.0,0.0,0.0,0.08,0.06,0.0,255,19,0.07,0.07,0.0,0.0,1.0,1.0,0.0,0.0,anomaly,normal,anomaly
812,0,tcp,courier,S0,0,0,0,0,0,0,0,0,0,0,0,0,0,0,0,0,0,0,130,4,1.0,1.0,0.0,0.0,0.03,0.06,0.0,255,2,0.01,0.07,0.0,0.0,1.0,1.0,0.0,0.0,anomaly,normal,anomaly
12433,0,icmp,eco_i,SF,8,0,0,0,0,0,0,0,0,0,0,0,0,0,0,0,0,0,1,18,0.0,0.0,0.0,0.0,1.0,0.0,1.0,1,89,1.0,0.0,1.0,0.51,0.0,0.0,0.0,0.0,anomaly,normal,anomaly
20052,0,tcp,private,S0,0,0,0,0,0,0,0,0,0,0,0,0,0,0,0,0,0,0,298,13,1.0,1.0,0.0,0.0,0.04,0.06,0.0,255,6,0.02,0.06,0.0,0.0,1.0,1.0,0.0,0.0,anomaly,normal,anomaly
3865,0,tcp,courier,REJ,0,0,0,0,0,0,0,0,0,0,0,0,0,0,0,0,0,0,148,19,0.0,0.0,1.0,1.0,0.13,0.05,0.0,255,19,0.07,0.05,0.0,0.0,0.0,0.0,1.0,1.0,anomaly,normal,anomaly
4977,0,tcp,private,S0,0,0,0,0,0,0,0,0,0,0,0,0,0,0,0,0,0,0,105,14,1.0,1.0,0.0,0.0,0.13,0.05,0.0,255,14,0.05,0.05,0.0,0.0,1.0,1.0,0.0,0.0,anomaly,normal,anomaly
14649,0,tcp,private,S0,0,0,0,0,0,0,0,0,0,0,0,0,0,0,0,0,0,0,42,3,1.0,1.0,0.0,0.0,0.07,0.14,0.0,255,16,0.06,0.08,0.0,0.0,1.0,1.0,0.0,0.0,anomaly,normal,anomaly
12299,0,tcp,time,S0,0,0,0,0,0,0,0,0,0,0,0,0,0,0,0,0,0,0,21,1,1.0,1.0,0.0,0.0,0.05,0.14,0.0,255,1,0.0,0.09,0.0,0.0,1.0,1.0,0.0,0.0,anomaly,normal,anomaly
16095,0,tcp,private,S0,0,0,0,0,0,0,0,0,0,0,0,0,0,0,0,0,0,0,4,1,1.0,1.0,0.0,0.0,0.25,0.75,0.0,255,8,0.03,0.07,0.0,0.0,1.0,1.0,0.0,0.0,anomaly,normal,anomaly
23163,0,tcp,private,REJ,0,0,0,0,0,0,0,0,0,0,0,0,0,0,0,0,0,0,107,18,0.0,0.0,1.0,1.0,0.17,0.07,0.0,255,18,0.07,0.06,0.0,0.0,0.0,0.0,1.0,1.0,anomaly,normal,anomaly
15389,0,tcp,private,S0,0,0,0,0,0,0,0,0,0,0,0,0,0,0,0,0,0,0,162,8,1.0,1.0,0.0,0.0,0.05,0.06,0.0,255,8,0.03,0.07,0.0,0.0,1.0,1.0,0.0,0.0,anomaly,normal,anomaly
14518,0,tcp,ftp_data,S0,0,0,0,0,0,0,0,0,0,0,0,0,0,0,0,0,0,0,63,15,1.0,1.0,0.0,0.0,0.24,0.06,0.0,255,35,0.14,0.05,0.01,0.0,1.0,1.0,0.0,0.0,anomaly,normal,anomaly
21452,4,tcp,ftp_data,SF,832,0,0,0,0,0,0,1,0,0,0,0,0,0,0,0,0,0,1,1,0.0,0.0,0.0,0.0,1.0,0.0,0.0,3,15,1.0,0.0,1.0,0.27,0.0,0.0,0.0,0.0,anomaly,normal,anomaly
20280,0,tcp,smtp,RSTR,0,0,0,0,0,0,0,0,0,0,0,0,0,0,0,0,0,0,1,1,0.0,0.0,1.0,1.0,1.0,0.0,0.0,255,10,0.04,0.11,0.1,0.0,0.0,0.0,0.1,0.1,anomaly,normal,anomaly
759,0,icmp,eco_i,SF,8,0,0,0,0,0,0,0,0,0,0,0,0,0,0,0,0,0,1,36,0.0,0.0,0.0,0.0,1.0,0.0,1.0,1,183,1.0,0.0,1.0,0.5,0.0,0.0,0.0,0.0,anomaly,normal,anomaly
7490,0,tcp,time,RSTO,0,0,0,0,0,0,0,0,0,0,0,0,0,0,0,0,0,0,256,4,0.0,0.0,1.0,1.0,0.02,0.06,0.0,255,4,0.02,0.07,0.0,0.0,0.0,0.0,1.0,1.0,anomaly,normal,anomaly
21540,0,tcp,private,S0,0,0,0,0,0,0,0,0,0,0,0,0,0,0,0,0,0,0,207,18,1.0,1.0,0.0,0.0,0.09,0.06,0.0,255,16,0.06,0.06,0.0,0.0,1.0,1.0,0.0,0.0,anomaly,normal,anomaly
13545,0,udp,private,SF,215,0,0,0,0,0,0,0,0,0,0,0,0,0,0,0,0,0,1,1,0.0,0.0,0.0,0.0,1.0,0.0,0.0,51,43,0.84,0.04,0.84,0.0,0.0,0.0,0.0,0.0,anomaly,normal,anomaly
8797,0,tcp,private,S0,0,0,0,0,0,0,0,0,0,0,0,0,0,0,0,0,0,0,175,6,1.0,1.0,0.0,0.0,0.03,0.07,0.0,255,20,0.08,0.07,0.0,0.0,1.0,1.0,0.0,0.0,anomaly,normal,anomaly
21268,0,tcp,private,S0,0,0,0,0,0,0,0,0,0,0,0,0,0,0,0,0,0,0,19,2,1.0,1.0,0.0,0.0,0.11,0.32,0.0,255,20,0.08,0.08,0.0,0.0,1.0,1.0,0.0,0.0,anomaly,normal,anomaly
3525,0,tcp,private,S0,0,0,0,0,0,0,0,0,0,0,0,0,0,0,0,0,0,0,115,9,1.0,1.0,0.0,0.0,0.08,0.06,0.0,255,5,0.02,0.07,0.0,0.0,1.0,1.0,0.0,0.0,anomaly,normal,anomaly
5940,0,tcp,private,S0,0,0,0,0,0,0,0,0,0,0,0,0,0,0,0,0,0,0,252,8,1.0,1.0,0.0,0.0,0.03,0.06,0.0,255,4,0.02,0.08,0.0,0.0,1.0,1.0,0.0,0.0,anomaly,normal,anomaly
18790,0,tcp,private,S0,0,0,0,0,0,0,0,0,0,0,0,0,0,0,0,0,0,0,124,3,1.0,1.0,0.0,0.0,0.02,0.06,0.0,141,18,0.13,0.11,0.01,0.0,1.0,1.0,0.0,0.0,anomaly,normal,anomaly
2126,0,tcp,private,REJ,0,0,0,0,0,0,0,0,0,0,0,0,0,0,0,0,0,0,225,6,0.0,0.0,1.0,1.0,0.03,0.07,0.0,255,6,0.02,0.09,0.0,0.0,0.0,0.0,1.0,1.0,anomaly,normal,anomaly
5694,0,icmp,ecr_i,SF,1032,0,0,0,0,0,0,0,0,0,0,0,0,0,0,0,0,0,365,365,0.0,0.0,0.0,0.0,1.0,0.0,0.0,255,255,1.0,0.0,1.0,0.0,0.0,0.0,0.0,0.0,anomaly,normal,anomaly
2336,0,tcp,smtp,S0,0,0,0,0,0,0,0,0,0,0,0,0,0,0,0,0,0,0,204,1,1.0,1.0,0.0,0.0,0.0,0.07,0.0,255,1,0.0,0.07,0.0,0.0,1.0,1.0,0.0,0.0,anomaly,normal,anomaly
17602,0,tcp,sunrpc,S0,0,0,0,0,0,0,0,0,0,0,0,0,0,0,0,0,0,0,233,15,1.0,1.0,0.0,0.0,0.06,0.06,0.0,255,15,0.06,0.07,0.0,0.0,1.0,1.0,0.0,0.0,anomaly,normal,anomaly
3546,0,udp,private,SF,1,0,0,0,0,0,0,0,0,0,0,0,0,0,0,0,0,0,15,12,0.0,0.0,0.0,0.0,0.8,0.13,0.0,255,12,0.05,0.94,0.07,0.0,0.03,0.0,0.9,0.0,anomaly,normal,anomaly
22230,0,tcp,courier,S0,0,0,0,0,0,0,0,0,0,0,0,0,0,0,0,0,0,0,105,5,1.0,1.0,0.0,0.0,0.05,0.06,0.0,255,5,0.02,0.05,0.0,0.0,1.0,1.0,0.0,0.0,anomaly,normal,anomaly
10174,0,icmp,eco_i,SF,8,0,0,0,0,0,0,0,0,0,0,0,0,0,0,0,0,0,1,6,0.0,0.0,0.0,0.0,1.0,0.0,1.0,1,205,1.0,0.0,1.0,0.25,0.0,0.0,0.0,0.0,anomaly,normal,anomaly
23698,0,tcp,private,RSTR,0,0,0,0,0,0,0,0,0,0,0,0,0,0,0,0,0,0,1,1,0.0,0.0,1.0,1.0,1.0,0.0,0.0,129,1,0.01,0.25,0.24,0.0,0.0,0.0,0.23,1.0,anomaly,normal,anomaly
8732,0,tcp,csnet_ns,S0,0,0,0,0,0,0,0,0,0,0,0,0,0,0,0,0,0,0,254,25,1.0,1.0,0.0,0.0,0.1,0.06,0.0,255,25,0.1,0.06,0.0,0.0,1.0,1.0,0.0,0.0,anomaly,normal,anomaly
17197,0,tcp,private,S0,0,0,0,0,0,0,0,0,0,0,0,0,0,0,0,0,0,0,284,17,1.0,1.0,0.0,0.0,0.06,0.06,0.0,255,7,0.03,0.06,0.0,0.0,1.0,1.0,0.0,0.0,anomaly,normal,anomaly
7232,0,tcp,private,S0,0,0,0,0,0,0,0,0,0,0,0,0,0,0,0,0,0,0,139,4,1.0,1.0,0.0,0.0,0.03,0.06,0.0,255,7,0.03,0.08,0.0,0.0,1.0,1.0,0.0,0.0,anomaly,normal,anomaly
8657,0,icmp,eco_i,SF,8,0,0,0,0,0,0,0,0,0,0,0,0,0,0,0,0,0,1,37,0.0,0.0,0.0,0.0,1.0,0.0,1.0,2,98,1.0,0.0,1.0,0.5,0.0,0.0,0.0,0.0,anomaly,normal,anomaly
5192,0,tcp,private,S0,0,0,0,0,0,0,0,0,0,0,0,0,0,0,0,0,0,0,249,8,1.0,1.0,0.0,0.0,0.03,0.06,0.0,255,12,0.05,0.07,0.0,0.0,1.0,1.0,0.0,0.0,anomaly,normal,anomaly
13055,0,tcp,private,S0,0,0,0,0,0,0,0,0,0,0,0,0,0,0,0,0,0,0,59,23,1.0,1.0,0.0,0.0,0.39,0.07,0.0,255,23,0.09,0.06,0.0,0.0,1.0,1.0,0.0,0.0,anomaly,normal,anomaly
25181,0,icmp,eco_i,SF,8,0,0,0,0,0,0,0,0,0,0,0,0,0,0,0,0,0,1,50,0.0,0.0,0.0,0.0,1.0,0.0,1.0,2,246,1.0,0.0,1.0,0.5,0.0,0.0,0.0,0.0,anomaly,normal,anomaly
21064,0,tcp,ftp_data,S0,0,0,0,0,0,0,0,0,0,0,0,0,0,0,0,0,0,0,31,6,0.97,1.0,0.03,0.0,0.19,0.16,0.0,255,27,0.11,0.05,0.0,0.0,1.0,1.0,0.0,0.0,anomaly,normal,anomaly
21532,0,icmp,eco_i,SF,8,0,0,0,0,0,0,0,0,0,0,0,0,0,0,0,0,0,1,52,0.0,0.0,0.0,0.0,1.0,0.0,1.0,2,78,1.0,0.0,1.0,0.26,0.0,0.0,0.0,0.0,anomaly,normal,anomaly
24712,0,tcp,private,S0,0,0,0,0,0,0,0,0,0,0,0,0,0,0,0,0,0,0,210,2,1.0,1.0,0.0,0.0,0.01,0.07,0.0,255,16,0.06,0.06,0.0,0.0,1.0,1.0,0.0,0.0,anomaly,normal,anomaly
11666,0,icmp,eco_i,SF,8,0,0,0,0,0,0,0,0,0,0,0,0,0,0,0,0,0,1,42,0.0,0.0,0.0,0.0,1.0,0.0,1.0,2,46,1.0,0.0,1.0,0.5,0.0,0.0,0.0,0.0,anomaly,normal,anomaly
20125,0,tcp,http,SF,54540,8314,0,0,0,2,0,1,1,0,0,0,0,0,0,0,0,0,2,2,0.0,0.0,0.0,0.0,1.0,0.0,0.0,167,167,1.0,0.0,0.01,0.0,0.0,0.0,0.01,0.01,anomaly,normal,anomaly
1052,0,tcp,private,S0,0,0,0,0,0,0,0,0,0,0,0,0,0,0,0,0,0,0,291,16,1.0,1.0,0.0,0.0,0.05,0.06,0.0,255,14,0.05,0.08,0.0,0.0,1.0,1.0,0.0,0.0,anomaly,normal,anomaly
24098,0,tcp,imap4,REJ,0,0,0,0,0,0,0,0,0,0,0,0,0,0,0,0,0,0,234,17,0.0,0.0,1.0,1.0,0.07,0.06,0.0,255,17,0.07,0.07,0.0,0.0,0.0,0.0,1.0,1.0,anomaly,normal,anomaly
12553,0,tcp,bgp,REJ,0,0,0,0,0,0,0,0,0,0,0,0,0,0,0,0,0,0,239,2,0.0,0.0,1.0,1.0,0.01,0.08,0.0,255,2,0.01,0.08,0.0,0.0,0.0,0.0,1.0,1.0,anomaly,normal,anomaly
21673,0,tcp,finger,RSTO,0,0,0,0,0,0,0,0,0,0,0,0,0,0,0,0,0,0,143,18,0.0,0.0,1.0,1.0,0.13,0.06,0.0,255,18,0.07,0.07,0.0,0.0,0.0,0.0,1.0,1.0,anomaly,normal,anomaly
666,0,udp,private,SF,28,0,0,3,0,0,0,0,0,0,0,0,0,0,0,0,0,0,88,88,0.0,0.0,0.0,0.0,1.0,0.0,0.0,255,88,0.35,0.02,0.35,0.0,0.0,0.0,0.0,0.0,anomaly,normal,anomaly
10590,0,tcp,private,REJ,0,0,0,0,0,0,0,0,0,0,0,0,0,0,0,0,0,0,129,7,0.0,0.0,1.0,1.0,0.05,0.06,0.0,255,1,0.0,0.07,0.0,0.0,0.0,0.0,1.0,1.0,anomaly,normal,anomaly
11442,0,tcp,link,S0,0,0,0,0,0,0,0,0,0,0,0,0,0,0,0,0,0,0,186,14,1.0,1.0,0.0,0.0,0.08,0.06,0.0,255,16,0.06,0.07,0.0,0.0,1.0,1.0,0.0,0.0,anomaly,normal,anomaly
4025,0,icmp,eco_i,SF,8,0,0,0,0,0,0,0,0,0,0,0,0,0,0,0,0,0,1,51,0.0,0.0,0.0,0.0,1.0,0.0,1.0,4,28,1.0,0.0,1.0,0.25,0.0,0.0,0.0,0.0,anomaly,normal,anomaly
2021,0,tcp,ftp_data,S0,0,0,0,0,0,0,0,0,0,0,0,0,0,0,0,0,0,0,290,5,1.0,1.0,0.0,0.0,0.02,0.05,0.0,255,5,0.02,0.05,0.0,0.0,1.0,1.0,0.0,0.0,anomaly,normal,anomaly
21319,0,tcp,kshell,S0,0,0,0,0,0,0,0,0,0,0,0,0,0,0,0,0,0,0,136,20,1.0,1.0,0.0,0.0,0.15,0.07,0.0,255,20,0.08,0.07,0.0,0.0,1.0,1.0,0.0,0.0,anomaly,normal,anomaly
8984,0,tcp,ftp_data,SF,334,0,0,0,0,0,0,1,0,0,0,0,0,0,0,0,0,0,1,1,0.0,0.0,0.0,0.0,1.0,0.0,0.0,7,33,1.0,0.0,1.0,0.18,0.0,0.0,0.0,0.0,anomaly,normal,anomaly
2810,0,tcp,link,S0,0,0,0,0,0,0,0,0,0,0,0,0,0,0,0,0,0,0,206,4,1.0,1.0,0.0,0.0,0.02,0.07,0.0,255,10,0.04,0.07,0.0,0.0,1.0,1.0,0.0,0.0,anomaly,normal,anomaly
6422,0,tcp,private,S0,0,0,0,0,0,0,0,0,0,0,0,0,0,0,0,0,0,0,218,18,1.0,1.0,0.0,0.0,0.08,0.08,0.0,255,18,0.07,0.09,0.0,0.0,1.0,1.0,0.0,0.0,anomaly,normal,anomaly
8150,0,tcp,private,S0,0,0,0,0,0,0,0,0,0,0,0,0,0,0,0,0,0,0,156,16,1.0,1.0,0.0,0.0,0.1,0.06,0.0,255,5,0.02,0.09,0.0,0.0,1.0,1.0,0.0,0.0,anomaly,normal,anomaly
24892,0,tcp,ldap,S0,0,0,0,0,0,0,0,0,0,0,0,0,0,0,0,0,0,0,123,23,1.0,1.0,0.0,0.0,0.19,0.05,0.0,255,23,0.09,0.05,0.0,0.0,1.0,1.0,0.0,0.0,anomaly,normal,anomaly
15577,0,tcp,finger,S0,0,0,0,0,0,0,0,0,0,0,0,0,0,0,0,0,0,0,18,4,1.0,1.0,0.0,0.0,0.22,0.22,0.0,255,63,0.25,0.02,0.01,0.0,1.0,1.0,0.0,0.0,anomaly,normal,anomaly
10435,0,tcp,mtp,S0,0,0,0,0,0,0,0,0,0,0,0,0,0,0,0,0,0,0,215,1,1.0,1.0,0.0,0.0,0.0,0.06,0.0,255,1,0.0,0.07,0.0,0.0,1.0,1.0,0.0,0.0,anomaly,normal,anomaly
9729,0,tcp,ldap,S0,0,0,0,0,0,0,0,0,0,0,0,0,0,0,0,0,0,0,135,17,1.0,1.0,0.0,0.0,0.13,0.05,0.0,255,5,0.02,0.07,0.0,0.0,1.0,1.0,0.0,0.0,anomaly,normal,anomaly
531,0,tcp,telnet,S0,0,0,0,0,0,0,0,0,0,0,0,0,0,0,0,0,0,0,150,16,1.0,1.0,0.0,0.0,0.11,0.05,0.0,255,1,0.0,0.08,0.0,0.0,1.0,1.0,0.0,0.0,anomaly,normal,anomaly
20922,0,tcp,private,REJ,0,0,0,0,0,0,0,0,0,0,0,0,0,0,0,0,0,0,1,1,0.0,0.0,1.0,1.0,1.0,0.0,0.0,255,1,0.0,0.56,0.54,0.0,0.0,0.0,0.54,1.0,anomaly,normal,anomaly
19238,0,tcp,efs,S0,0,0,0,0,0,0,0,0,0,0,0,0,0,0,0,0,0,0,26,1,1.0,1.0,0.0,0.0,0.04,0.12,0.0,255,13,0.05,0.07,0.0,0.0,1.0,1.0,0.0,0.0,anomaly,normal,anomaly
8189,0,tcp,ftp_data,S0,0,0,0,0,0,0,0,0,0,0,0,0,0,0,0,0,0,0,229,20,1.0,1.0,0.0,0.0,0.09,0.05,0.0,255,20,0.08,0.08,0.0,0.0,1.0,1.0,0.0,0.0,anomaly,normal,anomaly
13259,0,tcp,time,S0,0,0,0,0,0,0,0,0,0,0,0,0,0,0,0,0,0,0,238,15,1.0,1.0,0.0,0.0,0.06,0.06,0.0,255,6,0.02,0.08,0.0,0.0,1.0,1.0,0.0,0.0,anomaly,normal,anomaly
22802,12,tcp,ftp_data,SF,7045,0,0,0,0,0,0,1,0,0,0,0,0,0,0,0,0,0,3,2,0.0,0.0,0.0,0.0,0.67,0.67,0.0,255,83,0.33,0.07,0.35,0.0,0.02,0.05,0.0,0.0,anomaly,normal,anomaly
8986,0,tcp,private,S0,0,0,0,0,0,0,0,0,0,0,0,0,0,0,0,0,0,0,131,17,1.0,1.0,0.0,0.0,0.13,0.07,0.0,255,1,0.0,0.06,0.0,0.0,1.0,1.0,0.0,0.0,anomaly,normal,anomaly
7415,0,tcp,Z39_50,S0,0,0,0,0,0,0,0,0,0,0,0,0,0,0,0,0,0,0,261,11,1.0,1.0,0.0,0.0,0.04,0.06,0.0,255,11,0.04,0.07,0.0,0.0,1.0,1.0,0.0,0.0,anomaly,normal,anomaly
13576,0,tcp,discard,S0,0,0,0,0,0,0,0,0,0,0,0,0,0,0,0,0,0,0,225,19,1.0,1.0,0.0,0.0,0.08,0.05,0.0,255,19,0.07,0.05,0.0,0.0,1.0,1.0,0.0,0.0,anomaly,normal,anomaly
15918,0,tcp,private,S0,0,0,0,0,0,0,0,0,0,0,0,0,0,0,0,0,0,0,267,9,1.0,1.0,0.0,0.0,0.03,0.05,0.0,255,9,0.04,0.05,0.0,0.0,1.0,1.0,0.0,0.0,anomaly,normal,anomaly
19169,0,tcp,courier,S0,0,0,0,0,0,0,0,0,0,0,0,0,0,0,0,0,0,0,110,14,1.0,1.0,0.0,0.0,0.13,0.05,0.0,255,14,0.05,0.06,0.0,0.0,1.0,1.0,0.0,0.0,anomaly,normal,anomaly
7659,0,tcp,http,SF,54540,8314,0,0,0,2,0,1,1,0,0,0,0,0,0,0,0,0,3,3,0.0,0.0,0.33,0.33,1.0,0.0,0.0,3,3,1.0,0.0,0.33,0.0,0.0,0.0,0.33,0.33,anomaly,normal,anomaly
13704,0,tcp,uucp_path,S0,0,0,0,0,0,0,0,0,0,0,0,0,0,0,0,0,0,0,288,9,1.0,1.0,0.0,0.0,0.03,0.06,0.0,255,6,0.02,0.06,0.0,0.0,1.0,1.0,0.0,0.0,anomaly,normal,anomaly
19786,0,udp,private,SF,1,0,0,0,0,0,0,0,0,0,0,0,0,0,0,0,0,0,143,133,0.0,0.0,0.0,0.0,0.93,0.01,0.0,255,201,0.79,0.03,1.0,0.0,0.0,0.0,0.0,0.0,anomaly,normal,anomaly
22583,0,tcp,login,S0,0,0,0,0,0,0,0,0,0,0,0,0,0,0,0,0,0,0,138,16,1.0,1.0,0.0,0.0,0.12,0.06,0.0,255,16,0.06,0.07,0.0,0.0,1.0,1.0,0.0,0.0,anomaly,normal,anomaly
20588,0,tcp,netbios_ssn,REJ,0,0,0,0,0,0,0,0,0,0,0,0,0,0,0,0,0,0,242,18,0.0,0.0,1.0,1.0,0.07,0.07,0.0,255,18,0.07,0.07,0.0,0.0,0.0,0.0,1.0,1.0,anomaly,normal,anomaly
8928,0,tcp,courier,S0,0,0,0,0,0,0,0,0,0,0,0,0,0,0,0,0,0,0,132,20,1.0,1.0,0.0,0.0,0.15,0.06,0.0,255,20,0.08,0.07,0.0,0.0,1.0,1.0,0.0,0.0,anomaly,normal,anomaly
10474,0,tcp,private,RSTR,0,0,0,0,0,0,0,0,0,0,0,0,0,0,0,0,0,0,1,1,0.0,0.0,1.0,1.0,1.0,0.0,0.0,255,1,0.0,0.67,0.66,0.0,0.0,0.0,0.67,1.0,anomaly,normal,anomaly
2710,0,tcp,exec,S0,0,0,0,0,0,0,0,0,0,0,0,0,0,0,0,0,0,0,101,16,1.0,1.0,0.0,0.0,0.16,0.06,0.0,255,19,0.07,0.06,0.0,0.0,1.0,1.0,0.0,0.0,anomaly,normal,anomaly
13353,0,tcp,private,S0,0,0,0,0,0,0,0,0,0,0,0,0,0,0,0,0,0,0,161,11,1.0,1.0,0.0,0.0,0.07,0.06,0.0,255,11,0.04,0.06,0.0,0.0,1.0,1.0,0.0,0.0,anomaly,normal,anomaly
24724,0,tcp,finger,RSTO,0,0,0,0,0,0,0,0,0,0,0,0,0,0,0,0,0,0,284,12,0.0,0.0,1.0,1.0,0.04,0.06,0.0,255,12,0.05,0.07,0.0,0.0,0.0,0.0,1.0,1.0,anomaly,normal,anomaly
2481,0,tcp,imap4,REJ,0,0,0,0,0,0,0,0,0,0,0,0,0,0,0,0,0,0,263,10,0.0,0.0,1.0,1.0,0.04,0.06,0.0,255,10,0.04,0.07,0.0,0.0,0.0,0.0,1.0,1.0,anomaly,normal,anomaly
7915,18888,udp,other,SF,147,105,0,0,0,0,0,0,0,0,0,0,0,0,0,0,0,0,5,1,0.0,0.0,0.0,0.0,0.2,0.6,0.0,255,2,0.01,0.46,0.89,0.0,0.0,0.0,0.0,0.0,normal,anomaly,normal
7394,0,tcp,private,S0,0,0,0,0,0,0,0,0,0,0,0,0,0,0,0,0,0,0,206,16,1.0,1.0,0.0,0.0,0.08,0.06,0.0,255,16,0.06,0.06,0.0,0.0,1.0,1.0,0.0,0.0,anomaly,normal,anomaly
3990,0,tcp,private,S0,0,0,0,0,0,0,0,0,0,0,0,0,0,0,0,0,0,0,282,13,1.0,1.0,0.0,0.0,0.05,0.06,0.0,255,2,0.01,0.08,0.0,0.0,1.0,1.0,0.0,0.0,anomaly,normal,anomaly
2940,0,tcp,netstat,S0,0,0,0,0,0,0,0,0,0,0,0,0,0,0,0,0,0,0,262,12,1.0,1.0,0.0,0.0,0.05,0.06,0.0,255,12,0.05,0.06,0.0,0.0,1.0,1.0,0.0,0.0,anomaly,normal,anomaly
19849,0,udp,private,SF,1,0,0,0,0,0,0,0,0,0,0,0,0,0,0,0,0,0,2,2,0.0,0.0,0.0,0.0,1.0,0.0,0.0,255,2,0.01,0.21,1.0,0.0,0.0,0.0,0.0,0.0,anomaly,normal,anomaly
24509,0,tcp,private,REJ,0,0,0,0,0,0,0,0,0,0,0,0,0,0,0,0,0,0,83,9,0.0,0.0,1.0,1.0,0.11,0.07,0.0,255,22,0.09,0.06,0.0,0.0,0.0,0.0,1.0,1.0,anomaly,normal,anomaly
11044,0,tcp,pop_3,S0,0,0,0,0,0,0,0,0,0,0,0,0,0,0,0,0,0,0,199,7,1.0,1.0,0.0,0.0,0.04,0.07,0.0,255,7,0.03,0.07,0.0,0.0,1.0,1.0,0.0,0.0,anomaly,normal,anomaly
21939,0,tcp,private,S0,0,0,0,0,0,0,0,0,0,0,0,0,0,0,0,0,0,0,145,12,1.0,1.0,0.0,0.0,0.08,0.06,0.0,255,3,0.01,0.06,0.0,0.0,1.0,1.0,0.0,0.0,anomaly,normal,anomaly
24364,0,tcp,pop_2,S0,0,0,0,0,0,0,0,0,0,0,0,0,0,0,0,0,0,0,134,17,1.0,1.0,0.0,0.0,0.13,0.07,0.0,255,17,0.07,0.07,0.0,0.0,1.0,1.0,0.0,0.0,anomaly,normal,anomaly
2240,0,tcp,iso_tsap,REJ,0,0,0,0,0,0,0,0,0,0,0,0,0,0,0,0,0,0,240,9,0.0,0.0,1.0,1.0,0.04,0.07,0.0,255,9,0.04,0.07,0.0,0.0,0.0,0.0,1.0,1.0,anomaly,normal,anomaly
22280,0,tcp,gopher,S0,0,0,0,0,0,0,0,0,0,0,0,0,0,0,0,0,0,0,266,19,1.0,1.0,0.0,0.0,0.07,0.06,0.0,255,19,0.07,0.07,0.0,0.0,1.0,1.0,0.0,0.0,anomaly,normal,anomaly
15932,0,tcp,private,S0,0,0,0,0,0,0,0,0,0,0,0,0,0,0,0,0,0,0,134,6,1.0,1.0,0.0,0.0,0.04,0.06,0.0,255,10,0.04,0.06,0.0,0.0,1.0,1.0,0.0,0.0,anomaly,normal,anomaly
754,0,tcp,netbios_dgm,S0,0,0,0,0,0,0,0,0,0,0,0,0,0,0,0,0,0,0,194,18,1.0,1.0,0.0,0.0,0.09,0.05,0.0,255,18,0.07,0.05,0.0,0.0,1.0,1.0,0.0,0.0,anomaly,normal,anomaly
897,0,icmp,eco_i,SF,8,0,0,0,0,0,0,0,0,0,0,0,0,0,0,0,0,0,1,17,0.0,0.0,0.0,0.0,1.0,0.0,1.0,3,80,1.0,0.0,1.0,0.26,0.0,0.0,0.0,0.0,anomaly,normal,anomaly
5175,0,tcp,smtp,S0,0,0,0,0,0,0,0,0,0,0,0,0,0,0,0,0,0,0,239,13,1.0,1.0,0.0,0.0,0.05,0.05,0.0,255,13,0.05,0.06,0.0,0.0,1.0,1.0,0.0,0.0,anomaly,normal,anomaly
13672,0,tcp,private,REJ,0,0,0,0,0,0,0,0,0,0,0,0,0,0,0,0,0,0,297,1,0.1,0.0,0.89,1.0,0.0,1.0,0.0,255,1,0.0,1.0,0.0,0.0,0.09,0.0,0.9,1.0,anomaly,normal,anomaly
19870,0,tcp,private,REJ,0,0,0,0,0,0,0,0,0,0,0,0,0,0,0,0,0,0,91,16,0.0,0.0,1.0,1.0,0.18,0.08,0.0,255,16,0.06,0.08,0.0,0.0,0.0,0.0,1.0,1.0,anomaly,normal,anomaly
22079,0,tcp,private,S0,0,0,0,0,0,0,0,0,0,0,0,0,0,0,0,0,0,0,266,4,1.0,1.0,0.0,0.0,0.02,0.06,0.0,255,11,0.04,0.08,0.0,0.0,1.0,1.0,0.0,0.0,anomaly,normal,anomaly
24279,0,tcp,private,S0,0,0,0,0,0,0,0,0,0,0,0,0,0,0,0,0,0,0,146,16,1.0,1.0,0.0,0.0,0.11,0.05,0.0,255,16,0.06,0.05,0.0,0.0,1.0,1.0,0.0,0.0,anomaly,normal,anomaly
24026,0,tcp,Z39_50,S0,0,0,0,0,0,0,0,0,0,0,0,0,0,0,0,0,0,0,226,6,1.0,1.0,0.0,0.0,0.03,0.07,0.0,255,6,0.02,0.08,0.0,0.0,1.0,1.0,0.0,0.0,anomaly,normal,anomaly
14449,0,tcp,private,S0,0,0,0,0,0,0,0,0,0,0,0,0,0,0,0,0,0,0,132,12,1.0,1.0,0.0,0.0,0.09,0.06,0.0,255,11,0.04,0.07,0.0,0.0,1.0,1.0,0.0,0.0,anomaly,normal,anomaly
23348,0,tcp,daytime,RSTR,0,0,0,0,0,0,0,0,0,0,0,0,0,0,0,0,0,0,1,1,0.0,0.0,1.0,1.0,1.0,0.0,0.0,172,1,0.01,0.05,0.02,0.0,0.0,0.0,0.03,1.0,anomaly,normal,anomaly
10343,0,tcp,hostnames,S0,0,0,0,0,0,0,0,0,0,0,0,0,0,0,0,0,0,0,243,10,1.0,1.0,0.0,0.0,0.04,0.06,0.0,255,10,0.04,0.06,0.0,0.0,1.0,1.0,0.0,0.0,anomaly,normal,anomaly
21604,0,icmp,eco_i,SF,8,0,0,0,0,0,0,0,0,0,0,0,0,0,0,0,0,0,1,18,0.0,0.0,0.0,0.0,1.0,0.0,1.0,1,21,1.0,0.0,1.0,0.52,0.0,0.0,0.0,0.0,anomaly,normal,anomaly
9789,0,icmp,eco_i,SF,8,0,0,0,0,0,0,0,0,0,0,0,0,0,0,0,0,0,1,19,0.0,0.0,0.0,0.0,1.0,0.0,1.0,2,26,1.0,0.0,1.0,0.5,0.0,0.0,0.0,0.0,anomaly,normal,anomaly
23102,0,udp,other,SF,1,0,0,0,0,0,0,0,0,0,0,0,0,0,0,0,0,0,8,8,0.0,0.0,0.0,0.0,1.0,0.0,0.0,255,8,0.03,0.15,0.42,0.0,0.0,0.0,0.5,0.0,anomaly,normal,anomaly
4053,0,icmp,eco_i,SF,8,0,0,0,0,0,0,0,0,0,0,0,0,0,0,0,0,0,1,23,0.0,0.0,0.0,0.0,1.0,0.0,1.0,1,23,1.0,0.0,1.0,0.52,0.0,0.0,0.0,0.0,anomaly,normal,anomaly
15798,0,tcp,gopher,S0,0,0,0,0,0,0,0,0,0,0,0,0,0,0,0,0,0,0,238,7,1.0,1.0,0.0,0.0,0.03,0.06,0.0,255,2,0.01,0.09,0.0,0.0,1.0,1.0,0.0,0.0,anomaly,normal,anomaly
17482,0,tcp,Z39_50,S0,0,0,0,0,0,0,0,0,0,0,0,0,0,0,0,0,0,0,205,11,1.0,1.0,0.0,0.0,0.05,0.05,0.0,255,11,0.04,0.06,0.0,0.0,1.0,1.0,0.0,0.0,anomaly,normal,anomaly
3769,0,tcp,ftp_data,S0,0,0,0,0,0,0,0,0,0,0,0,0,0,0,0,0,0,0,272,18,1.0,1.0,0.0,0.0,0.07,0.07,0.0,255,18,0.07,0.08,0.0,0.0,1.0,1.0,0.0,0.0,anomaly,normal,anomaly
12182,0,tcp,private,S0,0,0,0,0,0,0,0,0,0,0,0,0,0,0,0,0,0,0,178,3,1.0,1.0,0.0,0.0,0.02,0.07,0.0,255,12,0.05,0.07,0.0,0.0,1.0,1.0,0.0,0.0,anomaly,normal,anomaly
1897,0,tcp,ftp,S0,0,0,0,0,0,0,0,0,0,0,0,0,0,0,0,0,0,0,186,2,1.0,1.0,0.0,0.0,0.01,0.06,0.0,255,2,0.01,0.06,0.0,0.0,1.0,1.0,0.0,0.0,anomaly,normal,anomaly
13758,0,tcp,nntp,S0,0,0,0,0,0,0,0,0,0,0,0,0,0,0,0,0,0,0,35,16,1.0,1.0,0.0,0.0,0.46,0.14,0.0,255,16,0.06,0.07,0.0,0.0,1.0,1.0,0.0,0.0,anomaly,normal,anomaly
13659,0,tcp,private,S0,0,0,0,0,0,0,0,0,0,0,0,0,0,0,0,0,0,0,16,1,1.0,1.0,0.0,0.0,0.06,0.31,0.0,255,4,0.02,0.09,0.0,0.0,1.0,1.0,0.0,0.0,anomaly,normal,anomaly
8025,0,tcp,private,S0,0,0,0,0,0,0,0,0,0,0,0,0,0,0,0,0,0,0,255,17,1.0,1.0,0.0,0.0,0.07,0.06,0.0,255,20,0.08,0.08,0.0,0.0,1.0,1.0,0.0,0.0,anomaly,normal,anomaly
24370,8337,udp,other,SF,147,105,0,0,0,0,0,0,0,0,0,0,0,0,0,0,0,0,2,2,0.0,0.0,0.0,0.0,1.0,0.0,0.0,255,2,0.01,0.65,0.88,0.0,0.0,0.0,0.0,0.0,normal,anomaly,normal
1523,0,tcp,gopher,S0,0,0,0,0,0,0,0,0,0,0,0,0,0,0,0,0,0,0,260,8,1.0,1.0,0.0,0.0,0.03,0.07,0.0,255,8,0.03,0.08,0.0,0.0,1.0,1.0,0.0,0.0,anomaly,normal,anomaly
25054,0,tcp,private,S0,0,0,0,0,0,0,0,0,0,0,0,0,0,0,0,0,0,0,170,1,1.0,1.0,0.0,0.0,0.01,0.06,0.0,255,1,0.0,0.07,0.0,0.0,1.0,1.0,0.0,0.0,anomaly,normal,anomaly
20431,0,tcp,private,S0,0,0,0,0,0,0,0,0,0,0,0,0,0,0,0,0,0,0,121,14,1.0,1.0,0.0,0.0,0.12,0.05,0.0,255,14,0.05,0.05,0.0,0.0,1.0,1.0,0.0,0.0,anomaly,normal,anomaly
4316,0,tcp,time,S0,0,0,0,0,0,0,0,0,0,0,0,0,0,0,0,0,0,0,270,3,1.0,1.0,0.0,0.0,0.01,0.05,0.0,255,3,0.01,0.05,0.0,0.0,1.0,1.0,0.0,0.0,anomaly,normal,anomaly
12110,0,tcp,netbios_dgm,S0,0,0,0,0,0,0,0,0,0,0,0,0,0,0,0,0,0,0,255,21,1.0,1.0,0.0,0.0,0.08,0.05,0.0,255,21,0.08,0.05,0.0,0.0,1.0,1.0,0.0,0.0,anomaly,normal,anomaly
12925,0,tcp,private,REJ,0,0,0,0,0,0,0,0,0,0,0,0,0,0,0,0,0,0,103,9,0.0,0.0,1.0,1.0,0.09,0.07,0.0,255,3,0.01,0.08,0.0,0.0,0.0,0.0,1.0,1.0,anomaly,normal,anomaly
22987,0,tcp,private,S0,0,0,0,0,0,0,0,0,0,0,0,0,0,0,0,0,0,0,292,18,1.0,1.0,0.0,0.0,0.06,0.06,0.0,255,34,0.13,0.06,0.0,0.0,1.0,1.0,0.0,0.0,anomaly,normal,anomaly
6002,0,tcp,discard,S0,0,0,0,0,0,0,0,0,0,0,0,0,0,0,0,0,0,0,240,18,1.0,1.0,0.0,0.0,0.08,0.07,0.0,255,18,0.07,0.07,0.0,0.0,1.0,1.0,0.0,0.0,anomaly,normal,anomaly
22199,0,icmp,eco_i,SF,8,0,0,0,0,0,0,0,0,0,0,0,0,0,0,0,0,0,1,7,0.0,0.0,0.0,0.0,1.0,0.0,1.0,1,41,1.0,0.0,1.0,0.51,0.0,0.0,0.0,0.0,anomaly,normal,anomaly
9018,0,tcp,private,S0,0,0,0,0,0,0,0,0,0,0,0,0,0,0,0,0,0,0,109,9,1.0,1.0,0.0,0.0,0.08,0.06,0.0,56,8,0.14,0.11,0.02,0.0,1.0,1.0,0.0,0.0,anomaly,normal,anomaly
174,0,tcp,private,S0,0,0,0,0,0,0,0,0,0,0,0,0,0,0,0,0,0,0,122,19,0.99,1.0,0.0,0.0,0.16,0.07,0.0,255,19,0.07,0.05,0.0,0.0,1.0,1.0,0.0,0.0,anomaly,normal,anomaly
23423,0,tcp,smtp,S0,0,0,0,0,0,0,0,0,0,0,0,0,0,0,0,0,0,0,8,8,1.0,1.0,0.0,0.0,1.0,0.0,0.0,110,130,0.44,0.02,0.01,0.02,0.98,0.37,0.0,0.0,anomaly,normal,anomaly
1535,0,tcp,vmnet,REJ,0,0,0,0,0,0,0,0,0,0,0,0,0,0,0,0,0,0,205,3,0.0,0.0,1.0,1.0,0.01,0.07,0.0,255,3,0.01,0.08,0.0,0.0,0.0,0.0,1.0,1.0,anomaly,normal,anomaly
23356,0,tcp,time,RSTO,0,0,0,0,0,0,0,0,0,0,0,0,0,0,0,0,0,0,185,11,0.0,0.0,1.0,1.0,0.06,0.06,0.0,255,11,0.04,0.07,0.0,0.0,0.0,0.0,1.0,1.0,anomaly,normal,anomaly
3158,0,icmp,ecr_i,SF,520,0,0,0,0,0,0,0,0,0,0,0,0,0,0,0,0,0,273,273,0.0,0.0,0.0,0.0,1.0,0.0,0.0,255,255,1.0,0.0,1.0,0.0,0.0,0.0,0.0,0.0,anomaly,normal,anomaly
11806,0,tcp,private,S0,0,0,0,0,0,0,0,0,0,0,0,0,0,0,0,0,0,0,78,8,1.0,1.0,0.0,0.0,0.1,0.08,0.0,186,8,0.04,0.07,0.01,0.0,1.0,1.0,0.0,0.0,anomaly,normal,anomaly
14975,0,tcp,ftp,S0,0,0,0,0,0,0,0,0,0,0,0,0,0,0,0,0,0,0,194,15,1.0,1.0,0.0,0.0,0.08,0.07,0.0,255,15,0.06,0.09,0.0,0.0,1.0,1.0,0.0,0.0,anomaly,normal,anomaly
9822,0,tcp,private,REJ,0,0,0,0,0,0,0,0,0,0,0,0,0,0,0,0,0,0,86,1,0.0,0.0,1.0,1.0,0.01,0.08,0.0,255,1,0.0,0.06,0.0,0.0,0.0,0.0,1.0,1.0,anomaly,normal,anomaly
22797,0,tcp,telnet,S0,0,0,0,0,0,0,0,0,0,0,0,0,0,0,0,0,0,0,109,12,1.0,1.0,0.0,0.0,0.11,0.06,0.0,255,12,0.05,0.06,0.0,0.0,1.0,1.0,0.0,0.0,anomaly,normal,anomaly
4646,0,tcp,private,S0,0,0,0,0,0,0,0,0,0,0,0,0,0,0,0,0,0,0,111,8,1.0,1.0,0.0,0.0,0.07,0.06,0.0,255,14,0.05,0.05,0.0,0.0,1.0,1.0,0.0,0.0,anomaly,normal,anomaly
22419,0,tcp,systat,REJ,0,0,0,0,0,0,0,0,0,0,0,0,0,0,0,0,0,0,130,4,0.0,0.0,1.0,1.0,0.03,0.07,0.0,255,2,0.01,0.07,0.0,0.0,0.0,0.0,1.0,1.0,anomaly,normal,anomaly
8488,0,tcp,telnet,S0,0,0,0,0,0,0,0,0,0,0,0,0,0,0,0,0,0,0,67,17,1.0,1.0,0.0,0.0,0.25,0.06,0.0,255,62,0.24,0.02,0.01,0.0,1.0,1.0,0.0,0.0,anomaly,normal,anomaly
7668,0,tcp,private,S0,0,0,0,0,0,0,0,0,0,0,0,0,0,0,0,0,0,0,177,1,1.0,1.0,0.0,0.0,0.01,0.06,0.0,255,19,0.07,0.07,0.0,0.0,1.0,1.0,0.0,0.0,anomaly,normal,anomaly
7204,0,tcp,link,S0,0,0,0,0,0,0,0,0,0,0,0,0,0,0,0,0,0,0,300,25,1.0,1.0,0.0,0.0,0.08,0.05,0.0,255,25,0.1,0.05,0.0,0.0,1.0,1.0,0.0,0.0,anomaly,normal,anomaly
13263,0,icmp,ecr_i,SF,520,0,0,0,0,0,0,0,0,0,0,0,0,0,0,0,0,0,168,168,0.0,0.0,0.0,0.0,1.0,0.0,0.0,255,255,1.0,0.0,1.0,0.0,0.0,0.0,0.0,0.0,anomaly,normal,anomaly
5342,0,tcp,private,S0,0,0,0,0,0,0,0,0,0,0,0,0,0,0,0,0,0,0,126,8,1.0,1.0,0.0,0.0,0.06,0.07,0.0,255,15,0.06,0.06,0.0,0.0,1.0,1.0,0.0,0.0,anomaly,normal,anomaly
8428,0,tcp,discard,S0,0,0,0,0,0,0,0,0,0,0,0,0,0,0,0,0,0,0,266,1,1.0,1.0,0.0,0.0,0.0,0.06,0.0,255,1,0.0,0.07,0.0,0.0,1.0,1.0,0.0,0.0,anomaly,normal,anomaly
7576,0,tcp,ftp_data,S0,0,0,0,0,0,0,0,0,0,0,0,0,0,0,0,0,0,0,282,2,1.0,1.0,0.0,0.0,0.01,0.05,0.0,255,2,0.01,0.05,0.0,0.0,1.0,1.0,0.0,0.0,anomaly,normal,anomaly
6581,15,tcp,private,RSTR,0,0,0,0,0,0,0,0,0,0,0,0,0,0,0,0,0,0,1,1,0.0,0.0,1.0,1.0,1.0,0.0,0.0,255,1,0.0,0.67,0.66,0.0,0.0,0.0,0.66,1.0,anomaly,normal,anomaly
20414,0,udp,private,SF,1,0,0,0,0,0,0,0,0,0,0,0,0,0,0,0,0,0,55,9,0.0,0.0,0.0,0.0,0.16,0.07,0.0,255,9,0.04,0.23,1.0,0.0,0.0,0.0,0.0,0.0,anomaly,normal,anomaly
12461,0,tcp,private,REJ,0,0,0,0,0,0,0,0,0,0,0,0,0,0,0,0,0,0,270,20,0.0,0.0,1.0,1.0,0.07,0.07,0.0,255,20,0.08,0.08,0.0,0.0,0.0,0.0,1.0,1.0,anomaly,normal,anomaly
24810,0,tcp,finger,SF,9,196,0,0,0,1,0,0,0,0,0,0,0,0,0,0,0,0,5,5,0.0,0.0,0.0,0.0,1.0,0.0,0.0,155,7,0.05,0.06,0.01,0.0,0.01,0.0,0.0,0.0,anomaly,normal,anomaly
5308,0,tcp,http,SF,54540,8314,0,0,0,2,0,1,1,0,0,0,0,0,0,0,0,0,4,4,0.0,0.0,0.0,0.0,1.0,0.0,0.0,179,179,1.0,0.0,0.01,0.0,0.0,0.0,0.06,0.06,anomaly,normal,anomaly
24813,0,tcp,http_443,S0,0,0,0,0,0,0,0,0,0,0,0,0,0,0,0,0,0,0,91,13,1.0,1.0,0.0,0.0,0.14,0.05,0.0,255,13,0.05,0.05,0.0,0.0,1.0,1.0,0.0,0.0,anomaly,normal,anomaly
7216,0,tcp,name,REJ,0,0,0,0,0,0,0,0,0,0,0,0,0,0,0,0,0,0,201,1,0.0,0.0,1.0,1.0,0.0,0.06,0.0,255,18,0.07,0.07,0.0,0.0,0.0,0.0,1.0,1.0,anomaly,normal,anomaly
1687,0,tcp,iso_tsap,S0,0,0,0,0,0,0,0,0,0,0,0,0,0,0,0,0,0,0,123,8,1.0,1.0,0.0,0.0,0.07,0.07,0.0,255,8,0.03,0.06,0.0,0.0,1.0,1.0,0.0,0.0,anomaly,normal,anomaly
6160,0,tcp,private,S0,0,0,0,0,0,0,0,0,0,0,0,0,0,0,0,0,0,0,114,16,1.0,1.0,0.0,0.0,0.14,0.07,0.0,255,16,0.06,0.06,0.0,0.0,1.0,1.0,0.0,0.0,anomaly,normal,anomaly
18343,0,tcp,link,S0,0,0,0,0,0,0,0,0,0,0,0,0,0,0,0,0,0,0,241,5,1.0,1.0,0.0,0.0,0.02,0.07,0.0,255,5,0.02,0.08,0.0,0.0,1.0,1.0,0.0,0.0,anomaly,normal,anomaly
17408,0,tcp,uucp_path,S0,0,0,0,0,0,0,0,0,0,0,0,0,0,0,0,0,0,0,277,17,1.0,1.0,0.0,0.0,0.06,0.06,0.0,255,17,0.07,0.07,0.0,0.0,1.0,1.0,0.0,0.0,anomaly,normal,anomaly
10675,0,tcp,private,S0,0,0,0,0,0,0,0,0,0,0,0,0,0,0,0,0,0,0,122,1,1.0,1.0,0.0,0.0,0.01,0.07,0.0,255,19,0.07,0.07,0.0,0.0,1.0,1.0,0.0,0.0,anomaly,normal,anomaly
20805,0,tcp,login,S0,0,0,0,0,0,0,0,0,0,0,0,0,0,0,0,0,0,0,69,6,1.0,1.0,0.0,0.0,0.09,0.07,0.0,255,6,0.02,0.06,0.0,0.0,1.0,1.0,0.0,0.0,anomaly,normal,anomaly
10236,0,tcp,private,S0,0,0,0,0,0,0,0,0,0,0,0,0,0,0,0,0,0,0,260,9,1.0,1.0,0.0,0.0,0.03,0.06,0.0,255,20,0.08,0.05,0.0,0.0,1.0,1.0,0.0,0.0,anomaly,normal,anomaly
19108,0,tcp,smtp,S0,0,0,0,0,0,0,0,0,0,0,0,0,0,0,0,0,0,0,19,21,1.0,0.9,0.0,0.0,1.0,0.0,0.14,41,153,0.46,0.05,0.02,0.01,0.95,0.12,0.0,0.0,anomaly,normal,anomaly
4440,0,tcp,private,S0,0,0,0,0,0,0,0,0,0,0,0,0,0,0,0,0,0,0,126,20,1.0,1.0,0.0,0.0,0.16,0.06,0.0,255,20,0.08,0.06,0.0,0.0,1.0,1.0,0.0,0.0,anomaly,normal,anomaly
1922,0,tcp,private,S0,0,0,0,0,0,0,0,0,0,0,0,0,0,0,0,0,0,0,146,17,1.0,1.0,0.0,0.0,0.12,0.06,0.0,255,7,0.03,0.08,0.0,0.0,1.0,1.0,0.0,0.0,anomaly,normal,anomaly
19824,0,tcp,private,S0,0,0,0,0,0,0,0,0,0,0,0,0,0,0,0,0,0,0,221,7,1.0,1.0,0.0,0.0,0.03,0.07,0.0,255,12,0.05,0.07,0.0,0.0,1.0,1.0,0.0,0.0,anomaly,normal,anomaly
15439,0,tcp,private,S0,0,0,0,0,0,0,0,0,0,0,0,0,0,0,0,0,0,0,139,9,1.0,1.0,0.0,0.0,0.06,0.06,0.0,255,20,0.08,0.07,0.0,0.0,1.0,1.0,0.0,0.0,anomaly,normal,anomaly
3870,0,tcp,private,REJ,0,0,0,0,0,0,0,0,0,0,0,0,0,0,0,0,0,0,2,1,0.0,0.0,1.0,1.0,0.5,1.0,0.0,255,1,0.0,0.38,0.36,0.0,0.0,0.0,0.36,1.0,anomaly,normal,anomaly
9782,0,tcp,telnet,S0,0,0,0,0,0,0,0,0,0,0,0,0,0,0,0,0,0,0,15,15,1.0,1.0,0.0,0.0,1.0,0.0,0.0,17,17,1.0,0.0,0.06,0.0,0.88,0.88,0.0,0.0,anomaly,normal,anomaly
4741,0,icmp,eco_i,SF,8,0,0,0,0,0,0,0,0,0,0,0,0,0,0,0,0,0,1,20,0.0,0.0,0.0,0.0,1.0,0.0,1.0,1,25,1.0,0.0,1.0,0.28,0.0,0.0,0.0,0.0,anomaly,normal,anomaly
12366,0,tcp,netbios_ns,S0,0,0,0,0,0,0,0,0,0,0,0,0,0,0,0,0,0,0,251,5,1.0,1.0,0.0,0.0,0.02,0.07,0.0,255,5,0.02,0.07,0.0,0.0,1.0,1.0,0.0,0.0,anomaly,normal,anomaly
13042,0,tcp,private,S0,0,0,0,0,0,0,0,0,0,0,0,0,0,0,0,0,0,0,201,19,1.0,1.0,0.0,0.0,0.09,0.06,0.0,255,2,0.01,0.07,0.0,0.0,1.0,1.0,0.0,0.0,anomaly,normal,anomaly
3530,0,icmp,eco_i,SF,8,0,0,0,0,0,0,0,0,0,0,0,0,0,0,0,0,0,1,36,0.0,0.0,0.0,0.0,1.0,0.0,1.0,1,39,1.0,0.0,1.0,0.51,0.0,0.0,0.0,0.0,anomaly,normal,anomaly
11805,0,tcp,private,S0,0,0,0,0,0,0,0,0,0,0,0,0,0,0,0,0,0,0,219,18,1.0,1.0,0.0,0.0,0.08,0.06,0.0,255,18,0.07,0.08,0.0,0.0,1.0,1.0,0.0,0.0,anomaly,normal,anomaly
13043,0,tcp,mtp,REJ,0,0,0,0,0,0,0,0,0,0,0,0,0,0,0,0,0,0,104,18,0.0,0.0,1.0,1.0,0.17,0.08,0.0,255,1,0.0,0.09,0.0,0.0,0.0,0.0,1.0,1.0,anomaly,normal,anomaly
17278,0,tcp,private,S0,0,0,0,0,0,0,0,0,0,0,0,0,0,0,0,0,0,0,263,7,1.0,1.0,0.0,0.0,0.03,0.05,0.0,255,7,0.03,0.09,0.0,0.0,1.0,1.0,0.0,0.0,anomaly,normal,anomaly
15462,0,tcp,http_443,S0,0,0,0,0,0,0,0,0,0,0,0,0,0,0,0,0,0,0,125,20,1.0,1.0,0.0,0.0,0.16,0.06,0.0,255,20,0.08,0.07,0.0,0.0,1.0,1.0,0.0,0.0,anomaly,normal,anomaly
20925,0,tcp,telnet,RSTO,0,0,0,0,0,0,0,0,0,0,0,0,0,0,0,0,0,0,235,4,0.0,0.0,1.0,1.0,0.02,0.07,0.0,255,4,0.02,0.07,0.0,0.0,0.0,0.0,1.0,1.0,anomaly,normal,anomaly
1521,0,tcp,private,S0,0,0,0,0,0,0,0,0,0,0,0,0,0,0,0,0,0,0,115,5,1.0,1.0,0.0,0.0,0.04,0.06,0.0,255,16,0.06,0.05,0.0,0.0,1.0,1.0,0.0,0.0,anomaly,normal,anomaly
11057,0,tcp,private,REJ,0,0,0,0,0,0,0,0,0,0,0,0,0,0,0,0,0,0,1,1,0.0,0.0,1.0,1.0,1.0,0.0,0.0,9,2,0.11,1.0,0.11,1.0,0.0,0.0,0.89,1.0,anomaly,normal,anomaly
1295,0,tcp,private,S0,0,0,0,0,0,0,0,0,0,0,0,0,0,0,0,0,0,0,117,9,1.0,1.0,0.0,0.0,0.08,0.06,0.0,255,9,0.04,0.08,0.0,0.0,1.0,1.0,0.0,0.0,anomaly,normal,anomaly
16765,0,tcp,private,REJ,0,0,0,0,0,0,0,0,0,0,0,0,0,0,0,0,0,0,206,3,0.0,0.0,1.0,1.0,0.01,0.07,0.0,255,3,0.01,0.06,0.0,0.0,0.0,0.0,1.0,1.0,anomaly,normal,anomaly
7311,0,tcp,time,S0,0,0,0,0,0,0,0,0,0,0,0,0,0,0,0,0,0,0,240,17,1.0,1.0,0.0,0.0,0.07,0.06,0.0,255,4,0.02,0.08,0.0,0.0,1.0,1.0,0.0,0.0,anomaly,normal,anomaly
19401,0,tcp,http,S0,0,0,0,0,0,0,0,0,0,0,0,0,0,0,0,0,0,0,238,20,1.0,0.65,0.0,0.0,0.05,0.07,0.1,255,13,0.05,0.06,0.0,0.0,1.0,1.0,0.0,0.0,anomaly,normal,anomaly
14991,4,tcp,http,SF,54540,8314,0,0,0,2,0,1,1,0,0,0,0,0,0,0,0,0,4,4,0.0,0.0,0.0,0.0,1.0,0.0,0.0,32,32,1.0,0.0,0.03,0.0,0.0,0.0,0.34,0.34,anomaly,normal,anomaly
2569,0,tcp,courier,S0,0,0,0,0,0,0,0,0,0,0,0,0,0,0,0,0,0,0,120,18,1.0,1.0,0.0,0.0,0.15,0.06,0.0,255,18,0.07,0.05,0.0,0.0,1.0,1.0,0.0,0.0,anomaly,normal,anomaly
9797,0,tcp,uucp_path,S0,0,0,0,0,0,0,0,0,0,0,0,0,0,0,0,0,0,0,263,19,1.0,1.0,0.0,0.0,0.07,0.06,0.0,255,19,0.07,0.07,0.0,0.0,1.0,1.0,0.0,0.0,anomaly,normal,anomaly
4636,0,udp,other,SF,1,0,0,0,0,0,0,0,0,0,0,0,0,0,0,0,0,0,32,10,0.0,0.0,0.0,0.0,0.31,0.09,0.0,255,10,0.04,0.06,1.0,0.0,0.0,0.0,0.0,0.0,anomaly,normal,anomaly
5941,0,tcp,http_443,S0,0,0,0,0,0,0,0,0,0,0,0,0,0,0,0,0,0,0,121,19,1.0,1.0,0.0,0.0,0.16,0.06,0.0,255,19,0.07,0.05,0.0,0.0,1.0,1.0,0.0,0.0,anomaly,normal,anomaly
703,0,tcp,private,S0,0,0,0,0,0,0,0,0,0,0,0,0,0,0,0,0,0,0,12,5,1.0,1.0,0.0,0.0,0.42,0.33,0.0,255,5,0.02,0.1,0.0,0.0,1.0,1.0,0.0,0.0,anomaly,normal,anomaly
20277,0,tcp,private,S0,0,0,0,0,0,0,0,0,0,0,0,0,0,0,0,0,0,0,107,10,1.0,1.0,0.0,0.0,0.09,0.06,0.0,255,14,0.05,0.07,0.0,0.0,1.0,1.0,0.0,0.0,anomaly,normal,anomaly
15806,0,tcp,private,S0,0,0,0,0,0,0,0,0,0,0,0,0,0,0,0,0,0,0,131,9,1.0,1.0,0.0,0.0,0.07,0.07,0.0,255,1,0.0,0.06,0.0,0.0,1.0,1.0,0.0,0.0,anomaly,normal,anomaly
11541,0,udp,private,SF,100,0,0,0,0,0,0,0,0,0,0,0,0,0,0,0,0,0,1,1,0.0,0.0,0.0,0.0,1.0,0.0,0.0,227,37,0.16,0.01,0.16,0.0,0.0,0.0,0.0,0.0,anomaly,normal,anomaly
11407,0,tcp,hostnames,S0,0,0,0,0,0,0,0,0,0,0,0,0,0,0,0,0,0,0,219,8,1.0,1.0,0.0,0.0,0.04,0.06,0.0,255,20,0.08,0.07,0.0,0.0,1.0,1.0,0.0,0.0,anomaly,normal,anomaly
21892,0,tcp,http,SF,54540,8314,0,0,0,2,0,1,1,0,0,0,0,0,0,0,0,0,9,9,0.0,0.0,0.0,0.0,1.0,0.0,0.0,255,255,1.0,0.0,0.0,0.0,0.0,0.0,0.04,0.04,anomaly,normal,anomaly
7950,0,tcp,private,S0,0,0,0,0,0,0,0,0,0,0,0,0,0,0,0,0,0,0,137,22,1.0,1.0,0.0,0.0,0.16,0.04,0.0,255,22,0.09,0.06,0.0,0.0,1.0,1.0,0.0,0.0,anomaly,normal,anomaly
5188,0,tcp,private,S0,0,0,0,0,0,0,0,0,0,0,0,0,0,0,0,0,0,0,185,15,1.0,1.0,0.0,0.0,0.08,0.06,0.0,255,15,0.06,0.08,0.0,0.0,1.0,1.0,0.0,0.0,anomaly,normal,anomaly
8125,0,udp,other,SF,1,0,0,0,0,0,0,0,0,0,0,0,0,0,0,0,0,0,20,2,0.0,0.0,0.0,0.0,0.1,0.2,0.0,255,2,0.01,0.21,0.64,0.0,0.0,0.0,0.31,0.0,anomaly,normal,anomaly
11161,0,tcp,supdup,S0,0,0,0,0,0,0,0,0,0,0,0,0,0,0,0,0,0,0,203,16,1.0,1.0,0.0,0.0,0.08,0.06,0.0,255,16,0.06,0.07,0.0,0.0,1.0,1.0,0.0,0.0,anomaly,normal,anomaly
23716,0,tcp,nnsp,S0,0,0,0,0,0,0,0,0,0,0,0,0,0,0,0,0,0,0,105,16,1.0,1.0,0.0,0.0,0.15,0.06,0.0,255,16,0.06,0.05,0.0,0.0,1.0,1.0,0.0,0.0,anomaly,normal,anomaly
17422,0,tcp,daytime,S0,0,0,0,0,0,0,0,0,0,0,0,0,0,0,0,0,0,0,109,8,1.0,1.0,0.0,0.0,0.07,0.06,0.0,255,8,0.03,0.07,0.0,0.0,1.0,1.0,0.0,0.0,anomaly,normal,anomaly
23021,0,tcp,private,S0,0,0,0,0,0,0,0,0,0,0,0,0,0,0,0,0,0,0,107,16,1.0,1.0,0.0,0.0,0.15,0.06,0.0,255,13,0.05,0.07,0.0,0.0,1.0,1.0,0.0,0.0,anomaly,normal,anomaly
12954,0,icmp,eco_i,SF,8,0,0,0,0,0,0,0,0,0,0,0,0,0,0,0,0,0,1,49,0.0,0.0,0.0,0.0,1.0,0.0,1.0,2,255,1.0,0.0,1.0,0.5,0.0,0.0,0.0,0.0,anomaly,normal,anomaly
12535,0,tcp,private,REJ,0,0,0,0,0,0,0,0,0,0,0,0,0,0,0,0,0,0,127,17,0.0,0.0,1.0,1.0,0.13,0.07,0.0,255,17,0.07,0.07,0.0,0.0,0.0,0.0,1.0,1.0,anomaly,normal,anomaly
9733,0,icmp,eco_i,SF,8,0,0,0,0,0,0,0,0,0,0,0,0,0,0,0,0,0,1,42,0.0,0.0,0.0,0.0,1.0,0.0,1.0,2,2,1.0,0.0,1.0,0.0,0.0,0.0,0.0,0.0,anomaly,normal,anomaly
13906,0,tcp,courier,S0,0,0,0,0,0,0,0,0,0,0,0,0,0,0,0,0,0,0,148,24,1.0,1.0,0.0,0.0,0.16,0.05,0.0,255,24,0.09,0.06,0.0,0.0,1.0,1.0,0.0,0.0,anomaly,normal,anomaly
4450,0,tcp,ctf,REJ,0,0,0,0,0,0,0,0,0,0,0,0,0,0,0,0,0,0,195,2,0.0,0.0,1.0,1.0,0.01,0.07,0.0,255,2,0.01,0.08,0.0,0.0,0.0,0.0,1.0,1.0,anomaly,normal,anomaly
11131,0,tcp,http,SF,54540,8314,0,0,0,2,0,1,1,0,0,0,0,0,0,0,0,0,1,2,0.0,0.0,0.0,0.5,1.0,0.0,1.0,255,255,1.0,0.0,0.0,0.0,0.01,0.01,0.03,0.03,anomaly,normal,anomaly
17478,0,tcp,private,REJ,0,0,0,0,0,0,0,0,0,0,0,0,0,0,0,0,0,0,99,18,0.0,0.0,1.0,1.0,0.18,0.06,0.0,255,18,0.07,0.07,0.0,0.0,0.0,0.0,1.0,1.0,anomaly,normal,anomaly
23389,0,tcp,imap4,S0,0,0,0,0,0,0,0,0,0,0,0,0,0,0,0,0,0,0,277,15,1.0,1.0,0.0,0.0,0.05,0.06,0.0,255,15,0.06,0.06,0.0,0.0,1.0,1.0,0.0,0.0,anomaly,normal,anomaly
887,0,tcp,private,RSTR,0,0,0,0,0,0,0,0,0,0,0,0,0,0,0,0,0,0,1,1,0.0,0.0,1.0,1.0,1.0,0.0,0.0,208,1,0.0,0.77,0.77,0.0,0.03,0.0,0.63,1.0,anomaly,normal,anomaly
9005,0,tcp,private,S0,0,0,0,0,0,0,0,0,0,0,0,0,0,0,0,0,0,0,238,1,1.0,1.0,0.0,0.0,0.0,0.06,0.0,255,2,0.01,0.07,0.0,0.0,1.0,1.0,0.0,0.0,anomaly,normal,anomaly
7219,0,tcp,ldap,S0,0,0,0,0,0,0,0,0,0,0,0,0,0,0,0,0,0,0,133,20,1.0,1.0,0.0,0.0,0.15,0.06,0.0,255,20,0.08,0.06,0.0,0.0,1.0,1.0,0.0,0.0,anomaly,normal,anomaly
912,0,tcp,finger,S0,0,0,0,0,0,0,0,0,0,0,0,0,0,0,0,0,0,0,213,21,1.0,1.0,0.0,0.0,0.1,0.05,0.0,255,21,0.08,0.05,0.0,0.0,1.0,1.0,0.0,0.0,anomaly,normal,anomaly
25089,0,tcp,private,RSTR,0,0,0,0,0,0,0,0,0,0,0,0,0,0,0,0,0,0,1,1,0.0,0.0,1.0,1.0,1.0,0.0,0.0,255,1,0.0,1.0,1.0,0.0,0.0,0.0,1.0,1.0,anomaly,normal,anomaly
940,0,tcp,uucp,RSTO,0,0,0,0,0,0,0,0,0,0,0,0,0,0,0,0,0,0,121,16,0.0,0.0,1.0,1.0,0.13,0.07,0.0,255,16,0.06,0.07,0.0,0.0,0.0,0.0,1.0,1.0,anomaly,normal,anomaly
7324,0,tcp,name,S0,0,0,0,0,0,0,0,0,0,0,0,0,0,0,0,0,0,0,256,8,1.0,1.0,0.0,0.0,0.03,0.06,0.0,255,3,0.01,0.07,0.0,0.0,1.0,1.0,0.0,0.0,anomaly,normal,anomaly
9492,0,icmp,eco_i,SF,8,0,0,0,0,0,0,0,0,0,0,0,0,0,0,0,0,0,1,25,0.0,0.0,0.0,0.0,1.0,0.0,1.0,2,68,1.0,0.0,1.0,0.5,0.0,0.0,0.0,0.0,anomaly,normal,anomaly
13337,0,tcp,bgp,REJ,0,0,0,0,0,0,0,0,0,0,0,0,0,0,0,0,0,0,108,18,0.0,0.0,1.0,1.0,0.17,0.06,0.0,255,15,0.06,0.08,0.0,0.0,0.0,0.0,1.0,1.0,anomaly,normal,anomaly
16568,0,tcp,efs,S0,0,0,0,0,0,0,0,0,0,0,0,0,0,0,0,0,0,0,32,12,1.0,1.0,0.0,0.0,0.38,0.09,0.0,255,12,0.05,0.07,0.0,0.0,1.0,1.0,0.0,0.0,anomaly,normal,anomaly
1432,0,tcp,private,REJ,0,0,0,0,0,0,0,0,0,0,0,0,0,0,0,0,0,0,163,20,0.0,0.0,1.0,1.0,0.12,0.06,0.0,255,20,0.08,0.06,0.0,0.0,0.0,0.0,1.0,1.0,anomaly,normal,anomaly
7653,0,tcp,http,RSTR,54540,8314,0,0,0,2,0,1,1,0,0,0,0,0,0,0,0,0,4,4,0.0,0.0,0.25,0.25,1.0,0.0,0.0,144,144,1.0,0.0,0.01,0.0,0.0,0.0,0.06,0.06,anomaly,normal,anomaly
2928,0,icmp,ecr_i,SF,1032,0,0,0,0,0,0,0,0,0,0,0,0,0,0,0,0,0,83,83,0.0,0.0,0.0,0.0,1.0,0.0,0.0,255,255,1.0,0.0,1.0,0.0,0.0,0.0,0.0,0.0,anomaly,normal,anomaly
4712,0,tcp,netbios_ssn,S0,0,0,0,0,0,0,0,0,0,0,0,0,0,0,0,0,0,0,116,3,1.0,1.0,0.0,0.0,0.03,0.05,0.0,255,3,0.01,0.05,0.0,0.0,1.0,1.0,0.0,0.0,anomaly,normal,anomaly
3787,0,icmp,eco_i,SF,8,0,0,0,0,0,0,0,0,0,0,0,0,0,0,0,0,0,1,32,0.0,0.0,0.0,0.0,1.0,0.0,1.0,2,70,1.0,0.0,1.0,0.5,0.0,0.0,0.0,0.0,anomaly,normal,anomaly
1582,0,tcp,daytime,S0,0,0,0,0,0,0,0,0,0,0,0,0,0,0,0,0,0,0,260,8,1.0,1.0,0.0,0.0,0.03,0.07,0.0,255,8,0.03,0.07,0.0,0.0,1.0,1.0,0.0,0.0,anomaly,normal,anomaly
19395,0,tcp,uucp,S0,0,0,0,0,0,0,0,0,0,0,0,0,0,0,0,0,0,0,127,1,1.0,1.0,0.0,0.0,0.01,0.07,0.0,255,1,0.0,0.06,0.0,0.0,1.0,1.0,0.0,0.0,anomaly,normal,anomaly
16520,0,tcp,http,SF,54540,8314,0,0,0,2,0,1,1,0,0,0,0,0,0,0,0,0,6,8,0.0,0.0,0.0,0.25,1.0,0.0,0.38,255,255,1.0,0.0,0.0,0.0,0.0,0.0,0.03,0.03,anomaly,normal,anomaly
5062,0,tcp,private,S0,0,0,0,0,0,0,0,0,0,0,0,0,0,0,0,0,0,0,44,1,1.0,1.0,0.0,0.0,0.02,0.11,0.0,255,12,0.05,0.08,0.0,0.0,1.0,1.0,0.0,0.0,anomaly,normal,anomaly
12995,0,tcp,http,REJ,0,0,0,0,0,0,0,0,0,0,0,0,0,0,0,0,0,0,220,9,0.0,0.0,1.0,1.0,0.04,0.07,0.0,255,9,0.04,0.09,0.0,0.0,0.0,0.0,1.0,1.0,anomaly,normal,anomaly
12454,0,tcp,private,REJ,0,0,0,0,0,0,0,0,0,0,0,0,0,0,0,0,0,0,283,15,0.0,0.0,1.0,1.0,0.05,0.06,0.0,255,15,0.06,0.06,0.0,0.0,0.0,0.0,1.0,1.0,anomaly,normal,anomaly
5021,0,tcp,ftp_data,SF,334,0,0,0,0,0,0,1,0,0,0,0,0,0,0,0,0,0,1,1,0.0,0.0,0.0,0.0,1.0,0.0,0.0,14,46,0.93,0.14,1.0,0.11,0.0,0.0,0.0,0.0,anomaly,normal,anomaly
22683,0,tcp,netbios_dgm,S0,0,0,0,0,0,0,0,0,0,0,0,0,0,0,0,0,0,0,253,13,1.0,1.0,0.0,0.0,0.05,0.06,0.0,255,13,0.05,0.07,0.0,0.0,1.0,1.0,0.0,0.0,anomaly,normal,anomaly
12362,0,tcp,link,S0,0,0,0,0,0,0,0,0,0,0,0,0,0,0,0,0,0,0,220,1,1.0,1.0,0.0,0.0,0.0,0.05,0.0,255,1,0.0,0.06,0.0,0.0,1.0,1.0,0.0,0.0,anomaly,normal,anomaly
14699,0,tcp,ftp,S0,0,0,0,0,0,0,0,0,0,0,0,0,0,0,0,0,0,0,229,4,1.0,1.0,0.0,0.0,0.02,0.07,0.0,255,5,0.02,0.07,0.0,0.0,1.0,1.0,0.0,0.0,anomaly,normal,anomaly
18651,0,tcp,http,SF,54540,8314,0,0,0,2,0,1,1,0,0,0,0,0,0,0,0,0,2,3,0.0,0.0,0.0,0.33,1.0,0.0,0.67,240,240,1.0,0.0,0.0,0.0,0.0,0.0,0.02,0.02,anomaly,normal,anomaly
8093,0,tcp,private,S0,0,0,0,0,0,0,0,0,0,0,0,0,0,0,0,0,0,0,161,5,1.0,1.0,0.0,0.0,0.03,0.07,0.0,255,5,0.02,0.08,0.0,0.0,1.0,1.0,0.0,0.0,anomaly,normal,anomaly
24959,0,tcp,gopher,REJ,0,0,0,0,0,0,0,0,0,0,0,0,0,0,0,0,0,0,236,13,0.0,0.0,1.0,1.0,0.06,0.06,0.0,255,13,0.05,0.07,0.0,0.0,0.0,0.0,1.0,1.0,anomaly,normal,anomaly
19348,0,tcp,telnet,S0,0,0,0,0,0,0,0,0,0,0,0,0,0,0,0,0,0,0,28,6,0.96,1.0,0.04,0.0,0.21,0.18,0.0,255,26,0.1,0.05,0.01,0.0,1.0,1.0,0.0,0.0,anomaly,normal,anomaly
24761,0,tcp,finger,S0,0,0,0,0,0,0,0,0,0,0,0,0,0,0,0,0,0,0,22,11,1.0,1.0,0.0,0.0,0.5,0.09,0.0,255,59,0.23,0.04,0.0,0.0,1.0,1.0,0.0,0.0,anomaly,normal,anomaly
22349,0,icmp,eco_i,SF,18,0,0,0,0,0,0,0,0,0,0,0,0,0,0,0,0,0,1,1,0.0,0.0,0.0,0.0,1.0,0.0,0.0,3,107,1.0,0.0,1.0,0.25,0.0,0.0,0.0,0.0,anomaly,normal,anomaly
898,2,tcp,private,RSTR,0,0,0,0,0,0,0,0,0,0,0,0,0,0,0,0,0,0,1,1,0.0,0.0,1.0,1.0,1.0,0.0,0.0,255,1,0.0,0.51,1.0,0.0,0.0,0.0,1.0,1.0,anomaly,normal,anomaly
9069,0,tcp,netbios_dgm,REJ,0,0,0,0,0,0,0,0,0,0,0,0,0,0,0,0,0,0,195,1,0.0,0.0,1.0,1.0,0.01,0.08,0.0,255,1,0.0,0.09,0.0,0.0,0.0,0.0,1.0,1.0,anomaly,normal,anomaly
12087,0,tcp,uucp,S0,0,0,0,0,0,0,0,0,0,0,0,0,0,0,0,0,0,0,134,11,1.0,1.0,0.0,0.0,0.08,0.06,0.0,255,13,0.05,0.06,0.0,0.0,1.0,1.0,0.0,0.0,anomaly,normal,anomaly
23452,0,tcp,private,REJ,0,0,0,0,0,0,0,0,0,0,0,0,0,0,0,0,0,0,93,4,0.0,0.0,1.0,1.0,0.04,0.09,0.0,255,4,0.02,0.07,0.0,0.0,0.0,0.0,1.0,1.0,anomaly,normal,anomaly
25063,0,tcp,ssh,S0,0,0,0,0,0,0,0,0,0,0,0,0,0,0,0,0,0,0,295,18,1.0,1.0,0.0,0.0,0.06,0.05,0.0,255,18,0.07,0.06,0.0,0.0,1.0,1.0,0.0,0.0,anomaly,normal,anomaly
8469,0,tcp,ctf,REJ,0,0,0,0,0,0,0,0,0,0,0,0,0,0,0,0,0,0,129,5,0.0,0.0,1.0,1.0,0.04,0.07,0.0,255,5,0.02,0.08,0.0,0.0,0.0,0.0,1.0,1.0,anomaly,normal,anomaly
16859,0,tcp,private,REJ,0,0,0,0,0,0,0,0,0,0,0,0,0,0,0,0,0,0,103,8,0.0,0.0,1.0,1.0,0.08,0.07,0.0,255,6,0.02,0.08,0.0,0.0,0.0,0.0,1.0,1.0,anomaly,normal,anomaly
4928,0,tcp,hostnames,S0,0,0,0,0,0,0,0,0,0,0,0,0,0,0,0,0,0,0,136,8,1.0,1.0,0.0,0.0,0.06,0.06,0.0,255,2,0.01,0.06,0.0,0.0,1.0,1.0,0.0,0.0,anomaly,normal,anomaly
7542,0,tcp,private,S0,0,0,0,0,0,0,0,0,0,0,0,0,0,0,0,0,0,0,242,3,1.0,1.0,0.0,0.0,0.01,0.07,0.0,255,3,0.01,0.08,0.0,0.0,1.0,1.0,0.0,0.0,anomaly,normal,anomaly
8176,0,tcp,http,S0,0,0,0,0,0,0,0,0,0,0,0,0,0,0,0,0,0,0,284,21,1.0,1.0,0.0,0.0,0.07,0.05,0.0,255,21,0.08,0.05,0.0,0.0,1.0,1.0,0.0,0.0,anomaly,normal,anomaly
6964,0,tcp,private,S0,0,0,0,0,0,0,0,0,0,0,0,0,0,0,0,0,0,0,232,12,1.0,1.0,0.0,0.0,0.05,0.06,0.0,255,11,0.04,0.07,0.0,0.0,1.0,1.0,0.0,0.0,anomaly,normal,anomaly
1203,0,tcp,private,REJ,0,0,0,0,0,0,0,0,0,0,0,0,0,0,0,0,0,0,120,1,0.01,0.0,0.94,1.0,0.01,1.0,0.0,245,1,0.0,0.52,0.0,0.0,0.0,0.0,0.47,1.0,anomaly,normal,anomaly
17419,0,tcp,whois,REJ,0,0,0,0,0,0,0,0,0,0,0,0,0,0,0,0,0,0,248,6,0.0,0.0,1.0,1.0,0.02,0.07,0.0,255,6,0.02,0.09,0.0,0.0,0.0,0.0,1.0,1.0,anomaly,normal,anomaly
24668,0,tcp,sunrpc,S0,0,0,0,0,0,0,0,0,0,0,0,0,0,0,0,0,0,0,267,20,1.0,1.0,0.0,0.0,0.07,0.06,0.0,255,1,0.0,0.07,0.0,0.0,1.0,1.0,0.0,0.0,anomaly,normal,anomaly
5332,0,tcp,telnet,S0,0,0,0,0,0,0,0,0,0,0,0,0,0,0,0,0,0,0,258,3,1.0,1.0,0.0,0.0,0.01,0.07,0.0,255,3,0.01,0.07,0.0,0.0,1.0,1.0,0.0,0.0,anomaly,normal,anomaly
3768,0,tcp,private,OTH,0,0,0,0,0,0,0,0,0,0,0,0,0,0,0,0,0,0,1,1,0.0,0.0,0.0,0.0,1.0,0.0,0.0,185,1,0.01,0.74,0.74,0.0,0.03,0.0,0.63,0.0,anomaly,normal,anomaly
17314,13535,tcp,telnet,SF,10606,17797,0,0,0,0,0,1,4,0,0,2,40,0,0,0,0,0,1,1,0.0,0.0,0.0,0.0,1.0,0.0,0.0,255,12,0.05,0.06,0.0,0.0,0.76,0.08,0.0,0.0,normal,anomaly,normal
24722,4576,udp,other,SF,147,105,0,0,0,0,0,0,0,0,0,0,0,0,0,0,0,0,1,1,0.0,0.0,0.0,0.0,1.0,0.0,0.0,255,3,0.01,0.47,0.91,0.0,0.0,0.0,0.0,0.0,normal,anomaly,normal
18422,0,tcp,ftp_data,S0,0,0,0,0,0,0,0,0,0,0,0,0,0,0,0,0,0,0,29,7,1.0,1.0,0.0,0.0,0.24,0.14,0.0,255,47,0.18,0.04,0.01,0.0,1.0,1.0,0.0,0.0,anomaly,normal,anomaly
22120,0,tcp,ftp_data,S0,0,0,0,0,0,0,0,0,0,0,0,0,0,0,0,0,0,0,230,21,1.0,1.0,0.0,0.0,0.09,0.06,0.0,255,21,0.08,0.06,0.0,0.0,1.0,1.0,0.0,0.0,anomaly,normal,anomaly
13891,0,tcp,hostnames,S0,0,0,0,0,0,0,0,0,0,0,0,0,0,0,0,0,0,0,260,16,1.0,1.0,0.0,0.0,0.06,0.06,0.0,255,16,0.06,0.06,0.0,0.0,1.0,1.0,0.0,0.0,anomaly,normal,anomaly
5729,0,tcp,login,S0,0,0,0,0,0,0,0,0,0,0,0,0,0,0,0,0,0,0,145,23,1.0,1.0,0.0,0.0,0.16,0.05,0.0,255,23,0.09,0.05,0.0,0.0,1.0,1.0,0.0,0.0,anomaly,normal,anomaly
1867,0,tcp,smtp,S0,0,0,0,0,0,0,0,0,0,0,0,0,0,0,0,0,0,0,51,3,1.0,0.67,0.0,0.0,0.04,0.1,0.67,250,6,0.01,0.06,0.0,0.33,1.0,0.33,0.0,0.0,anomaly,normal,anomaly
23670,0,tcp,private,S0,0,0,0,0,0,0,0,0,0,0,0,0,0,0,0,0,0,0,146,16,1.0,1.0,0.0,0.0,0.11,0.05,0.0,255,16,0.06,0.06,0.0,0.0,1.0,1.0,0.0,0.0,anomaly,normal,anomaly
20899,0,tcp,daytime,RSTO,0,0,0,0,0,0,0,0,0,0,0,0,0,0,0,0,0,0,262,8,0.0,0.0,1.0,1.0,0.03,0.07,0.0,255,8,0.03,0.08,0.0,0.0,0.0,0.0,1.0,1.0,anomaly,normal,anomaly
20613,0,icmp,eco_i,SF,8,0,0,0,0,0,0,0,0,0,0,0,0,0,0,0,0,0,1,15,0.0,0.0,0.0,0.0,1.0,0.0,1.0,2,32,1.0,0.0,1.0,0.5,0.0,0.0,0.0,0.0,anomaly,normal,anomaly
6109,2,tcp,ftp_data,SF,2194619,0,0,0,0,0,0,1,0,0,0,0,0,0,0,0,0,0,2,2,0.0,0.0,0.0,0.0,1.0,0.0,0.0,241,97,0.39,0.01,0.39,0.02,0.0,0.0,0.0,0.0,normal,anomaly,normal
14391,0,tcp,private,S0,0,0,0,0,0,0,0,0,0,0,0,0,0,0,0,0,0,0,135,7,1.0,1.0,0.0,0.0,0.05,0.07,0.0,255,7,0.03,0.06,0.0,0.0,1.0,1.0,0.0,0.0,anomaly,normal,anomaly
14879,0,tcp,finger,S0,0,0,0,0,0,0,0,0,0,0,0,0,0,0,0,0,0,0,286,20,1.0,1.0,0.0,0.0,0.07,0.06,0.0,255,20,0.08,0.06,0.0,0.0,1.0,1.0,0.0,0.0,anomaly,normal,anomaly
18681,0,udp,private,SF,28,0,0,3,0,0,0,0,0,0,0,0,0,0,0,0,0,0,55,55,0.0,0.0,0.0,0.0,1.0,0.0,0.0,255,22,0.09,0.01,0.09,0.0,0.0,0.0,0.0,0.0,anomaly,normal,anomaly
24935,0,tcp,ftp_data,SF,334,0,0,0,0,0,0,1,0,0,0,0,0,0,0,0,0,0,2,2,0.0,0.0,0.0,0.0,1.0,0.0,0.0,2,8,1.0,0.0,1.0,0.25,0.0,0.0,0.0,0.0,anomaly,normal,anomaly
22439,0,tcp,private,S0,0,0,0,0,0,0,0,0,0,0,0,0,0,0,0,0,0,0,124,7,1.0,1.0,0.0,0.0,0.06,0.06,0.0,255,7,0.03,0.08,0.0,0.0,1.0,1.0,0.0,0.0,anomaly,normal,anomaly
3009,610,tcp,other,RSTR,1,0,0,0,0,0,0,0,0,0,0,0,0,0,0,0,0,0,2,2,0.0,0.0,1.0,1.0,1.0,0.0,0.0,255,2,0.01,0.73,1.0,0.0,0.0,0.0,1.0,1.0,anomaly,normal,anomaly
11354,0,tcp,courier,REJ,0,0,0,0,0,0,0,0,0,0,0,0,0,0,0,0,0,0,113,11,0.0,0.0,1.0,1.0,0.1,0.07,0.0,255,11,0.04,0.06,0.0,0.0,0.0,0.0,1.0,1.0,anomaly,normal,anomaly
20822,0,tcp,csnet_ns,S0,0,0,0,0,0,0,0,0,0,0,0,0,0,0,0,0,0,0,229,20,1.0,1.0,0.0,0.0,0.09,0.07,0.0,255,20,0.08,0.07,0.0,0.0,1.0,1.0,0.0,0.0,anomaly,normal,anomaly
16444,0,tcp,private,S0,0,0,0,0,0,0,0,0,0,0,0,0,0,0,0,0,0,0,201,19,1.0,1.0,0.0,0.0,0.09,0.06,0.0,255,8,0.03,0.08,0.0,0.0,1.0,1.0,0.0,0.0,anomaly,normal,anomaly
4488,0,icmp,eco_i,SF,8,0,0,0,0,0,0,0,0,0,0,0,0,0,0,0,0,0,1,24,0.0,0.0,0.0,0.0,1.0,0.0,1.0,3,55,1.0,0.0,1.0,0.25,0.0,0.0,0.0,0.0,anomaly,normal,anomaly
19195,0,tcp,auth,S0,0,0,0,0,0,0,0,0,0,0,0,0,0,0,0,0,0,0,237,22,1.0,1.0,0.0,0.0,0.09,0.05,0.0,255,22,0.09,0.05,0.0,0.0,1.0,1.0,0.0,0.0,anomaly,normal,anomaly
18831,0,icmp,eco_i,SF,8,0,0,0,0,0,0,0,0,0,0,0,0,0,0,0,0,0,1,5,0.0,0.0,0.0,0.0,1.0,0.0,1.0,2,134,1.0,0.0,1.0,0.5,0.0,0.0,0.0,0.0,anomaly,normal,anomaly
23602,0,tcp,private,S0,0,0,0,0,0,0,0,0,0,0,0,0,0,0,0,0,0,0,268,2,1.0,1.0,0.0,0.0,0.01,0.06,0.0,255,4,0.02,0.07,0.0,0.0,1.0,1.0,0.0,0.0,anomaly,normal,anomaly
15911,0,tcp,discard,S0,0,0,0,0,0,0,0,0,0,0,0,0,0,0,0,0,0,0,257,11,1.0,1.0,0.0,0.0,0.04,0.06,0.0,255,6,0.02,0.05,0.0,0.0,1.0,1.0,0.0,0.0,anomaly,normal,anomaly
23581,0,tcp,uucp_path,RSTR,0,0,0,0,0,0,0,0,0,0,0,0,0,0,0,0,0,0,1,1,0.0,0.0,1.0,1.0,1.0,0.0,0.0,215,1,0.0,0.54,0.54,0.0,0.0,0.0,0.54,1.0,anomaly,normal,anomaly
21324,0,tcp,ctf,S0,0,0,0,0,0,0,0,0,0,0,0,0,0,0,0,0,0,0,250,13,1.0,1.0,0.0,0.0,0.05,0.06,0.0,255,12,0.05,0.06,0.0,0.0,1.0,1.0,0.0,0.0,anomaly,normal,anomaly
16907,0,tcp,http,REJ,0,0,0,0,0,0,0,0,0,0,0,0,0,0,0,0,0,0,250,2,0.0,0.0,1.0,1.0,0.01,0.07,0.0,255,2,0.01,0.07,0.0,0.0,0.0,0.0,1.0,1.0,anomaly,normal,anomaly
7411,0,tcp,domain,REJ,0,0,0,0,0,0,0,0,0,0,0,0,0,0,0,0,0,0,250,13,0.0,0.0,1.0,1.0,0.05,0.06,0.0,255,13,0.05,0.07,0.0,0.0,0.0,0.0,1.0,1.0,anomaly,normal,anomaly
8126,0,icmp,eco_i,SF,8,0,0,0,0,0,0,0,0,0,0,0,0,0,0,0,0,0,1,17,0.0,0.0,0.0,0.0,1.0,0.0,1.0,2,15,1.0,0.0,1.0,0.53,0.0,0.0,0.0,0.0,anomaly,normal,anomaly
11557,0,icmp,ecr_i,SF,1032,0,0,0,0,0,0,0,0,0,0,0,0,0,0,0,0,0,225,225,0.0,0.0,0.0,0.0,1.0,0.0,0.0,255,255,1.0,0.0,1.0,0.0,0.0,0.0,0.0,0.0,anomaly,normal,anomaly
13838,0,tcp,discard,RSTR,0,0,0,0,0,0,0,0,0,0,0,0,0,0,0,0,0,0,1,1,0.0,0.0,1.0,1.0,1.0,0.0,0.0,255,1,0.0,0.05,0.04,0.0,0.0,0.0,0.04,1.0,anomaly,normal,anomaly
6857,0,tcp,imap4,S0,0,0,0,0,0,0,0,0,0,0,0,0,0,0,0,0,0,0,249,17,1.0,1.0,0.0,0.0,0.07,0.05,0.0,255,17,0.07,0.05,0.0,0.0,1.0,1.0,0.0,0.0,anomaly,normal,anomaly
1016,0,tcp,time,RSTR,0,0,0,0,0,0,0,0,0,0,0,0,0,0,0,0,0,0,1,1,0.0,0.0,1.0,1.0,1.0,0.0,0.0,255,1,0.0,0.89,0.88,0.0,0.0,0.0,0.88,1.0,anomaly,normal,anomaly
10788,0,tcp,ftp_data,S0,0,0,0,0,0,0,0,0,0,0,0,0,0,0,0,0,0,0,261,2,1.0,1.0,0.0,0.0,0.01,0.06,0.0,255,10,0.04,0.09,0.0,0.0,1.0,1.0,0.0,0.0,anomaly,normal,anomaly
13444,0,tcp,iso_tsap,S0,0,0,0,0,0,0,0,0,0,0,0,0,0,0,0,0,0,0,295,11,1.0,1.0,0.0,0.0,0.04,0.05,0.0,255,12,0.05,0.07,0.0,0.0,1.0,1.0,0.0,0.0,anomaly,normal,anomaly
2521,0,icmp,eco_i,SF,8,0,0,0,0,0,0,0,0,0,0,0,0,0,0,0,0,0,1,45,0.0,0.0,0.0,0.0,1.0,0.0,1.0,1,69,1.0,0.0,1.0,0.26,0.0,0.0,0.0,0.0,anomaly,normal,anomaly
18254,0,tcp,private,S0,0,0,0,0,0,0,0,0,0,0,0,0,0,0,0,0,0,0,241,6,1.0,1.0,0.0,0.0,0.02,0.07,0.0,255,6,0.02,0.09,0.0,0.0,1.0,1.0,0.0,0.0,anomaly,normal,anomaly
13581,0,tcp,ftp_data,REJ,0,0,0,0,0,0,0,0,0,0,0,0,0,0,0,0,0,0,245,7,0.0,0.0,1.0,1.0,0.03,0.07,0.0,255,7,0.03,0.07,0.0,0.0,0.0,0.0,1.0,1.0,anomaly,normal,anomaly
8731,0,tcp,private,S0,0,0,0,0,0,0,0,0,0,0,0,0,0,0,0,0,0,0,226,10,1.0,1.0,0.0,0.0,0.04,0.07,0.0,255,8,0.03,0.07,0.0,0.0,1.0,1.0,0.0,0.0,anomaly,normal,anomaly
24154,0,tcp,hostnames,S0,0,0,0,0,0,0,0,0,0,0,0,0,0,0,0,0,0,0,277,9,1.0,1.0,0.0,0.0,0.03,0.06,0.0,255,13,0.05,0.08,0.0,0.0,1.0,1.0,0.0,0.0,anomaly,normal,anomaly
3076,0,tcp,netbios_dgm,S0,0,0,0,0,0,0,0,0,0,0,0,0,0,0,0,0,0,0,150,16,1.0,1.0,0.0,0.0,0.11,0.05,0.0,255,2,0.01,0.08,0.0,0.0,1.0,1.0,0.0,0.0,anomaly,normal,anomaly
291,0,tcp,private,S0,0,0,0,0,0,0,0,0,0,0,0,0,0,0,0,0,0,0,144,15,1.0,1.0,0.0,0.0,0.1,0.06,0.0,255,30,0.12,0.06,0.0,0.0,1.0,1.0,0.0,0.0,anomaly,normal,anomaly
13401,6,tcp,ftp,RSTO,0,133,0,0,0,0,0,0,0,0,0,0,0,0,0,0,0,0,1,1,0.0,0.0,1.0,1.0,1.0,0.0,0.0,2,2,0.5,1.0,0.5,1.0,0.0,0.0,1.0,1.0,anomaly,normal,anomaly
5084,13501,tcp,telnet,RSTO,299,3769,0,0,0,0,0,1,0,0,0,0,1,0,0,0,0,0,1,1,0.0,0.0,1.0,1.0,1.0,0.0,0.0,59,18,0.31,0.1,0.02,0.0,0.02,0.06,0.08,0.28,normal,anomaly,normal
17787,0,tcp,uucp,RSTO,0,0,0,0,0,0,0,0,0,0,0,0,0,0,0,0,0,0,108,8,0.0,0.0,1.0,1.0,0.07,0.07,0.0,255,8,0.03,0.06,0.0,0.0,0.0,0.0,1.0,1.0,anomaly,normal,anomaly
14403,0,tcp,other,RSTR,0,0,0,0,0,0,0,0,0,0,0,0,0,0,0,0,0,0,1,1,0.0,0.0,1.0,1.0,1.0,0.0,0.0,255,1,0.0,0.63,1.0,0.0,0.0,0.0,1.0,1.0,anomaly,normal,anomaly
25030,0,tcp,nntp,RSTO,0,0,0,0,0,0,0,0,0,0,0,0,0,0,0,0,0,0,298,20,0.0,0.0,1.0,1.0,0.07,0.06,0.0,255,20,0.08,0.07,0.0,0.0,0.0,0.0,1.0,1.0,anomaly,normal,anomaly
10062,0,tcp,http,S0,0,0,0,0,0,0,0,0,0,0,0,0,0,0,0,0,0,0,8,7,0.75,0.86,0.25,0.14,0.75,0.38,0.29,255,47,0.18,0.04,0.0,0.0,1.0,1.0,0.0,0.0,anomaly,normal,anomaly
20182,0,tcp,netstat,S0,0,0,0,0,0,0,0,0,0,0,0,0,0,0,0,0,0,0,109,2,1.0,1.0,0.0,0.0,0.02,0.07,0.0,255,2,0.01,0.07,0.0,0.0,1.0,1.0,0.0,0.0,anomaly,normal,anomaly
25011,0,tcp,private,RSTR,0,0,0,0,0,0,0,0,0,0,0,0,0,0,0,0,0,0,1,1,0.0,0.0,1.0,1.0,1.0,0.0,0.0,192,1,0.01,0.49,0.49,0.0,0.0,0.0,0.48,1.0,anomaly,normal,anomaly
24537,0,icmp,eco_i,SF,8,0,0,0,0,0,0,0,0,0,0,0,0,0,0,0,0,0,1,11,0.0,0.0,0.0,0.0,1.0,0.0,1.0,1,157,1.0,0.0,1.0,0.25,0.0,0.0,0.0,0.0,anomaly,normal,anomaly
4812,0,udp,private,SF,100,0,0,0,0,0,0,0,0,0,0,0,0,0,0,0,0,0,2,2,0.0,0.0,0.0,0.0,1.0,0.0,0.0,80,10,0.12,0.03,0.12,0.0,0.0,0.0,0.0,0.0,anomaly,normal,anomaly
8875,0,tcp,uucp,RSTO,0,0,0,0,0,0,0,0,0,0,0,0,0,0,0,0,0,0,113,7,0.0,0.0,1.0,1.0,0.06,0.07,0.0,255,7,0.03,0.06,0.0,0.0,0.0,0.0,1.0,1.0,anomaly,normal,anomaly
7157,0,icmp,eco_i,SF,8,0,0,0,0,0,0,0,0,0,0,0,0,0,0,0,0,0,1,17,0.0,0.0,0.0,0.0,1.0,0.0,1.0,1,135,1.0,0.0,1.0,0.5,0.0,0.0,0.0,0.0,anomaly,normal,anomaly
19660,0,tcp,netbios_ns,REJ,0,0,0,0,0,0,0,0,0,0,0,0,0,0,0,0,0,0,233,9,0.0,0.0,1.0,1.0,0.04,0.06,0.0,255,9,0.04,0.06,0.0,0.0,0.0,0.0,1.0,1.0,anomaly,normal,anomaly
9139,0,tcp,http,S0,0,0,0,0,0,0,0,0,0,0,0,0,0,0,0,0,0,0,41,11,0.98,1.0,0.02,0.0,0.27,0.12,0.0,255,43,0.17,0.04,0.0,0.0,1.0,1.0,0.0,0.0,anomaly,normal,anomaly
5320,0,tcp,discard,S0,0,0,0,0,0,0,0,0,0,0,0,0,0,0,0,0,0,0,147,23,1.0,1.0,0.0,0.0,0.16,0.05,0.0,255,13,0.05,0.07,0.0,0.0,1.0,1.0,0.0,0.0,anomaly,normal,anomaly
454,0,tcp,csnet_ns,S0,0,0,0,0,0,0,0,0,0,0,0,0,0,0,0,0,0,0,275,15,1.0,1.0,0.0,0.0,0.05,0.06,0.0,255,15,0.06,0.09,0.0,0.0,1.0,1.0,0.0,0.0,anomaly,normal,anomaly
12077,0,tcp,whois,S0,0,0,0,0,0,0,0,0,0,0,0,0,0,0,0,0,0,0,269,1,1.0,1.0,0.0,0.0,0.0,0.06,0.0,255,3,0.01,0.06,0.0,0.0,1.0,1.0,0.0,0.0,anomaly,normal,anomaly
22262,0,udp,domain_u,SF,1,0,0,0,0,0,0,0,0,0,0,0,0,0,0,0,0,0,21,3,0.0,0.0,0.0,0.0,0.14,0.14,0.0,255,3,0.01,0.92,0.09,0.0,0.03,0.0,0.88,0.0,anomaly,normal,anomaly
12121,0,icmp,eco_i,SF,8,0,0,0,0,0,0,0,0,0,0,0,0,0,0,0,0,0,1,28,0.0,0.0,0.0,0.0,1.0,0.0,1.0,2,38,1.0,0.0,1.0,0.5,0.0,0.0,0.0,0.0,anomaly,normal,anomaly
21637,0,tcp,supdup,S0,0,0,0,0,0,0,0,0,0,0,0,0,0,0,0,0,0,0,215,19,1.0,1.0,0.0,0.0,0.09,0.07,0.0,255,19,0.07,0.07,0.0,0.0,1.0,1.0,0.0,0.0,anomaly,normal,anomaly
8927,0,tcp,ftp_data,SF,334,0,0,0,0,0,0,1,0,0,0,0,0,0,0,0,0,0,2,2,0.0,0.0,0.0,0.0,1.0,0.0,0.0,4,48,1.0,0.0,1.0,0.08,0.0,0.0,0.0,0.0,anomaly,normal,anomaly
6295,0,tcp,hostnames,S0,0,0,0,0,0,0,0,0,0,0,0,0,0,0,0,0,0,0,247,18,1.0,1.0,0.0,0.0,0.07,0.06,0.0,255,18,0.07,0.07,0.0,0.0,1.0,1.0,0.0,0.0,anomaly,normal,anomaly
3616,0,tcp,ftp_data,SF,334,0,0,0,0,0,0,1,0,0,0,0,0,0,0,0,0,0,2,2,0.0,0.0,0.0,0.0,1.0,0.0,0.0,14,25,1.0,0.0,1.0,0.08,0.0,0.0,0.0,0.0,anomaly,normal,anomaly
14036,0,tcp,vmnet,S0,0,0,0,0,0,0,0,0,0,0,0,0,0,0,0,0,0,0,237,1,1.0,1.0,0.0,0.0,0.0,0.05,0.0,41,1,0.02,0.1,0.02,0.0,0.95,1.0,0.0,0.0,anomaly,normal,anomaly
3586,0,tcp,nnsp,S0,0,0,0,0,0,0,0,0,0,0,0,0,0,0,0,0,0,0,106,1,1.0,1.0,0.0,0.0,0.01,0.07,0.0,255,1,0.0,0.06,0.0,0.0,1.0,1.0,0.0,0.0,anomaly,normal,anomaly
9875,0,tcp,nnsp,S0,0,0,0,0,0,0,0,0,0,0,0,0,0,0,0,0,0,0,131,20,1.0,1.0,0.0,0.0,0.15,0.06,0.0,255,18,0.07,0.06,0.0,0.0,1.0,1.0,0.0,0.0,anomaly,normal,anomaly
15681,0,icmp,eco_i,SF,8,0,0,0,0,0,0,0,0,0,0,0,0,0,0,0,0,0,1,29,0.0,0.0,0.0,0.0,1.0,0.0,1.0,2,178,1.0,0.0,1.0,0.5,0.0,0.0,0.0,0.0,anomaly,normal,anomaly
8884,0,tcp,Z39_50,REJ,0,0,0,0,0,0,0,0,0,0,0,0,0,0,0,0,0,0,157,17,0.0,0.0,1.0,1.0,0.11,0.06,0.0,255,17,0.07,0.07,0.0,0.0,0.0,0.0,1.0,1.0,anomaly,normal,anomaly
15792,0,tcp,private,S0,0,0,0,0,0,0,0,0,0,0,0,0,0,0,0,0,0,0,145,15,1.0,1.0,0.0,0.0,0.1,0.06,0.0,255,26,0.1,0.06,0.0,0.0,1.0,1.0,0.0,0.0,anomaly,normal,anomaly
4020,0,tcp,finger,S0,0,0,0,0,0,0,0,0,0,0,0,0,0,0,0,0,0,0,23,3,1.0,1.0,0.0,0.0,0.13,0.09,0.0,255,3,0.01,0.07,0.02,0.0,1.0,1.0,0.0,0.0,anomaly,normal,anomaly
6667,0,tcp,private,S0,0,0,0,0,0,0,0,0,0,0,0,0,0,0,0,0,0,0,98,24,1.0,1.0,0.0,0.0,0.24,0.04,0.0,255,24,0.09,0.05,0.0,0.0,1.0,1.0,0.0,0.0,anomaly,normal,anomaly
4845,0,tcp,netbios_dgm,S0,0,0,0,0,0,0,0,0,0,0,0,0,0,0,0,0,0,0,264,10,1.0,1.0,0.0,0.0,0.04,0.06,0.0,255,10,0.04,0.07,0.0,0.0,1.0,1.0,0.0,0.0,anomaly,normal,anomaly
15731,0,icmp,eco_i,SF,18,0,0,0,0,0,0,0,0,0,0,0,0,0,0,0,0,0,1,1,0.0,0.0,0.0,0.0,1.0,0.0,0.0,1,161,1.0,0.0,1.0,0.25,0.0,0.0,0.0,0.0,anomaly,normal,anomaly
25024,0,tcp,iso_tsap,S0,0,0,0,0,0,0,0,0,0,0,0,0,0,0,0,0,0,0,247,17,1.0,1.0,0.0,0.0,0.07,0.06,0.0,255,17,0.07,0.07,0.0,0.0,1.0,1.0,0.0,0.0,anomaly,normal,anomaly
3406,0,tcp,private,S0,0,0,0,0,0,0,0,0,0,0,0,0,0,0,0,0,0,0,224,6,1.0,1.0,0.0,0.0,0.03,0.06,0.0,255,5,0.02,0.07,0.0,0.0,1.0,1.0,0.0,0.0,anomaly,normal,anomaly
19788,0,tcp,vmnet,S0,0,0,0,0,0,0,0,0,0,0,0,0,0,0,0,0,0,0,266,6,1.0,1.0,0.0,0.0,0.02,0.05,0.0,255,6,0.02,0.05,0.0,0.0,1.0,1.0,0.0,0.0,anomaly,normal,anomaly
4631,0,tcp,private,REJ,0,0,0,0,0,0,0,0,0,0,0,0,0,0,0,0,0,0,1,1,0.0,0.0,1.0,1.0,1.0,0.0,0.0,53,1,0.02,1.0,0.02,0.0,0.0,0.0,0.91,1.0,anomaly,normal,anomaly
10025,0,tcp,private,S0,0,0,0,0,0,0,0,0,0,0,0,0,0,0,0,0,0,0,43,8,1.0,1.0,0.0,0.0,0.19,0.14,0.0,255,8,0.03,0.07,0.0,0.0,1.0,1.0,0.0,0.0,anomaly,normal,anomaly
15461,0,tcp,private,S0,0,0,0,0,0,0,0,0,0,0,0,0,0,0,0,0,0,0,105,10,0.99,1.0,0.0,0.0,0.1,0.07,0.0,255,16,0.06,0.07,0.0,0.0,1.0,1.0,0.0,0.0,anomaly,normal,anomaly
12664,0,icmp,eco_i,SF,8,0,0,0,0,0,0,0,0,0,0,0,0,0,0,0,0,0,1,22,0.0,0.0,0.0,0.0,1.0,0.0,1.0,2,98,1.0,0.0,1.0,0.5,0.0,0.0,0.0,0.0,anomaly,normal,anomaly
24824,0,tcp,private,S0,0,0,0,0,0,0,0,0,0,0,0,0,0,0,0,0,0,0,120,4,1.0,1.0,0.0,0.0,0.03,0.07,0.0,255,4,0.02,0.09,0.0,0.0,1.0,1.0,0.0,0.0,anomaly,normal,anomaly
23188,0,icmp,eco_i,SF,8,0,0,0,0,0,0,0,0,0,0,0,0,0,0,0,0,0,1,16,0.0,0.0,0.0,0.0,1.0,0.0,1.0,2,86,1.0,0.0,1.0,0.5,0.0,0.0,0.0,0.0,anomaly,normal,anomaly
13320,0,tcp,private,S0,0,0,0,0,0,0,0,0,0,0,0,0,0,0,0,0,0,0,199,1,1.0,1.0,0.0,0.0,0.01,0.07,0.0,255,1,0.0,0.09,0.0,0.0,1.0,1.0,0.0,0.0,anomaly,normal,anomaly
753,0,tcp,whois,S0,0,0,0,0,0,0,0,0,0,0,0,0,0,0,0,0,0,0,127,12,1.0,1.0,0.0,0.0,0.09,0.06,0.0,255,12,0.05,0.06,0.0,0.0,1.0,1.0,0.0,0.0,anomaly,normal,anomaly
18901,0,tcp,private,S0,0,0,0,0,0,0,0,0,0,0,0,0,0,0,0,0,0,0,120,2,1.0,1.0,0.0,0.0,0.02,0.07,0.0,255,13,0.05,0.05,0.0,0.0,1.0,1.0,0.0,0.0,anomaly,normal,anomaly
7277,0,tcp,time,S0,0,0,0,0,0,0,0,0,0,0,0,0,0,0,0,0,0,0,226,13,1.0,1.0,0.0,0.0,0.06,0.07,0.0,255,13,0.05,0.08,0.0,0.0,1.0,1.0,0.0,0.0,anomaly,normal,anomaly
1649,0,tcp,private,REJ,0,0,0,0,0,0,0,0,0,0,0,0,0,0,0,0,0,0,1,1,0.0,0.0,1.0,1.0,1.0,0.0,0.0,27,1,0.04,1.0,0.04,0.0,0.0,0.0,0.96,1.0,anomaly,normal,anomaly
15487,0,icmp,ecr_i,SF,520,0,0,0,0,0,0,0,0,0,0,0,0,0,0,0,0,0,277,277,0.0,0.0,0.0,0.0,1.0,0.0,0.0,255,255,1.0,0.0,1.0,0.0,0.0,0.0,0.0,0.0,anomaly,normal,anomaly
8882,0,tcp,private,S0,0,0,0,0,0,0,0,0,0,0,0,0,0,0,0,0,0,0,75,5,1.0,1.0,0.0,0.0,0.07,0.08,0.0,182,5,0.03,0.07,0.01,0.0,1.0,1.0,0.0,0.0,anomaly,normal,anomaly
1826,0,icmp,eco_i,SF,8,0,0,0,0,0,0,0,0,0,0,0,0,0,0,0,0,0,1,11,0.0,0.0,0.0,0.0,1.0,0.0,1.0,1,39,1.0,0.0,1.0,0.54,0.0,0.0,0.0,0.0,anomaly,normal,anomaly
19165,19025,udp,other,SF,146,105,0,0,0,0,0,0,0,0,0,0,0,0,0,0,0,0,1,1,0.0,0.0,0.0,0.0,1.0,0.0,0.0,255,1,0.0,0.59,0.91,0.0,0.0,0.0,0.0,0.0,normal,anomaly,normal
13033,0,tcp,whois,S0,0,0,0,0,0,0,0,0,0,0,0,0,0,0,0,0,0,0,298,19,1.0,1.0,0.0,0.0,0.06,0.06,0.0,255,17,0.07,0.05,0.0,0.0,1.0,1.0,0.0,0.0,anomaly,normal,anomaly
12690,0,tcp,private,S0,0,0,0,0,0,0,0,0,0,0,0,0,0,0,0,0,0,0,130,18,1.0,1.0,0.0,0.0,0.14,0.07,0.0,255,20,0.08,0.06,0.0,0.0,1.0,1.0,0.0,0.0,anomaly,normal,anomaly
16975,0,icmp,ecr_i,SF,1032,0,0,0,0,0,0,0,0,0,0,0,0,0,0,0,0,0,105,105,0.0,0.0,0.0,0.0,1.0,0.0,0.0,255,105,0.41,0.02,0.41,0.0,0.0,0.0,0.0,0.0,anomaly,normal,anomaly
16241,0,udp,private,SF,1,26,0,0,0,0,0,0,0,0,0,0,0,0,0,0,0,0,18,5,0.0,0.0,0.0,0.0,0.28,0.17,0.0,255,5,0.02,0.85,0.16,0.0,0.16,0.0,0.68,0.0,anomaly,normal,anomaly
23252,0,tcp,http_443,S0,0,0,0,0,0,0,0,0,0,0,0,0,0,0,0,0,0,0,98,4,1.0,1.0,0.0,0.0,0.04,0.06,0.0,255,15,0.06,0.07,0.0,0.0,1.0,1.0,0.0,0.0,anomaly,normal,anomaly
1704,0,tcp,ftp_data,REJ,0,0,0,0,0,0,0,0,0,0,0,0,0,0,0,0,0,0,228,16,0.0,0.0,1.0,1.0,0.07,0.07,0.0,255,16,0.06,0.07,0.0,0.0,0.0,0.0,1.0,1.0,anomaly,normal,anomaly
25147,0,tcp,finger,S0,0,0,0,0,0,0,0,0,0,0,0,0,0,0,0,0,0,0,18,8,1.0,1.0,0.0,0.0,0.44,0.22,0.0,255,68,0.27,0.03,0.01,0.0,1.0,1.0,0.0,0.0,anomaly,normal,anomaly
5841,0,tcp,private,S0,0,0,0,0,0,0,0,0,0,0,0,0,0,0,0,0,0,0,221,19,1.0,1.0,0.0,0.0,0.09,0.06,0.0,255,17,0.07,0.08,0.0,0.0,1.0,1.0,0.0,0.0,anomaly,normal,anomaly
3392,0,icmp,eco_i,SF,8,0,0,0,0,0,0,0,0,0,0,0,0,0,0,0,0,0,1,5,0.0,0.0,0.0,0.0,1.0,0.0,1.0,1,37,1.0,0.0,1.0,0.51,0.0,0.0,0.0,0.0,anomaly,normal,anomaly
17409,0,tcp,nnsp,S0,0,0,0,0,0,0,0,0,0,0,0,0,0,0,0,0,0,0,108,7,1.0,1.0,0.0,0.0,0.06,0.08,0.0,255,7,0.03,0.06,0.0,0.0,1.0,1.0,0.0,0.0,anomaly,normal,anomaly
22814,0,icmp,eco_i,SF,8,0,0,0,0,0,0,0,0,0,0,0,0,0,0,0,0,0,1,29,0.0,0.0,0.0,0.0,1.0,0.0,1.0,2,114,1.0,0.0,1.0,0.5,0.0,0.0,0.0,0.0,anomaly,normal,anomaly
9625,0,tcp,http,S0,0,0,0,0,0,0,0,0,0,0,0,0,0,0,0,0,0,0,246,18,1.0,0.94,0.0,0.0,0.07,0.07,0.11,255,17,0.07,0.07,0.0,0.0,1.0,1.0,0.0,0.0,anomaly,normal,anomaly
11054,0,tcp,ftp_data,SF,30,0,0,0,0,0,0,1,0,0,0,0,0,0,0,0,0,0,1,1,0.0,0.0,0.0,0.0,1.0,0.0,0.0,5,39,1.0,0.0,1.0,0.15,0.0,0.03,0.0,0.0,anomaly,normal,anomaly
1939,0,tcp,private,S0,0,0,0,0,0,0,0,0,0,0,0,0,0,0,0,0,0,0,116,3,1.0,1.0,0.0,0.0,0.03,0.06,0.0,255,4,0.02,0.08,0.0,0.0,1.0,1.0,0.0,0.0,anomaly,normal,anomaly
3130,0,tcp,private,S0,0,0,0,0,0,0,0,0,0,0,0,0,0,0,0,0,0,0,253,1,1.0,1.0,0.0,0.0,0.0,0.06,0.0,255,5,0.02,0.09,0.0,0.0,1.0,1.0,0.0,0.0,anomaly,normal,anomaly
10884,0,tcp,link,S0,0,0,0,0,0,0,0,0,0,0,0,0,0,0,0,0,0,0,254,18,1.0,1.0,0.0,0.0,0.07,0.05,0.0,255,18,0.07,0.05,0.0,0.0,1.0,1.0,0.0,0.0,anomaly,normal,anomaly
17192,0,tcp,ftp_data,REJ,0,0,0,0,0,0,0,0,0,0,0,0,0,0,0,0,0,0,262,16,0.0,0.0,1.0,1.0,0.06,0.06,0.0,255,16,0.06,0.08,0.0,0.0,0.0,0.0,1.0,1.0,anomaly,normal,anomaly
1322,0,tcp,private,S0,0,0,0,0,0,0,0,0,0,0,0,0,0,0,0,0,0,0,46,15,1.0,1.0,0.0,0.0,0.33,0.09,0.0,255,15,0.06,0.05,0.0,0.0,1.0,1.0,0.0,0.0,anomaly,normal,anomaly
19259,0,tcp,mtp,S0,0,0,0,0,0,0,0,0,0,0,0,0,0,0,0,0,0,0,199,7,1.0,1.0,0.0,0.0,0.04,0.07,0.0,255,7,0.03,0.08,0.0,0.0,1.0,1.0,0.0,0.0,anomaly,normal,anomaly
17922,0,tcp,private,S0,0,0,0,0,0,0,0,0,0,0,0,0,0,0,0,0,0,0,277,8,1.0,1.0,0.0,0.0,0.03,0.06,0.0,255,8,0.03,0.06,0.0,0.0,1.0,1.0,0.0,0.0,anomaly,normal,anomaly
15631,0,tcp,private,S0,0,0,0,0,0,0,0,0,0,0,0,0,0,0,0,0,0,0,120,14,0.99,1.0,0.0,0.0,0.12,0.07,0.0,255,14,0.05,0.05,0.0,0.0,1.0,1.0,0.0,0.0,anomaly,normal,anomaly
1750,0,tcp,login,S0,0,0,0,0,0,0,0,0,0,0,0,0,0,0,0,0,0,0,77,6,1.0,1.0,0.0,0.0,0.08,0.08,0.0,255,6,0.02,0.06,0.0,0.0,1.0,1.0,0.0,0.0,anomaly,normal,anomaly
13272,0,icmp,ecr_i,SF,8,0,0,0,0,0,0,0,0,0,0,0,0,0,0,0,0,0,1,1,0.0,0.0,0.0,0.0,1.0,0.0,0.0,6,6,1.0,0.0,1.0,0.0,0.0,0.0,0.0,0.0,anomaly,normal,anomaly
22237,0,tcp,discard,S0,0,0,0,0,0,0,0,0,0,0,0,0,0,0,0,0,0,0,265,7,1.0,1.0,0.0,0.0,0.03,0.05,0.0,255,7,0.03,0.05,0.0,0.0,1.0,1.0,0.0,0.0,anomaly,normal,anomaly
23821,0,tcp,discard,S0,0,0,0,0,0,0,0,0,0,0,0,0,0,0,0,0,0,0,120,12,1.0,1.0,0.0,0.0,0.1,0.06,0.0,255,6,0.02,0.06,0.0,0.0,1.0,1.0,0.0,0.0,anomaly,normal,anomaly
24051,0,tcp,private,S0,0,0,0,0,0,0,0,0,0,0,0,0,0,0,0,0,0,0,297,20,1.0,1.0,0.0,0.0,0.07,0.05,0.0,255,12,0.05,0.06,0.0,0.0,1.0,1.0,0.0,0.0,anomaly,normal,anomaly
18195,0,udp,private,SF,1,0,0,0,0,0,0,0,0,0,0,0,0,0,0,0,0,0,23,19,0.0,0.0,0.0,0.0,0.83,0.09,0.0,255,24,0.09,0.71,0.33,0.0,0.06,0.0,0.61,0.0,anomaly,normal,anomaly
24793,0,tcp,private,S0,0,0,0,0,0,0,0,0,0,0,0,0,0,0,0,0,0,0,190,14,1.0,1.0,0.0,0.0,0.07,0.06,0.0,255,17,0.07,0.07,0.0,0.0,1.0,1.0,0.0,0.0,anomaly,normal,anomaly
10597,0,icmp,eco_i,SF,8,0,0,0,0,0,0,0,0,0,0,0,0,0,0,0,0,0,1,12,0.0,0.0,0.0,0.0,1.0,0.0,1.0,1,147,1.0,0.0,1.0,0.5,0.0,0.0,0.0,0.0,anomaly,normal,anomaly
13409,0,tcp,private,S0,0,0,0,0,0,0,0,0,0,0,0,0,0,0,0,0,0,0,50,15,1.0,1.0,0.0,0.0,0.3,0.12,0.0,255,15,0.06,0.09,0.0,0.0,1.0,1.0,0.0,0.0,anomaly,normal,anomaly
17882,0,tcp,private,S0,0,0,0,0,0,0,0,0,0,0,0,0,0,0,0,0,0,0,131,16,1.0,1.0,0.0,0.0,0.12,0.05,0.0,255,15,0.06,0.06,0.0,0.0,1.0,1.0,0.0,0.0,anomaly,normal,anomaly
5408,0,icmp,ecr_i,SF,520,0,0,0,0,0,0,0,0,0,0,0,0,0,0,0,0,0,108,108,0.0,0.0,0.0,0.0,1.0,0.0,0.0,255,255,1.0,0.0,1.0,0.0,0.0,0.0,0.0,0.0,anomaly,normal,anomaly
11037,0,tcp,http,S0,0,0,0,0,0,0,0,0,0,0,0,0,0,0,0,0,0,0,9,9,1.0,1.0,0.0,0.0,1.0,0.0,0.0,11,9,0.82,0.18,0.09,0.0,0.82,1.0,0.0,0.0,anomaly,normal,anomaly
17949,6719,udp,other,SF,147,105,0,0,0,0,0,0,0,0,0,0,0,0,0,0,0,0,1,1,0.0,0.0,0.0,0.0,1.0,0.0,0.0,255,1,0.0,0.77,0.98,0.0,0.0,0.0,0.0,0.0,normal,anomaly,normal
22454,0,tcp,klogin,S0,0,0,0,0,0,0,0,0,0,0,0,0,0,0,0,0,0,0,144,9,1.0,1.0,0.0,0.0,0.06,0.06,0.0,255,9,0.04,0.06,0.0,0.0,1.0,1.0,0.0,0.0,anomaly,normal,anomaly
10214,0,tcp,private,S0,0,0,0,0,0,0,0,0,0,0,0,0,0,0,0,0,0,0,202,12,1.0,1.0,0.0,0.0,0.06,0.06,0.0,255,10,0.04,0.06,0.0,0.0,1.0,1.0,0.0,0.0,anomaly,normal,anomaly
9554,0,tcp,private,S0,0,0,0,0,0,0,0,0,0,0,0,0,0,0,0,0,0,0,125,16,1.0,1.0,0.0,0.0,0.13,0.07,0.0,70,16,0.23,0.11,0.01,0.0,1.0,1.0,0.0,0.0,anomaly,normal,anomaly
18926,0,tcp,nnsp,S0,0,0,0,0,0,0,0,0,0,0,0,0,0,0,0,0,0,0,106,8,1.0,1.0,0.0,0.0,0.08,0.06,0.0,255,13,0.05,0.06,0.0,0.0,1.0,1.0,0.0,0.0,anomaly,normal,anomaly
2504,0,tcp,whois,S0,0,0,0,0,0,0,0,0,0,0,0,0,0,0,0,0,0,0,215,15,1.0,1.0,0.0,0.0,0.07,0.06,0.0,255,6,0.02,0.08,0.0,0.0,1.0,1.0,0.0,0.0,anomaly,normal,anomaly
11909,0,tcp,time,S0,0,0,0,0,0,0,0,0,0,0,0,0,0,0,0,0,0,0,284,3,1.0,1.0,0.0,0.0,0.01,0.06,0.0,255,15,0.06,0.07,0.0,0.0,1.0,1.0,0.0,0.0,anomaly,normal,anomaly
10347,0,tcp,http,SF,54540,8314,0,0,0,2,0,1,1,0,0,0,0,0,0,0,0,0,1,1,0.0,0.0,0.0,0.0,1.0,0.0,0.0,203,203,1.0,0.0,0.0,0.0,0.0,0.0,0.01,0.01,anomaly,normal,anomaly
7599,0,tcp,private,REJ,0,0,0,0,0,0,0,0,0,0,0,0,0,0,0,0,0,0,241,3,0.0,0.0,1.0,1.0,0.01,0.07,0.0,255,3,0.01,0.08,0.0,0.0,0.0,0.0,1.0,1.0,anomaly,normal,anomaly
2957,0,tcp,whois,S0,0,0,0,0,0,0,0,0,0,0,0,0,0,0,0,0,0,0,190,20,1.0,1.0,0.0,0.0,0.11,0.06,0.0,255,1,0.0,0.07,0.0,0.0,1.0,1.0,0.0,0.0,anomaly,normal,anomaly
7121,0,tcp,ftp,RSTO,0,0,0,0,0,0,0,0,0,0,0,0,0,0,0,0,0,0,272,14,0.0,0.0,1.0,1.0,0.05,0.06,0.0,255,14,0.05,0.06,0.0,0.0,0.0,0.0,1.0,1.0,anomaly,normal,anomaly
8295,0,tcp,private,S0,0,0,0,0,0,0,0,0,0,0,0,0,0,0,0,0,0,0,243,4,1.0,1.0,0.0,0.0,0.02,0.06,0.0,255,4,0.02,0.07,0.0,0.0,1.0,1.0,0.0,0.0,anomaly,normal,anomaly
4166,0,tcp,private,S0,0,0,0,0,0,0,0,0,0,0,0,0,0,0,0,0,0,0,103,3,1.0,1.0,0.0,0.0,0.03,0.07,0.0,255,3,0.01,0.09,0.0,0.0,1.0,1.0,0.0,0.0,anomaly,normal,anomaly
14476,0,tcp,http,S2,54540,8315,0,0,0,1,0,1,0,0,0,0,0,0,0,0,0,0,6,6,0.17,0.17,0.0,0.0,1.0,0.0,0.0,255,255,1.0,0.0,0.0,0.0,0.01,0.01,0.04,0.04,anomaly,normal,anomaly
20585,0,icmp,eco_i,SF,8,0,0,0,0,0,0,0,0,0,0,0,0,0,0,0,0,0,1,39,0.0,0.0,0.0,0.0,1.0,0.0,1.0,1,86,1.0,0.0,1.0,0.51,0.0,0.0,0.0,0.0,anomaly,normal,anomaly
19268,0,icmp,eco_i,SF,8,0,0,0,0,0,0,0,0,0,0,0,0,0,0,0,0,0,1,3,0.0,0.0,0.0,0.0,1.0,0.0,1.0,1,86,1.0,0.0,1.0,0.51,0.0,0.0,0.0,0.0,anomaly,normal,anomaly
1308,0,tcp,private,REJ,0,0,0,0,0,0,0,0,0,0,0,0,0,0,0,0,0,0,112,2,0.0,0.0,1.0,1.0,0.02,0.07,0.0,255,22,0.09,0.07,0.0,0.0,0.0,0.0,1.0,1.0,anomaly,normal,anomaly
18126,0,tcp,domain,S0,0,0,0,0,0,0,0,0,0,0,0,0,0,0,0,0,0,0,227,1,1.0,1.0,0.0,0.0,0.0,0.07,0.0,255,1,0.0,0.09,0.0,0.0,1.0,1.0,0.0,0.0,anomaly,normal,anomaly
1408,2,tcp,ftp,SF,1218,2449,0,0,0,28,0,1,0,0,0,0,0,0,0,0,0,1,1,1,0.0,0.0,0.0,0.0,1.0,0.0,0.0,255,125,0.49,0.02,0.01,0.0,0.0,0.0,0.01,0.0,anomaly,normal,anomaly
9558,0,tcp,private,S0,0,0,0,0,0,0,0,0,0,0,0,0,0,0,0,0,0,0,226,10,1.0,1.0,0.0,0.0,0.04,0.07,0.0,255,13,0.05,0.07,0.0,0.0,1.0,1.0,0.0,0.0,anomaly,normal,anomaly
1178,9114,tcp,IRC,RSTR,1121,7999,0,0,0,0,0,1,0,0,0,0,0,0,0,0,0,0,1,1,0.0,0.0,1.0,1.0,1.0,0.0,0.0,29,11,0.38,0.07,0.03,0.0,0.14,0.36,0.17,0.45,normal,anomaly,normal
2274,0,udp,private,SF,1,0,0,0,0,0,0,0,0,0,0,0,0,0,0,0,0,0,2,2,0.0,0.0,0.0,0.0,1.0,0.0,0.0,255,33,0.13,0.45,0.67,0.0,0.03,0.0,0.31,0.0,anomaly,normal,anomaly
20016,0,icmp,ecr_i,SF,1032,0,0,0,0,0,0,0,0,0,0,0,0,0,0,0,0,0,54,54,0.0,0.0,0.0,0.0,1.0,0.0,0.0,255,255,1.0,0.0,1.0,0.0,0.0,0.0,0.0,0.0,anomaly,normal,anomaly
14561,1,tcp,ftp,SF,1246,2449,0,0,0,28,0,1,0,0,0,0,0,0,0,0,0,1,1,1,0.0,0.0,0.0,0.0,1.0,0.0,0.0,255,136,0.53,0.02,0.0,0.0,0.0,0.0,0.0,0.0,anomaly,normal,anomaly
23312,0,tcp,ldap,REJ,0,0,0,0,0,0,0,0,0,0,0,0,0,0,0,0,0,0,145,19,0.0,0.0,1.0,1.0,0.13,0.06,0.0,255,19,0.07,0.06,0.0,0.0,0.0,0.0,1.0,1.0,anomaly,normal,anomaly
8534,0,tcp,http,SF,54540,8314,0,0,0,2,0,1,1,0,0,0,0,0,0,0,0,0,1,1,0.0,0.0,0.0,0.0,1.0,0.0,0.0,1,1,1.0,0.0,1.0,0.0,0.0,0.0,0.0,0.0,anomaly,normal,anomaly
3867,0,tcp,private,S0,0,0,0,0,0,0,0,0,0,0,0,0,0,0,0,0,0,0,234,5,1.0,1.0,0.0,0.0,0.02,0.07,0.0,255,4,0.02,0.06,0.0,0.0,1.0,1.0,0.0,0.0,anomaly,normal,anomaly
19964,0,tcp,private,S0,0,0,0,0,0,0,0,0,0,0,0,0,0,0,0,0,0,0,119,12,1.0,1.0,0.0,0.0,0.1,0.06,0.0,255,17,0.07,0.06,0.0,0.0,1.0,1.0,0.0,0.0,anomaly,normal,anomaly
2370,0,tcp,private,S0,0,0,0,0,0,0,0,0,0,0,0,0,0,0,0,0,0,0,79,15,1.0,1.0,0.0,0.0,0.19,0.06,0.0,255,1,0.0,0.08,0.0,0.0,1.0,1.0,0.0,0.0,anomaly,normal,anomaly
19315,0,tcp,http,S0,0,0,0,0,0,0,0,0,0,0,0,0,0,0,0,0,0,0,248,19,1.0,0.95,0.0,0.0,0.07,0.06,0.11,255,18,0.07,0.07,0.0,0.0,1.0,1.0,0.0,0.0,anomaly,normal,anomaly
8484,0,tcp,private,REJ,0,0,0,0,0,0,0,0,0,0,0,0,0,0,0,0,0,0,146,16,0.0,0.0,1.0,1.0,0.11,0.06,0.0,255,15,0.06,0.07,0.0,0.0,0.0,0.0,1.0,1.0,anomaly,normal,anomaly
10122,0,tcp,private,S0,0,0,0,0,0,0,0,0,0,0,0,0,0,0,0,0,0,0,247,25,1.0,1.0,0.0,0.0,0.1,0.04,0.0,255,25,0.1,0.05,0.0,0.0,1.0,1.0,0.0,0.0,anomaly,normal,anomaly
9539,1,tcp,private,RSTR,0,0,0,0,0,0,0,0,0,0,0,0,0,0,0,0,0,0,69,2,0.0,0.0,1.0,1.0,0.03,0.54,0.0,239,2,0.01,0.16,0.29,0.0,0.01,0.0,0.49,1.0,anomaly,normal,anomaly
11247,0,tcp,uucp_path,REJ,0,0,0,0,0,0,0,0,0,0,0,0,0,0,0,0,0,0,115,11,0.0,0.0,1.0,1.0,0.1,0.07,0.0,255,11,0.04,0.07,0.0,0.0,0.0,0.0,1.0,1.0,anomaly,normal,anomaly
1012,0,tcp,daytime,S0,0,0,0,0,0,0,0,0,0,0,0,0,0,0,0,0,0,0,4,1,1.0,1.0,0.0,0.0,0.25,0.75,0.0,255,1,0.0,0.09,0.0,0.0,1.0,1.0,0.0,0.0,anomaly,normal,anomaly
405,7805,tcp,telnet,SF,1828,148722,0,0,0,1,2,1,19,0,1,10,8,0,0,0,0,0,1,1,0.0,0.0,0.0,0.0,1.0,0.0,0.0,51,7,0.14,0.08,0.02,0.0,0.0,0.0,0.0,0.0,normal,anomaly,normal
20999,0,tcp,private,S0,0,0,0,0,0,0,0,0,0,0,0,0,0,0,0,0,0,0,188,3,1.0,1.0,0.0,0.0,0.02,0.07,0.0,255,3,0.01,0.09,0.0,0.0,1.0,1.0,0.0,0.0,anomaly,normal,anomaly
24947,0,icmp,ecr_i,SF,1480,0,0,1,0,0,0,0,0,0,0,0,0,0,0,0,0,0,19,19,0.0,0.0,0.0,0.0,1.0,0.0,0.0,103,19,0.18,0.04,0.18,0.0,0.0,0.0,0.0,0.0,anomaly,normal,anomaly
19470,0,tcp,efs,S0,0,0,0,0,0,0,0,0,0,0,0,0,0,0,0,0,0,0,133,18,1.0,1.0,0.0,0.0,0.14,0.06,0.0,255,18,0.07,0.06,0.0,0.0,1.0,1.0,0.0,0.0,anomaly,normal,anomaly
19955,0,icmp,eco_i,SF,8,0,0,0,0,0,0,0,0,0,0,0,0,0,0,0,0,0,1,16,0.0,0.0,0.0,0.0,1.0,0.0,1.0,2,96,1.0,0.0,1.0,0.5,0.0,0.0,0.0,0.0,anomaly,normal,anomaly
3494,0,tcp,whois,REJ,0,0,0,0,0,0,0,0,0,0,0,0,0,0,0,0,0,0,251,20,0.0,0.0,1.0,1.0,0.08,0.06,0.0,255,20,0.08,0.06,0.0,0.0,0.0,0.0,1.0,1.0,anomaly,normal,anomaly
24475,0,tcp,netstat,S0,0,0,0,0,0,0,0,0,0,0,0,0,0,0,0,0,0,0,261,2,1.0,1.0,0.0,0.0,0.01,0.06,0.0,255,11,0.04,0.07,0.0,0.0,1.0,1.0,0.0,0.0,anomaly,normal,anomaly
16570,0,tcp,ldap,S0,0,0,0,0,0,0,0,0,0,0,0,0,0,0,0,0,0,0,195,10,1.0,1.0,0.0,0.0,0.05,0.05,0.0,255,10,0.04,0.05,0.0,0.0,1.0,1.0,0.0,0.0,anomaly,normal,anomaly
21412,0,tcp,private,S0,0,0,0,0,0,0,0,0,0,0,0,0,0,0,0,0,0,0,149,18,1.0,1.0,0.0,0.0,0.12,0.05,0.0,66,2,0.03,0.15,0.02,0.0,1.0,1.0,0.0,0.0,anomaly,normal,anomaly
21037,0,tcp,telnet,S0,0,0,0,0,0,0,0,0,0,0,0,0,0,0,0,0,0,0,8,7,0.88,1.0,0.0,0.0,0.88,0.25,0.0,7,8,1.0,0.0,0.14,0.25,1.0,0.88,0.0,0.0,anomaly,normal,anomaly
18019,0,udp,private,SF,100,0,0,0,0,0,0,0,0,0,0,0,0,0,0,0,0,0,1,1,0.0,0.0,0.0,0.0,1.0,0.0,0.0,31,1,0.03,0.06,0.03,0.0,0.0,0.0,0.0,0.0,anomaly,normal,anomaly
10074,0,tcp,private,S0,0,0,0,0,0,0,0,0,0,0,0,0,0,0,0,0,0,0,137,20,1.0,1.0,0.0,0.0,0.15,0.05,0.0,255,40,0.16,0.05,0.0,0.0,1.0,1.0,0.0,0.0,anomaly,normal,anomaly
9247,0,udp,private,SF,215,0,0,0,0,0,0,0,0,0,0,0,0,0,0,0,0,0,1,1,0.0,0.0,0.0,0.0,1.0,0.0,0.0,121,105,0.87,0.02,0.87,0.0,0.0,0.0,0.0,0.0,anomaly,normal,anomaly
10942,0,tcp,private,S0,0,0,0,0,0,0,0,0,0,0,0,0,0,0,0,0,0,0,6,6,1.0,1.0,0.0,0.0,1.0,0.0,0.0,255,6,0.02,0.08,0.0,0.0,1.0,1.0,0.0,0.0,anomaly,normal,anomaly
3269,0,tcp,ftp_data,SF,334,0,0,0,0,0,0,1,0,0,0,0,0,0,0,0,0,0,1,1,0.0,0.0,0.0,0.0,1.0,0.0,0.0,3,23,1.0,0.0,1.0,0.13,0.0,0.0,0.0,0.0,anomaly,normal,anomaly
9637,0,tcp,nnsp,REJ,0,0,0,0,0,0,0,0,0,0,0,0,0,0,0,0,0,0,110,12,0.0,0.0,1.0,1.0,0.11,0.06,0.0,255,12,0.05,0.06,0.0,0.0,0.0,0.0,1.0,1.0,anomaly,normal,anomaly
6820,0,tcp,efs,S0,0,0,0,0,0,0,0,0,0,0,0,0,0,0,0,0,0,0,140,6,1.0,1.0,0.0,0.0,0.04,0.05,0.0,255,6,0.02,0.05,0.0,0.0,1.0,1.0,0.0,0.0,anomaly,normal,anomaly
23690,2,tcp,ftp_data,SF,2194619,0,0,0,0,0,0,0,0,0,0,0,0,0,0,0,0,0,1,1,0.0,0.0,0.0,0.0,1.0,0.0,0.0,255,131,0.51,0.01,0.51,0.0,0.0,0.01,0.0,0.0,normal,anomaly,normal
14215,0,tcp,vmnet,S0,0,0,0,0,0,0,0,0,0,0,0,0,0,0,0,0,0,0,226,6,1.0,1.0,0.0,0.0,0.03,0.06,0.0,255,6,0.02,0.07,0.0,0.0,1.0,1.0,0.0,0.0,anomaly,normal,anomaly
2419,0,tcp,private,S0,0,0,0,0,0,0,0,0,0,0,0,0,0,0,0,0,0,0,234,3,1.0,1.0,0.0,0.0,0.01,0.07,0.0,255,3,0.01,0.06,0.0,0.0,1.0,1.0,0.0,0.0,anomaly,normal,anomaly
17117,0,tcp,courier,S0,0,0,0,0,0,0,0,0,0,0,0,0,0,0,0,0,0,0,108,12,1.0,1.0,0.0,0.0,0.11,0.06,0.0,255,12,0.05,0.06,0.0,0.0,1.0,1.0,0.0,0.0,anomaly,normal,anomaly
13908,0,tcp,whois,REJ,0,0,0,0,0,0,0,0,0,0,0,0,0,0,0,0,0,0,1,1,0.0,0.0,1.0,1.0,1.0,0.0,0.0,24,2,0.04,1.0,0.04,1.0,0.0,0.0,0.83,1.0,anomaly,normal,anomaly
12231,0,tcp,csnet_ns,REJ,0,0,0,0,0,0,0,0,0,0,0,0,0,0,0,0,0,0,242,9,0.0,0.0,1.0,1.0,0.04,0.07,0.0,255,9,0.04,0.07,0.0,0.0,0.0,0.0,1.0,1.0,anomaly,normal,anomaly
19576,0,tcp,login,S0,0,0,0,0,0,0,0,0,0,0,0,0,0,0,0,0,0,0,108,1,1.0,1.0,0.0,0.0,0.01,0.07,0.0,255,1,0.0,0.06,0.0,0.0,1.0,1.0,0.0,0.0,anomaly,normal,anomaly
17397,0,tcp,imap4,S0,0,0,0,0,0,0,0,0,0,0,0,0,0,0,0,0,0,0,246,2,1.0,1.0,0.0,0.0,0.01,0.07,0.0,255,2,0.01,0.07,0.0,0.0,1.0,1.0,0.0,0.0,anomaly,normal,anomaly
1324,0,tcp,ctf,S0,0,0,0,0,0,0,0,0,0,0,0,0,0,0,0,0,0,0,260,12,1.0,1.0,0.0,0.0,0.05,0.06,0.0,255,9,0.04,0.07,0.0,0.0,1.0,1.0,0.0,0.0,anomaly,normal,anomaly
15666,0,tcp,discard,S0,0,0,0,0,0,0,0,0,0,0,0,0,0,0,0,0,0,0,121,20,1.0,1.0,0.0,0.0,0.17,0.07,0.0,255,13,0.05,0.07,0.0,0.0,1.0,1.0,0.0,0.0,anomaly,normal,anomaly
15960,0,tcp,finger,S0,0,0,0,0,0,0,0,0,0,0,0,0,0,0,0,0,0,0,117,5,1.0,1.0,0.0,0.0,0.04,0.06,0.0,255,5,0.02,0.07,0.0,0.0,1.0,1.0,0.0,0.0,anomaly,normal,anomaly
7928,0,icmp,ecr_i,SF,1032,0,0,0,0,0,0,0,0,0,0,0,0,0,0,0,0,0,219,219,0.0,0.0,0.0,0.0,1.0,0.0,0.0,216,122,0.56,0.03,0.56,0.0,0.01,0.0,0.29,0.0,anomaly,normal,anomaly
9643,0,tcp,nntp,S0,0,0,0,0,0,0,0,0,0,0,0,0,0,0,0,0,0,0,126,16,1.0,1.0,0.0,0.0,0.13,0.07,0.0,255,16,0.06,0.07,0.0,0.0,1.0,1.0,0.0,0.0,anomaly,normal,anomaly
1163,0,tcp,private,S0,0,0,0,0,0,0,0,0,0,0,0,0,0,0,0,0,0,0,86,5,1.0,1.0,0.0,0.0,0.06,0.07,0.0,255,5,0.02,0.06,0.0,0.0,1.0,1.0,0.0,0.0,anomaly,normal,anomaly
16065,0,tcp,telnet,S0,0,0,0,0,0,0,0,0,0,0,0,0,0,0,0,0,0,0,247,10,1.0,1.0,0.0,0.0,0.04,0.07,0.0,255,10,0.04,0.07,0.0,0.0,1.0,1.0,0.0,0.0,anomaly,normal,anomaly
1155,0,tcp,exec,S0,0,0,0,0,0,0,0,0,0,0,0,0,0,0,0,0,0,0,150,20,1.0,1.0,0.0,0.0,0.13,0.06,0.0,255,20,0.08,0.07,0.0,0.0,1.0,1.0,0.0,0.0,anomaly,normal,anomaly
7741,0,tcp,link,S0,0,0,0,0,0,0,0,0,0,0,0,0,0,0,0,0,0,0,186,16,1.0,1.0,0.0,0.0,0.09,0.07,0.0,255,16,0.06,0.07,0.0,0.0,1.0,1.0,0.0,0.0,anomaly,normal,anomaly
5239,0,tcp,iso_tsap,S0,0,0,0,0,0,0,0,0,0,0,0,0,0,0,0,0,0,0,236,5,1.0,1.0,0.0,0.0,0.02,0.06,0.0,255,5,0.02,0.07,0.0,0.0,1.0,1.0,0.0,0.0,anomaly,normal,anomaly
7355,0,tcp,finger,S0,0,0,0,0,0,0,0,0,0,0,0,0,0,0,0,0,0,0,37,9,1.0,1.0,0.0,0.0,0.24,0.11,0.0,119,32,0.24,0.03,0.03,0.06,0.98,0.91,0.0,0.0,anomaly,normal,anomaly
16807,0,tcp,private,S0,0,0,0,0,0,0,0,0,0,0,0,0,0,0,0,0,0,0,145,13,1.0,1.0,0.0,0.0,0.09,0.07,0.0,255,13,0.05,0.07,0.0,0.0,1.0,1.0,0.0,0.0,anomaly,normal,anomaly
11948,0,tcp,gopher,S0,0,0,0,0,0,0,0,0,0,0,0,0,0,0,0,0,0,0,167,14,1.0,1.0,0.0,0.0,0.08,0.07,0.0,255,14,0.05,0.06,0.0,0.0,1.0,1.0,0.0,0.0,anomaly,normal,anomaly
1860,0,tcp,private,S0,0,0,0,0,0,0,0,0,0,0,0,0,0,0,0,0,0,0,227,1,1.0,1.0,0.0,0.0,0.0,0.07,0.0,255,1,0.0,0.08,0.0,0.0,1.0,1.0,0.0,0.0,anomaly,normal,anomaly
10826,0,tcp,private,S0,0,0,0,0,0,0,0,0,0,0,0,0,0,0,0,0,0,0,190,4,1.0,1.0,0.0,0.0,0.02,0.06,0.0,255,4,0.02,0.07,0.0,0.0,1.0,1.0,0.0,0.0,anomaly,normal,anomaly
6372,0,tcp,systat,S0,0,0,0,0,0,0,0,0,0,0,0,0,0,0,0,0,0,0,282,3,1.0,1.0,0.0,0.0,0.01,0.06,0.0,255,3,0.01,0.04,0.0,0.0,1.0,1.0,0.0,0.0,anomaly,normal,anomaly
3506,0,tcp,gopher,S0,0,0,0,0,0,0,0,0,0,0,0,0,0,0,0,0,0,0,233,9,1.0,1.0,0.0,0.0,0.04,0.07,0.0,255,9,0.04,0.07,0.0,0.0,1.0,1.0,0.0,0.0,anomaly,normal,anomaly
5711,0,tcp,private,S0,0,0,0,0,0,0,0,0,0,0,0,0,0,0,0,0,0,0,93,6,1.0,1.0,0.0,0.0,0.06,0.06,0.0,255,18,0.07,0.07,0.0,0.0,1.0,1.0,0.0,0.0,anomaly,normal,anomaly
6786,0,tcp,netstat,S0,0,0,0,0,0,0,0,0,0,0,0,0,0,0,0,0,0,0,126,3,1.0,1.0,0.0,0.0,0.02,0.06,0.0,255,3,0.01,0.05,0.0,0.0,1.0,1.0,0.0,0.0,anomaly,normal,anomaly
9172,0,tcp,Z39_50,S0,0,0,0,0,0,0,0,0,0,0,0,0,0,0,0,0,0,0,201,2,1.0,1.0,0.0,0.0,0.01,0.05,0.0,255,2,0.01,0.06,0.0,0.0,1.0,1.0,0.0,0.0,anomaly,normal,anomaly
18415,0,tcp,klogin,S0,0,0,0,0,0,0,0,0,0,0,0,0,0,0,0,0,0,0,23,18,1.0,1.0,0.0,0.0,0.78,0.09,0.0,255,18,0.07,0.06,0.0,0.0,1.0,1.0,0.0,0.0,anomaly,normal,anomaly
23257,0,tcp,private,S0,0,0,0,0,0,0,0,0,0,0,0,0,0,0,0,0,0,0,110,10,1.0,1.0,0.0,0.0,0.09,0.06,0.0,255,32,0.13,0.05,0.0,0.0,1.0,1.0,0.0,0.0,anomaly,normal,anomaly
21737,0,icmp,eco_i,SF,8,0,0,0,0,0,0,0,0,0,0,0,0,0,0,0,0,0,1,52,0.0,0.0,0.0,0.0,1.0,0.0,1.0,2,10,1.0,0.0,1.0,0.5,0.0,0.0,0.0,0.0,anomaly,normal,anomaly
21223,0,icmp,eco_i,SF,18,0,0,0,0,0,0,0,0,0,0,0,0,0,0,0,0,0,1,1,0.0,0.0,0.0,0.0,1.0,0.0,0.0,1,37,1.0,0.0,1.0,1.0,0.0,0.0,0.0,0.0,anomaly,normal,anomaly
6091,0,tcp,http,S0,0,0,0,0,0,0,0,0,0,0,0,0,0,0,0,0,0,0,11,8,1.0,1.0,0.0,0.0,0.73,0.18,0.0,255,59,0.23,0.04,0.0,0.0,1.0,1.0,0.0,0.0,anomaly,normal,anomaly
20170,0,tcp,private,S0,0,0,0,0,0,0,0,0,0,0,0,0,0,0,0,0,0,0,200,1,1.0,1.0,0.0,0.0,0.0,0.06,0.0,255,6,0.02,0.07,0.0,0.0,1.0,1.0,0.0,0.0,anomaly,normal,anomaly
3796,0,tcp,private,S0,0,0,0,0,0,0,0,0,0,0,0,0,0,0,0,0,0,0,115,13,1.0,1.0,0.0,0.0,0.11,0.06,0.0,255,14,0.05,0.06,0.0,0.0,1.0,1.0,0.0,0.0,anomaly,normal,anomaly
16870,0,tcp,finger,S0,0,0,0,0,0,0,0,0,0,0,0,0,0,0,0,0,0,0,27,7,1.0,1.0,0.0,0.0,0.26,0.15,0.0,255,46,0.18,0.05,0.02,0.0,1.0,1.0,0.0,0.0,anomaly,normal,anomaly
22109,1,tcp,private,RSTR,0,0,0,0,0,0,0,0,0,0,0,0,0,0,0,0,0,0,58,2,0.0,0.0,1.0,1.0,0.03,0.53,0.0,228,2,0.01,0.14,0.25,0.0,0.01,0.0,0.47,1.0,anomaly,normal,anomaly
8934,0,udp,private,SF,28,0,0,3,0,0,0,0,0,0,0,0,0,0,0,0,0,0,133,33,0.75,0.0,0.0,0.0,0.25,0.05,0.0,255,33,0.13,0.87,0.13,0.0,0.09,0.0,0.78,0.0,anomaly,normal,anomaly
3043,0,tcp,gopher,S0,0,0,0,0,0,0,0,0,0,0,0,0,0,0,0,0,0,0,300,20,1.0,1.0,0.0,0.0,0.07,0.05,0.0,255,20,0.08,0.06,0.0,0.0,1.0,1.0,0.0,0.0,anomaly,normal,anomaly
18444,0,tcp,ldap,S0,0,0,0,0,0,0,0,0,0,0,0,0,0,0,0,0,0,0,139,10,1.0,1.0,0.0,0.0,0.07,0.06,0.0,255,10,0.04,0.06,0.0,0.0,1.0,1.0,0.0,0.0,anomaly,normal,anomaly
5088,0,tcp,netstat,S0,0,0,0,0,0,0,0,0,0,0,0,0,0,0,0,0,0,0,287,21,1.0,1.0,0.0,0.0,0.07,0.05,0.0,255,21,0.08,0.05,0.0,0.0,1.0,1.0,0.0,0.0,anomaly,normal,anomaly
18194,0,tcp,supdup,REJ,0,0,0,0,0,0,0,0,0,0,0,0,0,0,0,0,0,0,137,7,0.0,0.0,1.0,1.0,0.05,0.06,0.0,255,2,0.01,0.07,0.0,0.0,0.0,0.0,1.0,1.0,anomaly,normal,anomaly
919,0,tcp,http,REJ,0,0,0,0,0,0,0,0,0,0,0,0,0,0,0,0,0,0,269,18,0.0,0.0,1.0,1.0,0.07,0.06,0.0,255,18,0.07,0.09,0.0,0.0,0.0,0.0,1.0,1.0,anomaly,normal,anomaly
12318,0,tcp,ftp_data,SF,334,0,0,0,0,0,0,1,0,0,0,0,0,0,0,0,0,0,2,2,0.0,0.0,0.0,0.0,1.0,0.0,0.0,4,4,1.0,0.0,1.0,0.0,0.0,0.0,0.0,0.0,anomaly,normal,anomaly
2465,0,tcp,private,S0,0,0,0,0,0,0,0,0,0,0,0,0,0,0,0,0,0,0,111,8,1.0,1.0,0.0,0.0,0.07,0.06,0.0,255,15,0.06,0.07,0.0,0.0,1.0,1.0,0.0,0.0,anomaly,normal,anomaly
3295,0,tcp,private,S0,0,0,0,0,0,0,0,0,0,0,0,0,0,0,0,0,0,0,177,2,1.0,1.0,0.0,0.0,0.01,0.07,0.0,23,2,0.09,0.26,0.04,0.0,0.39,1.0,0.04,0.0,anomaly,normal,anomaly
9607,0,tcp,telnet,S0,0,0,0,0,0,0,0,0,0,0,0,0,0,0,0,0,0,0,63,16,1.0,1.0,0.0,0.0,0.25,0.06,0.0,255,66,0.26,0.02,0.0,0.0,1.0,1.0,0.0,0.0,anomaly,normal,anomaly
17264,0,tcp,klogin,S0,0,0,0,0,0,0,0,0,0,0,0,0,0,0,0,0,0,0,114,17,1.0,1.0,0.0,0.0,0.15,0.07,0.0,255,6,0.02,0.08,0.0,0.0,1.0,1.0,0.0,0.0,anomaly,normal,anomaly
17896,0,tcp,private,S0,0,0,0,0,0,0,0,0,0,0,0,0,0,0,0,0,0,0,224,10,1.0,1.0,0.0,0.0,0.04,0.07,0.0,255,10,0.04,0.1,0.0,0.0,1.0,1.0,0.0,0.0,anomaly,normal,anomaly
20538,0,tcp,private,SH,0,0,0,0,0,0,0,0,0,0,0,0,0,0,0,0,0,0,1,1,1.0,1.0,0.0,0.0,1.0,0.0,0.0,18,1,0.06,0.72,0.56,0.0,0.56,1.0,0.0,0.0,anomaly,normal,anomaly
13170,0,tcp,private,S0,0,0,0,0,0,0,0,0,0,0,0,0,0,0,0,0,0,0,219,20,1.0,1.0,0.0,0.0,0.09,0.05,0.0,255,20,0.08,0.08,0.0,0.0,1.0,1.0,0.0,0.0,anomaly,normal,anomaly
24987,0,tcp,private,S0,0,0,0,0,0,0,0,0,0,0,0,0,0,0,0,0,0,0,236,14,1.0,1.0,0.0,0.0,0.06,0.07,0.0,255,14,0.05,0.06,0.0,0.0,1.0,1.0,0.0,0.0,anomaly,normal,anomaly
21522,0,tcp,private,S0,0,0,0,0,0,0,0,0,0,0,0,0,0,0,0,0,0,0,128,19,1.0,1.0,0.0,0.0,0.15,0.05,0.0,255,3,0.01,0.06,0.0,0.0,1.0,1.0,0.0,0.0,anomaly,normal,anomaly
16024,0,tcp,ssh,S0,0,0,0,0,0,0,0,0,0,0,0,0,0,0,0,0,0,0,298,19,1.0,1.0,0.0,0.0,0.06,0.05,0.0,255,19,0.07,0.06,0.0,0.0,1.0,1.0,0.0,0.0,anomaly,normal,anomaly
7598,0,icmp,ecr_i,SF,1032,0,0,0,0,0,0,0,0,0,0,0,0,0,0,0,0,0,158,158,0.0,0.0,0.0,0.0,1.0,0.0,0.0,255,158,0.62,0.01,0.62,0.0,0.0,0.0,0.0,0.0,anomaly,normal,anomaly
24995,0,tcp,private,S0,0,0,0,0,0,0,0,0,0,0,0,0,0,0,0,0,0,0,101,2,1.0,1.0,0.0,0.0,0.02,0.06,0.0,255,12,0.05,0.07,0.0,0.0,1.0,1.0,0.0,0.0,anomaly,normal,anomaly
21569,0,tcp,private,S0,0,0,0,0,0,0,0,0,0,0,0,0,0,0,0,0,0,0,129,19,1.0,1.0,0.0,0.0,0.15,0.05,0.0,255,14,0.05,0.07,0.0,0.0,1.0,1.0,0.0,0.0,anomaly,normal,anomaly
4423,0,tcp,private,S0,0,0,0,0,0,0,0,0,0,0,0,0,0,0,0,0,0,0,107,20,1.0,1.0,0.0,0.0,0.19,0.06,0.0,255,19,0.07,0.06,0.0,0.0,1.0,1.0,0.0,0.0,anomaly,normal,anomaly
17777,0,tcp,private,S0,0,0,0,0,0,0,0,0,0,0,0,0,0,0,0,0,0,0,262,1,1.0,1.0,0.0,0.0,0.0,0.06,0.0,255,32,0.13,0.06,0.0,0.0,1.0,1.0,0.0,0.0,anomaly,normal,anomaly
11873,0,tcp,whois,REJ,0,0,0,0,0,0,0,0,0,0,0,0,0,0,0,0,0,0,268,6,0.0,0.0,1.0,1.0,0.02,0.06,0.0,255,6,0.02,0.07,0.0,0.0,0.0,0.0,1.0,1.0,anomaly,normal,anomaly
18076,0,tcp,private,S0,0,0,0,0,0,0,0,0,0,0,0,0,0,0,0,0,0,0,276,11,1.0,1.0,0.0,0.0,0.04,0.05,0.0,255,11,0.04,0.05,0.0,0.0,1.0,1.0,0.0,0.0,anomaly,normal,anomaly
4948,0,tcp,hostnames,S0,0,0,0,0,0,0,0,0,0,0,0,0,0,0,0,0,0,0,256,8,1.0,1.0,0.0,0.0,0.03,0.05,0.0,255,8,0.03,0.05,0.0,0.0,1.0,1.0,0.0,0.0,anomaly,normal,anomaly
14883,0,icmp,eco_i,SF,8,0,0,0,0,0,0,0,0,0,0,0,0,0,0,0,0,0,1,7,0.0,0.0,0.0,0.0,1.0,0.0,1.0,3,207,1.0,0.0,1.0,0.25,0.0,0.0,0.0,0.0,anomaly,normal,anomaly
7242,0,tcp,private,S0,0,0,0,0,0,0,0,0,0,0,0,0,0,0,0,0,0,0,119,19,1.0,1.0,0.0,0.0,0.16,0.06,0.0,67,18,0.27,0.09,0.01,0.0,1.0,1.0,0.0,0.0,anomaly,normal,anomaly
18388,0,tcp,http,SF,54540,8314,0,0,0,2,0,1,1,0,0,0,0,0,0,0,0,0,5,6,0.0,0.0,0.0,0.17,1.0,0.0,0.33,128,128,1.0,0.0,0.01,0.0,0.0,0.0,0.05,0.05,anomaly,normal,anomaly
13650,0,tcp,whois,S0,0,0,0,0,0,0,0,0,0,0,0,0,0,0,0,0,0,0,290,20,1.0,1.0,0.0,0.0,0.07,0.06,0.0,255,19,0.07,0.07,0.0,0.0,1.0,1.0,0.0,0.0,anomaly,normal,anomaly
25000,0,icmp,eco_i,SF,8,0,0,0,0,0,0,0,0,0,0,0,0,0,0,0,0,0,1,10,0.0,0.0,0.0,0.0,1.0,0.0,1.0,3,19,1.0,0.0,1.0,0.26,0.0,0.0,0.0,0.0,anomaly,normal,anomaly
19415,0,tcp,ftp_data,S0,0,0,0,0,0,0,0,0,0,0,0,0,0,0,0,0,0,0,18,8,1.0,1.0,0.0,0.0,0.44,0.11,0.0,255,56,0.22,0.02,0.01,0.0,1.0,1.0,0.0,0.0,anomaly,normal,anomaly
15859,0,tcp,private,REJ,0,0,0,0,0,0,0,0,0,0,0,0,0,0,0,0,0,0,122,14,0.0,0.0,1.0,1.0,0.11,0.07,0.0,255,14,0.05,0.06,0.0,0.0,0.0,0.0,1.0,1.0,anomaly,normal,anomaly
21258,0,icmp,eco_i,SF,18,0,0,0,0,0,0,0,0,0,0,0,0,0,0,0,0,0,1,1,0.0,0.0,0.0,0.0,1.0,0.0,0.0,2,110,1.0,0.0,1.0,0.25,0.0,0.0,0.0,0.0,anomaly,normal,anomaly
179,0,tcp,iso_tsap,S0,0,0,0,0,0,0,0,0,0,0,0,0,0,0,0,0,0,0,286,9,1.0,1.0,0.0,0.0,0.03,0.06,0.0,255,11,0.04,0.07,0.0,0.0,1.0,1.0,0.0,0.0,anomaly,normal,anomaly
9546,0,tcp,ldap,S0,0,0,0,0,0,0,0,0,0,0,0,0,0,0,0,0,0,0,122,4,1.0,1.0,0.0,0.0,0.03,0.06,0.0,255,17,0.07,0.07,0.0,0.0,1.0,1.0,0.0,0.0,anomaly,normal,anomaly
15558,0,tcp,auth,S0,0,0,0,0,0,0,0,0,0,0,0,0,0,0,0,0,0,0,257,10,1.0,1.0,0.0,0.0,0.04,0.05,0.0,255,10,0.04,0.05,0.0,0.0,1.0,1.0,0.0,0.0,anomaly,normal,anomaly
2432,0,tcp,courier,S0,0,0,0,0,0,0,0,0,0,0,0,0,0,0,0,0,0,0,125,7,1.0,1.0,0.0,0.0,0.06,0.06,0.0,255,13,0.05,0.06,0.0,0.0,1.0,1.0,0.0,0.0,anomaly,normal,anomaly
5388,0,icmp,eco_i,SF,8,0,0,0,0,0,0,0,0,0,0,0,0,0,0,0,0,0,1,33,0.0,0.0,0.0,0.0,1.0,0.0,1.0,2,50,1.0,0.0,1.0,0.52,0.0,0.0,0.0,0.0,anomaly,normal,anomaly
4653,0,tcp,private,S0,0,0,0,0,0,0,0,0,0,0,0,0,0,0,0,0,0,0,164,2,1.0,1.0,0.0,0.0,0.01,0.07,0.0,255,19,0.07,0.08,0.0,0.0,1.0,1.0,0.0,0.0,anomaly,normal,anomaly
11979,0,tcp,private,S0,0,0,0,0,0,0,0,0,0,0,0,0,0,0,0,0,0,0,129,11,1.0,1.0,0.0,0.0,0.09,0.05,0.0,255,30,0.12,0.05,0.0,0.0,1.0,1.0,0.0,0.0,anomaly,normal,anomaly
152,0,tcp,vmnet,S0,0,0,0,0,0,0,0,0,0,0,0,0,0,0,0,0,0,0,292,13,1.0,1.0,0.0,0.0,0.04,0.05,0.0,255,14,0.05,0.08,0.0,0.0,1.0,1.0,0.0,0.0,anomaly,normal,anomaly
9878,13339,tcp,telnet,SF,367,7286,0,0,0,0,0,1,0,0,0,0,0,0,0,0,0,0,1,1,0.0,0.0,0.0,0.0,1.0,0.0,0.0,209,105,0.5,0.01,0.0,0.0,0.96,0.95,0.0,0.0,normal,anomaly,normal
11001,0,tcp,daytime,S0,0,0,0,0,0,0,0,0,0,0,0,0,0,0,0,0,0,0,102,13,1.0,1.0,0.0,0.0,0.13,0.06,0.0,255,2,0.01,0.07,0.0,0.0,1.0,1.0,0.0,0.0,anomaly,normal,anomaly
23035,0,tcp,http,SF,54540,8314,0,0,0,2,0,1,1,0,0,0,0,0,0,0,0,0,4,4,0.0,0.0,0.0,0.0,1.0,0.0,0.0,50,50,1.0,0.0,0.02,0.0,0.0,0.0,0.04,0.04,anomaly,normal,anomaly
17415,0,tcp,private,RSTR,0,0,0,0,0,0,0,0,0,0,0,0,0,0,0,0,0,0,1,1,0.0,0.0,1.0,1.0,1.0,0.0,0.0,221,1,0.0,0.24,0.46,0.0,0.0,0.0,0.46,1.0,anomaly,normal,anomaly
17884,0,tcp,whois,REJ,0,0,0,0,0,0,0,0,0,0,0,0,0,0,0,0,0,0,1,1,0.0,0.0,1.0,1.0,1.0,0.0,0.0,24,2,0.04,1.0,0.04,1.0,0.0,0.0,0.96,1.0,anomaly,normal,anomaly
2,0,tcp,private,S0,0,0,0,0,0,0,0,0,0,0,0,0,0,0,0,0,0,0,123,6,1.0,1.0,0.0,0.0,0.05,0.07,0.0,255,26,0.1,0.05,0.0,0.0,1.0,1.0,0.0,0.0,anomaly,normal,anomaly
9502,0,tcp,imap4,REJ,0,0,0,0,0,0,0,0,0,0,0,0,0,0,0,0,0,0,260,9,0.0,0.0,1.0,1.0,0.03,0.07,0.0,255,9,0.04,0.07,0.0,0.0,0.0,0.0,1.0,1.0,anomaly,normal,anomaly
16915,0,tcp,time,S0,0,0,0,0,0,0,0,0,0,0,0,0,0,0,0,0,0,0,206,6,1.0,1.0,0.0,0.0,0.03,0.06,0.0,255,10,0.04,0.07,0.0,0.0,1.0,1.0,0.0,0.0,anomaly,normal,anomaly
16683,0,tcp,vmnet,S0,0,0,0,0,0,0,0,0,0,0,0,0,0,0,0,0,0,0,202,1,1.0,1.0,0.0,0.0,0.0,0.07,0.0,255,1,0.0,0.08,0.0,0.0,1.0,1.0,0.0,0.0,anomaly,normal,anomaly
12220,0,tcp,private,S0,0,0,0,0,0,0,0,0,0,0,0,0,0,0,0,0,0,0,166,2,1.0,1.0,0.0,0.0,0.01,0.06,0.0,255,20,0.08,0.07,0.0,0.0,1.0,1.0,0.0,0.0,anomaly,normal,anomaly
16318,0,tcp,shell,S0,0,0,0,0,0,0,0,0,0,0,0,0,0,0,0,0,0,0,142,12,1.0,1.0,0.0,0.0,0.08,0.06,0.0,255,1,0.0,0.08,0.0,0.0,1.0,1.0,0.0,0.0,anomaly,normal,anomaly
19447,0,tcp,time,RSTO,0,0,0,0,0,0,0,0,0,0,0,0,0,0,0,0,0,0,252,2,0.0,0.0,1.0,1.0,0.01,0.06,0.0,255,2,0.01,0.07,0.0,0.0,0.0,0.0,1.0,1.0,anomaly,normal,anomaly
22342,0,tcp,telnet,RSTO,126,179,0,0,0,1,1,0,0,0,0,0,0,0,0,0,0,0,1,1,0.0,0.0,1.0,1.0,1.0,0.0,0.0,28,28,1.0,0.0,0.04,0.0,0.07,0.07,0.93,0.93,anomaly,normal,anomaly
21924,0,tcp,auth,REJ,0,0,0,0,0,0,0,0,0,0,0,0,0,0,0,0,0,0,205,3,0.0,0.0,1.0,1.0,0.01,0.07,0.0,255,3,0.01,0.07,0.0,0.0,0.0,0.0,1.0,1.0,anomaly,normal,anomaly
502,0,tcp,private,S0,0,0,0,0,0,0,0,0,0,0,0,0,0,0,0,0,0,0,196,9,1.0,1.0,0.0,0.0,0.05,0.06,0.0,255,20,0.08,0.07,0.0,0.0,1.0,1.0,0.0,0.0,anomaly,normal,anomaly
8273,0,tcp,finger,S0,0,0,0,0,0,0,0,0,0,0,0,0,0,0,0,0,0,0,37,17,1.0,1.0,0.0,0.0,0.46,0.05,0.0,79,21,0.22,0.05,0.04,0.1,0.97,0.81,0.0,0.0,anomaly,normal,anomaly
7360,0,tcp,private,S0,0,0,0,0,0,0,0,0,0,0,0,0,0,0,0,0,0,0,93,20,1.0,1.0,0.0,0.0,0.22,0.06,0.0,255,2,0.01,0.07,0.0,0.0,1.0,1.0,0.0,0.0,anomaly,normal,anomaly
8079,0,tcp,private,S0,0,0,0,0,0,0,0,0,0,0,0,0,0,0,0,0,0,0,159,17,1.0,1.0,0.0,0.0,0.11,0.06,0.0,255,17,0.07,0.06,0.0,0.0,1.0,1.0,0.0,0.0,anomaly,normal,anomaly
536,0,tcp,finger,S0,0,0,0,0,0,0,0,0,0,0,0,0,0,0,0,0,0,0,74,20,1.0,1.0,0.0,0.0,0.27,0.05,0.0,255,58,0.23,0.04,0.0,0.0,1.0,1.0,0.0,0.0,anomaly,normal,anomaly
9705,0,tcp,private,S0,0,0,0,0,0,0,0,0,0,0,0,0,0,0,0,0,0,0,264,17,1.0,1.0,0.0,0.0,0.06,0.06,0.0,255,17,0.07,0.06,0.01,0.0,1.0,1.0,0.0,0.0,anomaly,normal,anomaly
2093,0,tcp,Z39_50,S0,0,0,0,0,0,0,0,0,0,0,0,0,0,0,0,0,0,0,267,10,1.0,1.0,0.0,0.0,0.04,0.06,0.0,255,10,0.04,0.07,0.0,0.0,1.0,1.0,0.0,0.0,anomaly,normal,anomaly
16904,0,tcp,private,S0,0,0,0,0,0,0,0,0,0,0,0,0,0,0,0,0,0,0,143,9,1.0,1.0,0.0,0.0,0.06,0.06,0.0,255,11,0.04,0.06,0.0,0.0,1.0,1.0,0.0,0.0,anomaly,normal,anomaly
9211,0,tcp,csnet_ns,REJ,0,0,0,0,0,0,0,0,0,0,0,0,0,0,0,0,0,0,236,18,0.0,0.0,1.0,1.0,0.08,0.06,0.0,255,18,0.07,0.07,0.0,0.0,0.0,0.0,1.0,1.0,anomaly,normal,anomaly
20914,0,tcp,private,S0,0,0,0,0,0,0,0,0,0,0,0,0,0,0,0,0,0,0,138,15,1.0,1.0,0.0,0.0,0.11,0.06,0.0,255,7,0.03,0.08,0.0,0.0,1.0,1.0,0.0,0.0,anomaly,normal,anomaly
24655,0,tcp,private,S0,0,0,0,0,0,0,0,0,0,0,0,0,0,0,0,0,0,0,277,9,1.0,1.0,0.0,0.0,0.03,0.06,0.0,255,7,0.03,0.08,0.0,0.0,1.0,1.0,0.0,0.0,anomaly,normal,anomaly
19344,0,tcp,vmnet,S0,0,0,0,0,0,0,0,0,0,0,0,0,0,0,0,0,0,0,150,20,1.0,1.0,0.0,0.0,0.13,0.06,0.0,255,1,0.0,0.07,0.0,0.0,1.0,1.0,0.0,0.0,anomaly,normal,anomaly
7064,0,tcp,ftp,RSTO,0,0,0,0,0,0,0,0,0,0,0,0,0,0,0,0,0,0,244,4,0.0,0.0,1.0,1.0,0.02,0.07,0.0,255,4,0.02,0.08,0.0,0.0,0.0,0.0,1.0,1.0,anomaly,normal,anomaly
11468,1,tcp,ftp,SF,1183,2447,0,0,0,28,0,1,0,0,0,0,0,0,0,0,0,1,1,1,0.0,0.0,0.0,0.0,1.0,0.0,0.0,255,130,0.51,0.02,0.0,0.0,0.0,0.0,0.0,0.0,anomaly,normal,anomaly
22408,0,tcp,ftp_data,REJ,0,0,0,0,0,0,0,0,0,0,0,0,0,0,0,0,0,0,265,17,0.0,0.0,1.0,1.0,0.06,0.06,0.0,255,17,0.07,0.08,0.0,0.0,0.0,0.0,1.0,1.0,anomaly,normal,anomaly
13380,0,udp,private,SF,1,0,0,0,0,0,0,0,0,0,0,0,0,0,0,0,0,0,51,2,0.0,0.0,0.0,0.0,0.04,0.14,0.0,255,2,0.01,0.22,1.0,0.0,0.0,0.0,0.0,0.0,anomaly,normal,anomaly
21310,0,tcp,private,S0,0,0,0,0,0,0,0,0,0,0,0,0,0,0,0,0,0,0,236,12,1.0,1.0,0.0,0.0,0.05,0.06,0.0,255,9,0.04,0.07,0.0,0.0,1.0,1.0,0.0,0.0,anomaly,normal,anomaly
16215,0,tcp,sunrpc,S0,0,0,0,0,0,0,0,0,0,0,0,0,0,0,0,0,0,0,291,21,1.0,1.0,0.0,0.0,0.07,0.05,0.0,255,21,0.08,0.05,0.0,0.0,1.0,1.0,0.0,0.0,anomaly,normal,anomaly
877,0,tcp,private,S0,0,0,0,0,0,0,0,0,0,0,0,0,0,0,0,0,0,0,104,10,1.0,1.0,0.0,0.0,0.1,0.06,0.0,255,10,0.04,0.05,0.0,0.0,1.0,1.0,0.0,0.0,anomaly,normal,anomaly
13319,0,tcp,uucp,RSTO,0,0,0,0,0,0,0,0,0,0,0,0,0,0,0,0,0,0,106,1,0.0,0.0,1.0,1.0,0.01,0.08,0.0,255,1,0.0,0.06,0.0,0.0,0.0,0.0,1.0,1.0,anomaly,normal,anomaly
11446,0,tcp,discard,RSTO,0,0,0,0,0,0,0,0,0,0,0,0,0,0,0,0,0,0,118,3,0.0,0.0,1.0,1.0,0.03,0.07,0.0,255,3,0.01,0.07,0.0,0.0,0.0,0.0,1.0,1.0,anomaly,normal,anomaly
7049,0,icmp,ecr_i,SF,1032,0,0,0,0,0,0,0,0,0,0,0,0,0,0,0,0,0,352,352,0.0,0.0,0.0,0.0,1.0,0.0,0.0,255,255,1.0,0.0,1.0,0.0,0.0,0.0,0.0,0.0,anomaly,normal,anomaly
23960,0,tcp,telnet,S0,0,0,0,0,0,0,0,0,0,0,0,0,0,0,0,0,0,0,267,20,1.0,1.0,0.0,0.0,0.07,0.06,0.0,255,20,0.08,0.07,0.0,0.0,1.0,1.0,0.0,0.0,anomaly,normal,anomaly
16344,0,tcp,private,S0,0,0,0,0,0,0,0,0,0,0,0,0,0,0,0,0,0,0,91,1,1.0,1.0,0.0,0.0,0.01,0.07,0.0,255,1,0.0,0.07,0.0,0.0,1.0,1.0,0.0,0.0,anomaly,normal,anomaly
22362,0,tcp,name,S0,0,0,0,0,0,0,0,0,0,0,0,0,0,0,0,0,0,0,251,4,1.0,1.0,0.0,0.0,0.02,0.06,0.0,255,2,0.01,0.07,0.0,0.0,1.0,1.0,0.0,0.0,anomaly,normal,anomaly
13543,0,tcp,auth,S0,0,0,0,0,0,0,0,0,0,0,0,0,0,0,0,0,0,0,254,6,1.0,1.0,0.0,0.0,0.02,0.05,0.0,255,6,0.02,0.05,0.0,0.0,1.0,1.0,0.0,0.0,anomaly,normal,anomaly
5520,0,tcp,private,S0,0,0,0,0,0,0,0,0,0,0,0,0,0,0,0,0,0,0,136,6,1.0,1.0,0.0,0.0,0.04,0.06,0.0,255,12,0.05,0.08,0.0,0.0,1.0,1.0,0.0,0.0,anomaly,normal,anomaly
2009,0,tcp,private,S0,0,0,0,0,0,0,0,0,0,0,0,0,0,0,0,0,0,0,98,2,0.98,1.0,0.0,0.0,0.02,0.07,0.0,255,7,0.03,0.06,0.0,0.0,1.0,1.0,0.0,0.0,anomaly,normal,anomaly
22596,0,tcp,private,S0,0,0,0,0,0,0,0,0,0,0,0,0,0,0,0,0,0,0,289,11,1.0,1.0,0.0,0.0,0.04,0.06,0.0,255,6,0.02,0.08,0.0,0.0,1.0,1.0,0.0,0.0,anomaly,normal,anomaly
19958,0,tcp,private,S0,0,0,0,0,0,0,0,0,0,0,0,0,0,0,0,0,0,0,114,12,1.0,1.0,0.0,0.0,0.11,0.05,0.0,255,12,0.05,0.04,0.0,0.0,1.0,1.0,0.0,0.0,anomaly,normal,anomaly
6537,0,tcp,private,S0,0,0,0,0,0,0,0,0,0,0,0,0,0,0,0,0,0,0,73,16,1.0,1.0,0.0,0.0,0.22,0.07,0.0,255,1,0.0,0.08,0.0,0.0,1.0,1.0,0.0,0.0,anomaly,normal,anomaly
17186,0,tcp,name,S0,0,0,0,0,0,0,0,0,0,0,0,0,0,0,0,0,0,0,198,16,0.99,1.0,0.0,0.0,0.08,0.07,0.0,255,16,0.06,0.08,0.0,0.0,1.0,1.0,0.0,0.0,anomaly,normal,anomaly
1517,0,icmp,eco_i,SF,8,0,0,0,0,0,0,0,0,0,0,0,0,0,0,0,0,0,1,23,0.0,0.0,0.0,0.0,1.0,0.0,1.0,4,112,1.0,0.0,1.0,0.25,0.0,0.0,0.0,0.0,anomaly,normal,anomaly
15564,0,tcp,nntp,S0,0,0,0,0,0,0,0,0,0,0,0,0,0,0,0,0,0,0,155,15,1.0,1.0,0.0,0.0,0.1,0.07,0.0,255,15,0.06,0.07,0.0,0.0,1.0,1.0,0.0,0.0,anomaly,normal,anomaly
19431,0,tcp,ftp_data,SF,501760,0,0,0,0,0,0,1,0,0,0,0,0,0,0,0,0,0,2,3,0.0,0.0,0.0,0.0,1.0,0.0,0.67,241,48,0.2,0.02,0.2,0.0,0.0,0.0,0.0,0.0,normal,anomaly,normal
16297,0,tcp,bgp,S0,0,0,0,0,0,0,0,0,0,0,0,0,0,0,0,0,0,0,209,15,1.0,1.0,0.0,0.0,0.07,0.07,0.0,255,1,0.0,0.08,0.0,0.0,1.0,1.0,0.0,0.0,anomaly,normal,anomaly
15321,0,tcp,http,S0,0,0,0,0,0,0,0,0,0,0,0,0,0,0,0,0,0,0,68,19,1.0,1.0,0.0,0.0,0.28,0.06,0.0,255,59,0.23,0.03,0.01,0.0,1.0,1.0,0.0,0.0,anomaly,normal,anomaly
11006,0,tcp,sunrpc,S0,0,0,0,0,0,0,0,0,0,0,0,0,0,0,0,0,0,0,299,3,1.0,1.0,0.0,0.0,0.01,0.06,0.0,255,3,0.01,0.07,0.0,0.0,1.0,1.0,0.0,0.0,anomaly,normal,anomaly
227,0,tcp,kshell,S0,0,0,0,0,0,0,0,0,0,0,0,0,0,0,0,0,0,0,125,24,1.0,1.0,0.0,0.0,0.19,0.05,0.0,255,24,0.09,0.05,0.0,0.0,1.0,1.0,0.0,0.0,anomaly,normal,anomaly
17537,0,icmp,ecr_i,SF,520,0,0,0,0,0,0,0,0,0,0,0,0,0,0,0,0,0,174,174,0.0,0.0,0.0,0.0,1.0,0.0,0.0,255,255,1.0,0.0,1.0,0.0,0.0,0.0,0.0,0.0,anomaly,normal,anomaly
6050,0,tcp,private,REJ,0,0,0,0,0,0,0,0,0,0,0,0,0,0,0,0,0,0,299,20,0.0,0.0,1.0,1.0,0.07,0.06,0.0,255,20,0.08,0.08,0.01,0.0,0.0,0.0,1.0,1.0,anomaly,normal,anomaly
7713,0,tcp,ldap,REJ,0,0,0,0,0,0,0,0,0,0,0,0,0,0,0,0,0,0,147,18,0.0,0.0,1.0,1.0,0.12,0.05,0.0,255,18,0.07,0.06,0.0,0.0,0.0,0.0,1.0,1.0,anomaly,normal,anomaly
8924,0,tcp,ftp,SF,1248,2449,0,0,0,28,0,1,0,0,0,0,0,0,0,0,0,1,1,1,0.0,0.0,0.0,0.0,1.0,0.0,0.0,255,87,0.34,0.02,0.0,0.0,0.0,0.0,0.01,0.0,anomaly,normal,anomaly
12904,0,tcp,time,S0,0,0,0,0,0,0,0,0,0,0,0,0,0,0,0,0,0,0,235,19,1.0,1.0,0.0,0.0,0.08,0.05,0.0,255,19,0.07,0.06,0.0,0.0,1.0,1.0,0.0,0.0,anomaly,normal,anomaly
10013,0,tcp,private,S0,0,0,0,0,0,0,0,0,0,0,0,0,0,0,0,0,0,0,293,11,1.0,1.0,0.0,0.0,0.04,0.06,0.0,255,5,0.02,0.07,0.0,0.0,1.0,1.0,0.0,0.0,anomaly,normal,anomaly
10713,0,tcp,http_443,S0,0,0,0,0,0,0,0,0,0,0,0,0,0,0,0,0,0,0,140,20,1.0,1.0,0.0,0.0,0.14,0.05,0.0,255,20,0.08,0.06,0.0,0.0,1.0,1.0,0.0,0.0,anomaly,normal,anomaly
11062,0,tcp,login,S0,0,0,0,0,0,0,0,0,0,0,0,0,0,0,0,0,0,0,123,1,1.0,1.0,0.0,0.0,0.01,0.07,0.0,255,1,0.0,0.07,0.0,0.0,1.0,1.0,0.0,0.0,anomaly,normal,anomaly
4356,0,tcp,private,S0,0,0,0,0,0,0,0,0,0,0,0,0,0,0,0,0,0,0,125,8,1.0,1.0,0.0,0.0,0.06,0.05,0.0,255,8,0.03,0.06,0.0,0.0,1.0,1.0,0.0,0.0,anomaly,normal,anomaly
7447,0,tcp,private,S0,0,0,0,0,0,0,0,0,0,0,0,0,0,0,0,0,0,0,126,4,1.0,1.0,0.0,0.0,0.03,0.06,0.0,255,1,0.0,0.07,0.0,0.0,1.0,1.0,0.0,0.0,anomaly,normal,anomaly
24977,0,icmp,eco_i,SF,18,0,0,0,0,0,0,0,0,0,0,0,0,0,0,0,0,0,1,1,0.0,0.0,0.0,0.0,1.0,0.0,0.0,1,35,1.0,0.0,1.0,1.0,0.0,0.0,0.0,0.0,anomaly,normal,anomaly
23141,0,tcp,csnet_ns,S0,0,0,0,0,0,0,0,0,0,0,0,0,0,0,0,0,0,0,264,10,1.0,1.0,0.0,0.0,0.04,0.06,0.0,255,10,0.04,0.09,0.0,0.0,1.0,1.0,0.0,0.0,anomaly,normal,anomaly
1935,0,tcp,private,S0,0,0,0,0,0,0,0,0,0,0,0,0,0,0,0,0,0,0,279,11,1.0,1.0,0.0,0.0,0.04,0.05,0.0,255,2,0.01,0.08,0.0,0.0,1.0,1.0,0.0,0.0,anomaly,normal,anomaly
13512,0,icmp,eco_i,SF,8,0,0,0,0,0,0,0,0,0,0,0,0,0,0,0,0,0,1,5,0.0,0.0,0.0,0.0,1.0,0.0,1.0,2,148,1.0,0.0,1.0,0.5,0.0,0.0,0.0,0.0,anomaly,normal,anomaly
4871,0,tcp,private,S0,0,0,0,0,0,0,0,0,0,0,0,0,0,0,0,0,0,0,205,18,1.0,1.0,0.0,0.0,0.09,0.06,0.0,255,20,0.08,0.08,0.0,0.0,1.0,1.0,0.0,0.0,anomaly,normal,anomaly
849,0,tcp,telnet,S0,0,0,0,0,0,0,0,0,0,0,0,0,0,0,0,0,0,0,29,15,1.0,1.0,0.0,0.0,0.52,0.07,0.0,255,63,0.25,0.02,0.01,0.0,1.0,1.0,0.0,0.0,anomaly,normal,anomaly
24229,0,tcp,http_443,S0,0,0,0,0,0,0,0,0,0,0,0,0,0,0,0,0,0,0,238,5,1.0,1.0,0.0,0.0,0.02,0.06,0.0,255,5,0.02,0.07,0.0,0.0,1.0,1.0,0.0,0.0,anomaly,normal,anomaly
1320,0,tcp,nnsp,S0,0,0,0,0,0,0,0,0,0,0,0,0,0,0,0,0,0,0,276,5,1.0,1.0,0.0,0.0,0.02,0.05,0.0,255,5,0.02,0.05,0.0,0.0,1.0,1.0,0.0,0.0,anomaly,normal,anomaly
3190,0,tcp,private,S0,0,0,0,0,0,0,0,0,0,0,0,0,0,0,0,0,0,0,135,8,1.0,1.0,0.0,0.0,0.06,0.06,0.0,255,19,0.07,0.06,0.0,0.0,1.0,1.0,0.0,0.0,anomaly,normal,anomaly
9675,0,tcp,whois,REJ,0,0,0,0,0,0,0,0,0,0,0,0,0,0,0,0,0,0,73,1,0.0,0.0,1.0,1.0,0.01,0.55,0.0,243,1,0.0,0.17,0.3,0.0,0.01,0.0,0.5,1.0,anomaly,normal,anomaly
9541,0,tcp,private,S0,0,0,0,0,0,0,0,0,0,0,0,0,0,0,0,0,0,0,182,5,1.0,1.0,0.0,0.0,0.03,0.06,0.0,255,15,0.06,0.06,0.0,0.0,1.0,1.0,0.0,0.0,anomaly,normal,anomaly
8441,0,udp,private,SF,28,0,0,3,0,0,0,0,0,0,0,0,0,0,0,0,0,0,43,43,0.0,0.0,0.0,0.0,1.0,0.0,0.0,255,43,0.17,0.01,0.17,0.0,0.0,0.0,0.0,0.0,anomaly,normal,anomaly
11299,0,tcp,courier,S0,0,0,0,0,0,0,0,0,0,0,0,0,0,0,0,0,0,0,108,11,1.0,1.0,0.0,0.0,0.1,0.06,0.0,255,4,0.02,0.06,0.0,0.0,1.0,1.0,0.0,0.0,anomaly,normal,anomaly
8685,0,tcp,private,S0,0,0,0,0,0,0,0,0,0,0,0,0,0,0,0,0,0,0,200,7,1.0,1.0,0.0,0.0,0.04,0.06,0.0,255,8,0.03,0.07,0.0,0.0,1.0,1.0,0.0,0.0,anomaly,normal,anomaly
3431,0,tcp,ssh,S0,0,0,0,0,0,0,0,0,0,0,0,0,0,0,0,0,0,0,228,20,1.0,1.0,0.0,0.0,0.09,0.05,0.0,255,20,0.08,0.05,0.0,0.0,1.0,1.0,0.0,0.0,anomaly,normal,anomaly
339,0,tcp,private,REJ,0,0,0,0,0,0,0,0,0,0,0,0,0,0,0,0,0,0,139,10,0.0,0.0,1.0,1.0,0.07,0.06,0.0,255,6,0.02,0.09,0.0,0.0,0.0,0.0,1.0,1.0,anomaly,normal,anomaly
22038,0,tcp,iso_tsap,S0,0,0,0,0,0,0,0,0,0,0,0,0,0,0,0,0,0,0,294,17,1.0,1.0,0.0,0.0,0.06,0.06,0.0,255,3,0.01,0.07,0.0,0.0,1.0,1.0,0.0,0.0,anomaly,normal,anomaly
778,1,tcp,private,RSTR,0,0,0,0,0,0,0,0,0,0,0,0,0,0,0,0,0,0,65,2,0.0,0.0,1.0,1.0,0.03,0.54,0.0,235,2,0.01,0.15,0.28,0.0,0.01,0.0,0.49,1.0,anomaly,normal,anomaly
22458,0,tcp,Z39_50,S0,0,0,0,0,0,0,0,0,0,0,0,0,0,0,0,0,0,0,176,2,1.0,1.0,0.0,0.0,0.01,0.08,0.0,255,7,0.03,0.07,0.0,0.0,1.0,1.0,0.0,0.0,anomaly,normal,anomaly
1209,0,tcp,private,S0,0,0,0,0,0,0,0,0,0,0,0,0,0,0,0,0,0,0,289,17,1.0,1.0,0.0,0.0,0.06,0.06,0.0,255,15,0.06,0.08,0.0,0.0,1.0,1.0,0.0,0.0,anomaly,normal,anomaly
22674,0,tcp,http,S0,0,0,0,0,0,0,0,0,0,0,0,0,0,0,0,0,0,0,210,10,1.0,1.0,0.0,0.0,0.05,0.06,0.0,255,16,0.06,0.08,0.0,0.0,1.0,1.0,0.0,0.0,anomaly,normal,anomaly
13708,0,tcp,csnet_ns,S0,0,0,0,0,0,0,0,0,0,0,0,0,0,0,0,0,0,0,278,25,1.0,1.0,0.0,0.0,0.09,0.04,0.0,255,25,0.1,0.05,0.0,0.0,1.0,1.0,0.0,0.0,anomaly,normal,anomaly
6478,0,icmp,eco_i,SF,18,0,0,0,0,0,0,0,0,0,0,0,0,0,0,0,0,0,1,1,0.0,0.0,0.0,0.0,1.0,0.0,0.0,4,156,1.0,0.0,1.0,0.25,0.0,0.0,0.0,0.0,anomaly,normal,anomaly
12793,0,tcp,ldap,REJ,0,0,0,0,0,0,0,0,0,0,0,0,0,0,0,0,0,0,285,14,0.0,0.0,1.0,1.0,0.05,0.06,0.0,255,14,0.05,0.07,0.0,0.0,0.0,0.0,1.0,1.0,anomaly,normal,anomaly
13972,0,tcp,whois,REJ,0,0,0,0,0,0,0,0,0,0,0,0,0,0,0,0,0,0,235,16,0.0,0.0,1.0,1.0,0.07,0.06,0.0,255,16,0.06,0.06,0.0,0.0,0.0,0.0,1.0,1.0,anomaly,normal,anomaly
13166,0,tcp,private,S0,0,0,0,0,0,0,0,0,0,0,0,0,0,0,0,0,0,0,288,19,1.0,1.0,0.0,0.0,0.07,0.06,0.0,255,19,0.07,0.05,0.0,0.0,1.0,1.0,0.0,0.0,anomaly,normal,anomaly
5563,0,tcp,http,SF,54540,8314,0,0,0,2,0,1,1,0,0,0,0,0,0,0,0,0,4,4,0.0,0.0,0.25,0.25,1.0,0.0,0.0,255,255,1.0,0.0,0.0,0.0,0.0,0.0,0.03,0.03,anomaly,normal,anomaly
10230,0,tcp,private,S0,0,0,0,0,0,0,0,0,0,0,0,0,0,0,0,0,0,0,236,14,1.0,1.0,0.0,0.0,0.06,0.06,0.0,255,8,0.03,0.08,0.0,0.0,1.0,1.0,0.0,0.0,anomaly,normal,anomaly
7287,0,tcp,gopher,S0,0,0,0,0,0,0,0,0,0,0,0,0,0,0,0,0,0,0,83,2,0.78,1.0,0.22,0.0,0.02,0.37,0.0,255,2,0.01,0.12,0.33,0.0,0.25,1.0,0.07,0.0,anomaly,normal,anomaly
15710,0,tcp,ftp_data,S0,0,0,0,0,0,0,0,0,0,0,0,0,0,0,0,0,0,0,246,13,1.0,1.0,0.0,0.0,0.05,0.06,0.0,255,13,0.05,0.06,0.0,0.0,1.0,1.0,0.0,0.0,anomaly,normal,anomaly
5410,0,tcp,mtp,S0,0,0,0,0,0,0,0,0,0,0,0,0,0,0,0,0,0,0,199,14,1.0,1.0,0.0,0.0,0.07,0.05,0.0,255,14,0.05,0.05,0.0,0.0,1.0,1.0,0.0,0.0,anomaly,normal,anomaly
13580,0,tcp,uucp_path,S0,0,0,0,0,0,0,0,0,0,0,0,0,0,0,0,0,0,0,208,11,1.0,1.0,0.0,0.0,0.05,0.06,0.0,255,19,0.07,0.07,0.0,0.0,1.0,1.0,0.0,0.0,anomaly,normal,anomaly
22831,0,tcp,efs,S0,0,0,0,0,0,0,0,0,0,0,0,0,0,0,0,0,0,0,149,16,1.0,1.0,0.0,0.0,0.11,0.05,0.0,255,17,0.07,0.06,0.0,0.0,1.0,1.0,0.0,0.0,anomaly,normal,anomaly
9574,0,tcp,gopher,S0,0,0,0,0,0,0,0,0,0,0,0,0,0,0,0,0,0,0,268,22,1.0,1.0,0.0,0.0,0.08,0.05,0.0,255,22,0.09,0.05,0.0,0.0,1.0,1.0,0.0,0.0,anomaly,normal,anomaly
6071,0,tcp,discard,S0,0,0,0,0,0,0,0,0,0,0,0,0,0,0,0,0,0,0,108,8,1.0,1.0,0.0,0.0,0.07,0.06,0.0,255,8,0.03,0.06,0.0,0.0,1.0,1.0,0.0,0.0,anomaly,normal,anomaly
8820,0,tcp,http,SF,54540,8314,0,0,0,2,0,1,1,0,0,0,0,0,0,0,0,0,4,4,0.0,0.0,0.0,0.0,1.0,0.0,0.0,110,110,1.0,0.0,0.01,0.0,0.0,0.0,0.05,0.05,anomaly,normal,anomaly
2358,0,tcp,finger,S0,0,0,0,0,0,0,0,0,0,0,0,0,0,0,0,0,0,0,10,3,1.0,1.0,0.0,0.0,0.3,0.4,0.0,255,63,0.25,0.02,0.02,0.0,1.0,1.0,0.0,0.0,anomaly,normal,anomaly
8334,0,tcp,link,REJ,0,0,0,0,0,0,0,0,0,0,0,0,0,0,0,0,0,0,240,7,0.0,0.0,1.0,1.0,0.03,0.07,0.0,255,7,0.03,0.07,0.0,0.0,0.0,0.0,1.0,1.0,anomaly,normal,anomaly
14977,0,tcp,private,S0,0,0,0,0,0,0,0,0,0,0,0,0,0,0,0,0,0,0,201,13,1.0,1.0,0.0,0.0,0.06,0.07,0.0,255,13,0.05,0.06,0.0,0.0,1.0,1.0,0.0,0.0,anomaly,normal,anomaly
20466,0,udp,private,SF,1,0,0,0,0,0,0,0,0,0,0,0,0,0,0,0,0,0,10,2,0.0,0.0,0.0,0.0,0.2,0.4,0.0,255,2,0.01,0.71,0.38,0.0,0.0,0.0,0.62,0.0,anomaly,normal,anomaly
22760,0,tcp,auth,S0,0,0,0,0,0,0,0,0,0,0,0,0,0,0,0,0,0,0,287,24,1.0,1.0,0.0,0.0,0.08,0.05,0.0,255,24,0.09,0.05,0.0,0.0,1.0,1.0,0.0,0.0,anomaly,normal,anomaly
16862,0,tcp,echo,S0,0,0,0,0,0,0,0,0,0,0,0,0,0,0,0,0,0,0,174,13,1.0,1.0,0.0,0.0,0.07,0.06,0.0,255,13,0.05,0.06,0.0,0.0,1.0,1.0,0.0,0.0,anomaly,normal,anomaly
12811,0,tcp,private,S0,0,0,0,0,0,0,0,0,0,0,0,0,0,0,0,0,0,0,211,2,1.0,1.0,0.0,0.0,0.01,0.06,0.0,255,4,0.02,0.07,0.0,0.0,1.0,1.0,0.0,0.0,anomaly,normal,anomaly
18505,0,tcp,private,S0,0,0,0,0,0,0,0,0,0,0,0,0,0,0,0,0,0,0,108,17,1.0,1.0,0.0,0.0,0.16,0.06,0.0,255,3,0.01,0.07,0.0,0.0,1.0,1.0,0.0,0.0,anomaly,normal,anomaly
23916,0,tcp,login,RSTO,0,0,0,0,0,0,0,0,0,0,0,0,0,0,0,0,0,0,148,20,0.0,0.0,1.0,1.0,0.14,0.05,0.0,255,20,0.08,0.07,0.0,0.0,0.0,0.0,1.0,1.0,anomaly,normal,anomaly
3241,0,tcp,private,S0,0,0,0,0,0,0,0,0,0,0,0,0,0,0,0,0,0,0,188,16,1.0,1.0,0.0,0.0,0.09,0.05,0.0,255,16,0.06,0.05,0.0,0.0,1.0,1.0,0.0,0.0,anomaly,normal,anomaly
9529,0,tcp,http,S0,0,0,0,0,0,0,0,0,0,0,0,0,0,0,0,0,0,0,232,11,1.0,0.91,0.0,0.0,0.04,0.07,0.18,255,10,0.04,0.07,0.0,0.0,1.0,1.0,0.0,0.0,anomaly,normal,anomaly
18619,0,tcp,http,REJ,0,0,0,0,0,0,0,0,0,0,0,0,0,0,0,0,0,0,5,1,0.0,0.0,0.4,1.0,0.2,0.6,0.0,158,1,0.01,0.07,0.01,0.0,0.01,0.0,0.01,1.0,anomaly,normal,anomaly
8935,0,tcp,ftp,S0,0,0,0,0,0,0,0,0,0,0,0,0,0,0,0,0,0,0,233,7,1.0,1.0,0.0,0.0,0.03,0.06,0.0,255,7,0.03,0.07,0.0,0.0,1.0,1.0,0.0,0.0,anomaly,normal,anomaly
4172,0,tcp,gopher,S0,0,0,0,0,0,0,0,0,0,0,0,0,0,0,0,0,0,0,212,6,1.0,1.0,0.0,0.0,0.03,0.08,0.0,255,6,0.02,0.08,0.0,0.0,1.0,1.0,0.0,0.0,anomaly,normal,anomaly
19460,0,tcp,daytime,S0,0,0,0,0,0,0,0,0,0,0,0,0,0,0,0,0,0,0,277,9,1.0,1.0,0.0,0.0,0.03,0.05,0.0,255,9,0.04,0.05,0.0,0.0,1.0,1.0,0.0,0.0,anomaly,normal,anomaly
14762,0,tcp,efs,S0,0,0,0,0,0,0,0,0,0,0,0,0,0,0,0,0,0,0,143,15,1.0,1.0,0.0,0.0,0.1,0.06,0.0,255,15,0.06,0.06,0.0,0.0,1.0,1.0,0.0,0.0,anomaly,normal,anomaly
20954,0,tcp,csnet_ns,S0,0,0,0,0,0,0,0,0,0,0,0,0,0,0,0,0,0,0,200,9,1.0,1.0,0.0,0.0,0.05,0.06,0.0,255,10,0.04,0.08,0.0,0.0,1.0,1.0,0.0,0.0,anomaly,normal,anomaly
25001,0,tcp,imap4,S0,0,0,0,0,0,0,0,0,0,0,0,0,0,0,0,0,0,0,196,17,1.0,1.0,0.0,0.0,0.09,0.06,0.0,255,17,0.07,0.06,0.0,0.0,1.0,1.0,0.0,0.0,anomaly,normal,anomaly
23245,0,tcp,auth,S0,0,0,0,0,0,0,0,0,0,0,0,0,0,0,0,0,0,0,270,16,1.0,1.0,0.0,0.0,0.06,0.06,0.0,255,16,0.06,0.06,0.0,0.0,1.0,1.0,0.0,0.0,anomaly,normal,anomaly
5788,0,tcp,efs,S0,0,0,0,0,0,0,0,0,0,0,0,0,0,0,0,0,0,0,145,15,1.0,1.0,0.0,0.0,0.1,0.06,0.0,255,15,0.06,0.06,0.0,0.0,1.0,1.0,0.0,0.0,anomaly,normal,anomaly
12274,0,icmp,eco_i,SF,8,0,0,0,0,0,0,0,0,0,0,0,0,0,0,0,0,0,1,13,0.0,0.0,0.0,0.0,1.0,0.0,1.0,2,58,1.0,0.0,1.0,0.5,0.0,0.0,0.0,0.0,anomaly,normal,anomaly
15261,0,tcp,finger,S0,0,0,0,0,0,0,0,0,0,0,0,0,0,0,0,0,0,0,4,2,1.0,1.0,0.0,0.0,0.5,0.75,0.0,255,42,0.16,0.05,0.0,0.0,1.0,1.0,0.0,0.0,anomaly,normal,anomaly
15979,0,tcp,link,S0,0,0,0,0,0,0,0,0,0,0,0,0,0,0,0,0,0,0,264,7,1.0,1.0,0.0,0.0,0.03,0.06,0.0,255,7,0.03,0.08,0.0,0.0,1.0,1.0,0.0,0.0,anomaly,normal,anomaly
12189,0,tcp,private,S0,0,0,0,0,0,0,0,0,0,0,0,0,0,0,0,0,0,0,156,19,1.0,1.0,0.0,0.0,0.12,0.05,0.0,255,5,0.02,0.07,0.0,0.0,1.0,1.0,0.0,0.0,anomaly,normal,anomaly
12918,0,tcp,private,S0,0,0,0,0,0,0,0,0,0,0,0,0,0,0,0,0,0,0,115,14,1.0,1.0,0.0,0.0,0.12,0.06,0.0,151,7,0.05,0.11,0.01,0.0,1.0,1.0,0.0,0.0,anomaly,normal,anomaly
8193,0,tcp,whois,S0,0,0,0,0,0,0,0,0,0,0,0,0,0,0,0,0,0,0,146,6,1.0,1.0,0.0,0.0,0.04,0.05,0.0,255,3,0.01,0.07,0.0,0.0,1.0,1.0,0.0,0.0,anomaly,normal,anomaly
12147,0,tcp,private,S0,0,0,0,0,0,0,0,0,0,0,0,0,0,0,0,0,0,0,104,3,1.0,1.0,0.0,0.0,0.03,0.07,0.0,255,2,0.01,0.07,0.0,0.0,1.0,1.0,0.0,0.0,anomaly,normal,anomaly
24463,0,tcp,bgp,S0,0,0,0,0,0,0,0,0,0,0,0,0,0,0,0,0,0,0,200,2,1.0,1.0,0.0,0.0,0.01,0.07,0.0,255,2,0.01,0.08,0.0,0.0,1.0,1.0,0.0,0.0,anomaly,normal,anomaly
148,0,tcp,ftp_data,SF,334,0,0,0,0,0,0,1,0,0,0,0,0,0,0,0,0,0,2,2,0.0,0.0,0.0,0.0,1.0,0.0,0.0,6,26,1.0,0.0,1.0,0.19,0.0,0.0,0.0,0.0,anomaly,normal,anomaly
23481,0,tcp,private,RSTR,0,0,0,0,0,0,0,0,0,0,0,0,0,0,0,0,0,0,1,1,0.0,0.0,1.0,1.0,1.0,0.0,0.0,175,1,0.01,0.07,0.04,0.0,0.0,0.0,0.05,1.0,anomaly,normal,anomaly
13416,0,tcp,private,S0,0,0,0,0,0,0,0,0,0,0,0,0,0,0,0,0,0,0,190,12,1.0,1.0,0.0,0.0,0.06,0.05,0.0,131,12,0.09,0.08,0.01,0.0,0.89,1.0,0.01,0.0,anomaly,normal,anomaly
20824,0,tcp,csnet_ns,S0,0,0,0,0,0,0,0,0,0,0,0,0,0,0,0,0,0,0,264,4,1.0,1.0,0.0,0.0,0.02,0.05,0.0,255,4,0.02,0.05,0.0,0.0,1.0,1.0,0.0,0.0,anomaly,normal,anomaly
13179,0,tcp,domain,S0,0,0,0,0,0,0,0,0,0,0,0,0,0,0,0,0,0,0,260,3,1.0,1.0,0.0,0.0,0.01,0.06,0.0,255,12,0.05,0.08,0.0,0.0,1.0,1.0,0.0,0.0,anomaly,normal,anomaly
6720,0,tcp,telnet,RSTO,0,0,0,0,0,0,0,0,0,0,0,0,0,0,0,0,0,0,224,12,0.0,0.0,1.0,1.0,0.05,0.07,0.0,255,12,0.05,0.09,0.0,0.0,0.0,0.0,1.0,1.0,anomaly,normal,anomaly
10443,0,tcp,private,S0,0,0,0,0,0,0,0,0,0,0,0,0,0,0,0,0,0,0,67,3,1.0,1.0,0.0,0.0,0.04,0.07,0.0,255,15,0.06,0.07,0.0,0.0,1.0,1.0,0.0,0.0,anomaly,normal,anomaly
15899,0,tcp,private,REJ,0,0,0,0,0,0,0,0,0,0,0,0,0,0,0,0,0,0,227,6,0.0,0.0,1.0,1.0,0.03,0.07,0.0,255,6,0.02,0.07,0.0,0.0,0.0,0.0,1.0,1.0,anomaly,normal,anomaly
8663,0,icmp,eco_i,SF,8,0,0,0,0,0,0,0,0,0,0,0,0,0,0,0,0,0,1,51,0.0,0.0,0.0,0.0,1.0,0.0,1.0,2,10,1.0,0.0,1.0,0.6,0.0,0.0,0.0,0.0,anomaly,normal,anomaly
8460,0,tcp,klogin,REJ,0,0,0,0,0,0,0,0,0,0,0,0,0,0,0,0,0,0,145,18,0.0,0.0,1.0,1.0,0.12,0.06,0.0,255,18,0.07,0.06,0.0,0.0,0.0,0.0,1.0,1.0,anomaly,normal,anomaly
1396,0,tcp,ssh,S0,0,0,0,0,0,0,0,0,0,0,0,0,0,0,0,0,0,0,108,11,1.0,1.0,0.0,0.0,0.1,0.05,0.0,255,11,0.04,0.07,0.0,0.0,1.0,1.0,0.0,0.0,anomaly,normal,anomaly
22672,0,icmp,eco_i,SF,8,0,0,0,0,0,0,0,0,0,0,0,0,0,0,0,0,0,1,17,0.0,0.0,0.0,0.0,1.0,0.0,1.0,2,100,1.0,0.0,1.0,0.5,0.0,0.0,0.0,0.0,anomaly,normal,anomaly
15647,0,tcp,netbios_dgm,REJ,0,0,0,0,0,0,0,0,0,0,0,0,0,0,0,0,0,0,235,4,0.0,0.0,1.0,1.0,0.02,0.07,0.0,255,4,0.02,0.07,0.0,0.0,0.0,0.0,1.0,1.0,anomaly,normal,anomaly
22418,0,tcp,csnet_ns,S0,0,0,0,0,0,0,0,0,0,0,0,0,0,0,0,0,0,0,207,1,1.0,1.0,0.0,0.0,0.0,0.07,0.0,255,1,0.0,0.09,0.0,0.0,1.0,1.0,0.0,0.0,anomaly,normal,anomaly
13030,0,tcp,finger,S0,0,0,0,0,0,0,0,0,0,0,0,0,0,0,0,0,0,0,26,13,1.0,1.0,0.0,0.0,0.5,0.08,0.0,186,56,0.28,0.02,0.01,0.04,1.0,0.95,0.0,0.0,anomaly,normal,anomaly
10841,0,tcp,private,S0,0,0,0,0,0,0,0,0,0,0,0,0,0,0,0,0,0,0,226,11,1.0,1.0,0.0,0.0,0.05,0.07,0.0,255,11,0.04,0.09,0.0,0.0,1.0,1.0,0.0,0.0,anomaly,normal,anomaly
19055,0,tcp,http,SF,54540,8314,0,0,0,2,0,1,1,0,0,0,0,0,0,0,0,0,1,2,0.0,0.0,0.0,0.5,1.0,0.0,1.0,255,255,1.0,0.0,0.0,0.0,0.0,0.0,0.04,0.04,anomaly,normal,anomaly
8557,0,tcp,private,S0,0,0,0,0,0,0,0,0,0,0,0,0,0,0,0,0,0,0,199,7,1.0,1.0,0.0,0.0,0.04,0.06,0.0,255,7,0.03,0.07,0.0,0.0,1.0,1.0,0.0,0.0,anomaly,normal,anomaly
3126,0,tcp,private,S0,0,0,0,0,0,0,0,0,0,0,0,0,0,0,0,0,0,0,112,9,1.0,1.0,0.0,0.0,0.08,0.07,0.0,255,2,0.01,0.07,0.0,0.0,1.0,1.0,0.0,0.0,anomaly,normal,anomaly
24040,0,tcp,netstat,S0,0,0,0,0,0,0,0,0,0,0,0,0,0,0,0,0,0,0,275,9,1.0,1.0,0.0,0.0,0.03,0.05,0.0,255,4,0.02,0.09,0.0,0.0,1.0,1.0,0.0,0.0,anomaly,normal,anomaly
8724,0,tcp,private,REJ,0,0,0,0,0,0,0,0,0,0,0,0,0,0,0,0,0,0,259,1,0.08,0.0,0.87,1.0,0.0,1.0,0.0,255,1,0.0,1.0,0.0,0.0,0.08,0.0,0.87,1.0,anomaly,normal,anomaly
18992,0,icmp,eco_i,SF,8,0,0,0,0,0,0,0,0,0,0,0,0,0,0,0,0,0,1,27,0.0,0.0,0.0,0.0,1.0,0.0,1.0,4,120,1.0,0.0,1.0,0.25,0.0,0.0,0.0,0.0,anomaly,normal,anomaly
19223,0,tcp,private,S0,0,0,0,0,0,0,0,0,0,0,0,0,0,0,0,0,0,0,276,6,1.0,1.0,0.0,0.0,0.02,0.05,0.0,255,15,0.06,0.07,0.0,0.0,1.0,1.0,0.0,0.0,anomaly,normal,anomaly
24639,0,tcp,netbios_ns,S0,0,0,0,0,0,0,0,0,0,0,0,0,0,0,0,0,0,0,81,1,1.0,1.0,0.0,0.0,0.01,0.06,0.0,255,17,0.07,0.07,0.0,0.0,1.0,1.0,0.0,0.0,anomaly,normal,anomaly
2599,0,tcp,private,REJ,0,0,0,0,0,0,0,0,0,0,0,0,0,0,0,0,0,0,188,1,0.02,0.0,0.95,1.0,0.01,1.0,0.0,255,1,0.0,0.76,0.0,0.0,0.01,0.0,0.71,1.0,anomaly,normal,anomaly
13644,0,tcp,private,REJ,0,0,0,0,0,0,0,0,0,0,0,0,0,0,0,0,0,0,226,15,0.0,0.0,1.0,1.0,0.07,0.07,0.0,255,15,0.06,0.07,0.0,0.0,0.0,0.0,1.0,1.0,anomaly,normal,anomaly
18500,0,tcp,private,REJ,0,0,0,0,0,0,0,0,0,0,0,0,0,0,0,0,0,0,43,1,0.02,0.0,0.88,1.0,0.02,1.0,0.0,255,1,0.0,0.2,0.0,0.0,0.0,0.0,0.16,1.0,anomaly,normal,anomaly
10690,0,tcp,private,S0,0,0,0,0,0,0,0,0,0,0,0,0,0,0,0,0,0,0,160,15,1.0,1.0,0.0,0.0,0.09,0.08,0.0,255,15,0.06,0.06,0.0,0.0,1.0,1.0,0.0,0.0,anomaly,normal,anomaly
631,0,tcp,csnet_ns,REJ,0,0,0,0,0,0,0,0,0,0,0,0,0,0,0,0,0,0,2,1,0.0,0.0,1.0,1.0,0.5,1.0,0.0,255,1,0.0,1.0,1.0,0.0,0.0,0.0,1.0,1.0,anomaly,normal,anomaly
19107,0,tcp,http_443,S0,0,0,0,0,0,0,0,0,0,0,0,0,0,0,0,0,0,0,106,4,1.0,1.0,0.0,0.0,0.04,0.07,0.0,255,15,0.06,0.06,0.0,0.0,1.0,1.0,0.0,0.0,anomaly,normal,anomaly
15589,0,tcp,kshell,S0,0,0,0,0,0,0,0,0,0,0,0,0,0,0,0,0,0,0,104,1,1.0,1.0,0.0,0.0,0.01,0.07,0.0,255,19,0.07,0.05,0.0,0.0,1.0,1.0,0.0,0.0,anomaly,normal,anomaly
12999,0,tcp,private,S0,0,0,0,0,0,0,0,0,0,0,0,0,0,0,0,0,0,0,236,11,1.0,1.0,0.0,0.0,0.05,0.07,0.0,255,17,0.07,0.07,0.0,0.0,1.0,1.0,0.0,0.0,anomaly,normal,anomaly
15395,0,tcp,telnet,RSTO,125,179,0,0,0,1,1,0,0,0,0,0,0,0,0,0,0,0,2,2,0.0,0.0,1.0,1.0,1.0,0.0,0.0,3,3,1.0,0.0,0.33,0.0,0.33,0.33,0.67,0.67,anomaly,normal,anomaly
3519,0,tcp,private,S0,0,0,0,0,0,0,0,0,0,0,0,0,0,0,0,0,0,0,297,8,1.0,1.0,0.0,0.0,0.03,0.05,0.0,255,3,0.01,0.07,0.0,0.0,1.0,1.0,0.0,0.0,anomaly,normal,anomaly
5881,0,tcp,name,S0,0,0,0,0,0,0,0,0,0,0,0,0,0,0,0,0,0,0,272,19,1.0,1.0,0.0,0.0,0.07,0.07,0.0,255,6,0.02,0.05,0.0,0.0,1.0,1.0,0.0,0.0,anomaly,normal,anomaly
13373,0,tcp,private,S0,0,0,0,0,0,0,0,0,0,0,0,0,0,0,0,0,0,0,245,1,1.0,1.0,0.0,0.0,0.0,0.07,0.0,255,18,0.07,0.07,0.0,0.0,1.0,1.0,0.0,0.0,anomaly,normal,anomaly
16971,0,tcp,auth,S0,0,0,0,0,0,0,0,0,0,0,0,0,0,0,0,0,0,0,255,10,1.0,1.0,0.0,0.0,0.04,0.06,0.0,255,10,0.04,0.07,0.0,0.0,1.0,1.0,0.0,0.0,anomaly,normal,anomaly
14974,0,tcp,uucp_path,S0,0,0,0,0,0,0,0,0,0,0,0,0,0,0,0,0,0,0,121,3,1.0,1.0,0.0,0.0,0.02,0.07,0.0,255,3,0.01,0.06,0.0,0.0,1.0,1.0,0.0,0.0,anomaly,normal,anomaly
10485,0,tcp,private,S0,0,0,0,0,0,0,0,0,0,0,0,0,0,0,0,0,0,0,14,5,1.0,1.0,0.0,0.0,0.36,0.29,0.0,255,6,0.02,0.08,0.0,0.0,1.0,1.0,0.0,0.0,anomaly,normal,anomaly
18887,0,tcp,gopher,S0,0,0,0,0,0,0,0,0,0,0,0,0,0,0,0,0,0,0,145,20,1.0,1.0,0.0,0.0,0.14,0.06,0.0,255,20,0.08,0.07,0.0,0.0,1.0,1.0,0.0,0.0,anomaly,normal,anomaly
21518,0,tcp,uucp_path,S0,0,0,0,0,0,0,0,0,0,0,0,0,0,0,0,0,0,0,216,11,1.0,1.0,0.0,0.0,0.05,0.06,0.0,255,16,0.06,0.07,0.0,0.0,1.0,1.0,0.0,0.0,anomaly,normal,anomaly
21656,0,tcp,http,RSTR,54540,8314,0,0,0,2,0,1,1,0,0,0,0,0,0,0,0,0,4,6,0.0,0.0,0.5,0.67,1.0,0.0,0.5,255,255,1.0,0.0,0.01,0.0,0.01,0.01,0.04,0.04,anomaly,normal,anomaly
9728,0,tcp,bgp,S0,0,0,0,0,0,0,0,0,0,0,0,0,0,0,0,0,0,0,276,17,1.0,1.0,0.0,0.0,0.06,0.07,0.0,255,17,0.07,0.08,0.0,0.0,1.0,1.0,0.0,0.0,anomaly,normal,anomaly
24976,0,tcp,iso_tsap,REJ,0,0,0,0,0,0,0,0,0,0,0,0,0,0,0,0,0,0,177,11,0.0,0.0,1.0,1.0,0.06,0.07,0.0,255,11,0.04,0.07,0.0,0.0,0.0,0.0,1.0,1.0,anomaly,normal,anomaly
22283,0,icmp,eco_i,SF,8,0,0,0,0,0,0,0,0,0,0,0,0,0,0,0,0,0,1,26,0.0,0.0,0.0,0.0,1.0,0.0,1.0,2,48,1.0,0.0,1.0,0.5,0.0,0.0,0.0,0.0,anomaly,normal,anomaly
21004,0,tcp,private,S0,0,0,0,0,0,0,0,0,0,0,0,0,0,0,0,0,0,0,159,25,1.0,1.0,0.0,0.0,0.16,0.06,0.0,255,25,0.1,0.05,0.0,0.0,1.0,1.0,0.0,0.0,anomaly,normal,anomaly
21923,0,tcp,nntp,RSTO,0,0,0,0,0,0,0,0,0,0,0,0,0,0,0,0,0,0,168,2,0.0,0.0,1.0,1.0,0.01,0.07,0.0,255,2,0.01,0.07,0.0,0.0,0.0,0.0,1.0,1.0,anomaly,normal,anomaly
11296,0,tcp,private,S0,0,0,0,0,0,0,0,0,0,0,0,0,0,0,0,0,0,0,209,25,1.0,1.0,0.0,0.0,0.12,0.05,0.0,255,25,0.1,0.05,0.0,0.0,1.0,1.0,0.0,0.0,anomaly,normal,anomaly
8987,0,tcp,ftp_data,SF,334,0,0,0,0,0,0,1,0,0,0,0,0,0,0,0,0,0,1,1,0.0,0.0,0.0,0.0,1.0,0.0,0.0,3,9,1.0,0.0,1.0,0.44,0.0,0.0,0.0,0.0,anomaly,normal,anomaly
4897,0,tcp,private,REJ,0,0,0,0,0,0,0,0,0,0,0,0,0,0,0,0,0,0,33,10,0.0,0.0,1.0,1.0,0.3,0.09,0.0,255,7,0.03,0.07,0.0,0.0,0.0,0.0,1.0,1.0,anomaly,normal,anomaly
8127,0,tcp,kshell,S0,0,0,0,0,0,0,0,0,0,0,0,0,0,0,0,0,0,0,121,19,1.0,1.0,0.0,0.0,0.16,0.06,0.0,255,10,0.04,0.06,0.0,0.0,1.0,1.0,0.0,0.0,anomaly,normal,anomaly
17518,0,tcp,private,S0,0,0,0,0,0,0,0,0,0,0,0,0,0,0,0,0,0,0,102,16,1.0,1.0,0.0,0.0,0.16,0.06,0.0,255,2,0.01,0.07,0.0,0.0,1.0,1.0,0.0,0.0,anomaly,normal,anomaly
6926,0,tcp,private,S0,0,0,0,0,0,0,0,0,0,0,0,0,0,0,0,0,0,0,134,1,1.0,1.0,0.0,0.0,0.01,0.06,0.0,255,16,0.06,0.06,0.0,0.0,1.0,1.0,0.0,0.0,anomaly,normal,anomaly
14427,0,tcp,finger,S0,0,0,0,0,0,0,0,0,0,0,0,0,0,0,0,0,0,0,59,18,1.0,1.0,0.0,0.0,0.31,0.07,0.0,255,66,0.26,0.02,0.0,0.0,1.0,1.0,0.0,0.0,anomaly,normal,anomaly
24875,0,tcp,private,S0,0,0,0,0,0,0,0,0,0,0,0,0,0,0,0,0,0,0,65,4,1.0,1.0,0.0,0.0,0.06,0.09,0.0,255,24,0.09,0.05,0.0,0.0,1.0,1.0,0.0,0.0,anomaly,normal,anomaly
11697,0,udp,private,SF,1,0,0,0,0,0,0,0,0,0,0,0,0,0,0,0,0,0,59,32,0.0,0.0,0.0,0.0,0.54,0.07,0.0,255,97,0.38,0.06,1.0,0.0,0.0,0.0,0.0,0.0,anomaly,normal,anomaly
5479,0,tcp,ftp,SF,1242,2449,0,0,0,28,0,1,0,0,0,0,0,0,0,0,0,1,1,1,0.0,0.0,0.0,0.0,1.0,0.0,0.0,109,7,0.06,0.06,0.01,0.0,0.02,0.0,0.07,0.0,anomaly,normal,anomaly
13888,2,tcp,ftp_data,SF,2194619,0,0,0,0,0,0,1,0,0,0,0,0,0,0,0,0,0,1,1,0.0,0.0,0.0,0.0,1.0,0.0,0.0,144,25,0.17,0.03,0.17,0.0,0.0,0.0,0.0,0.0,normal,anomaly,normal
11177,0,tcp,courier,S0,0,0,0,0,0,0,0,0,0,0,0,0,0,0,0,0,0,0,118,6,1.0,1.0,0.0,0.0,0.05,0.07,0.0,255,1,0.0,0.07,0.0,0.0,1.0,1.0,0.0,0.0,anomaly,normal,anomaly
2063,0,tcp,private,S0,0,0,0,0,0,0,0,0,0,0,0,0,0,0,0,0,0,0,120,10,1.0,1.0,0.0,0.0,0.08,0.06,0.0,255,6,0.02,0.06,0.0,0.0,1.0,1.0,0.0,0.0,anomaly,normal,anomaly
3632,0,tcp,finger,S0,0,0,0,0,0,0,0,0,0,0,0,0,0,0,0,0,0,0,257,24,1.0,1.0,0.0,0.0,0.09,0.05,0.0,255,24,0.09,0.05,0.0,0.0,1.0,1.0,0.0,0.0,anomaly,normal,anomaly
1381,1,tcp,systat,RSTOS0,0,0,0,0,0,0,0,0,0,0,0,0,0,0,0,0,0,0,222,2,0.64,0.5,0.36,0.5,0.01,0.42,0.0,255,2,0.01,0.36,0.87,0.0,0.55,0.5,0.32,0.5,anomaly,normal,anomaly
21102,0,tcp,private,S0,0,0,0,0,0,0,0,0,0,0,0,0,0,0,0,0,0,0,151,20,1.0,1.0,0.0,0.0,0.13,0.05,0.0,255,20,0.08,0.06,0.0,0.0,1.0,1.0,0.0,0.0,anomaly,normal,anomaly
17100,0,tcp,telnet,S0,0,0,0,0,0,0,0,0,0,0,0,0,0,0,0,0,0,0,9,3,1.0,1.0,0.0,0.0,0.33,0.33,0.0,255,63,0.25,0.02,0.01,0.0,1.0,1.0,0.0,0.0,anomaly,normal,anomaly
21107,0,tcp,ldap,S0,0,0,0,0,0,0,0,0,0,0,0,0,0,0,0,0,0,0,147,19,1.0,1.0,0.0,0.0,0.13,0.05,0.0,255,19,0.07,0.06,0.0,0.0,1.0,1.0,0.0,0.0,anomaly,normal,anomaly
9828,0,tcp,http,SF,54540,8314,0,0,0,2,0,1,1,0,0,0,0,0,0,0,0,0,3,5,0.0,0.0,0.0,0.4,1.0,0.0,0.6,255,255,1.0,0.0,0.0,0.0,0.01,0.01,0.04,0.04,anomaly,normal,anomaly
4940,0,tcp,nnsp,S0,0,0,0,0,0,0,0,0,0,0,0,0,0,0,0,0,0,0,146,6,1.0,1.0,0.0,0.0,0.04,0.05,0.0,255,4,0.02,0.07,0.0,0.0,1.0,1.0,0.0,0.0,anomaly,normal,anomaly
21104,0,tcp,other,REJ,0,0,0,0,0,0,0,0,0,0,0,0,0,0,0,0,0,0,313,1,0.1,0.0,0.89,1.0,0.0,1.0,0.0,255,1,0.0,1.0,0.0,0.0,0.09,0.0,0.9,1.0,anomaly,normal,anomaly
16591,0,tcp,ssh,S0,0,0,0,0,0,0,0,0,0,0,0,0,0,0,0,0,0,0,300,20,1.0,1.0,0.0,0.0,0.07,0.06,0.0,255,20,0.08,0.06,0.0,0.0,1.0,1.0,0.0,0.0,anomaly,normal,anomaly
20190,0,tcp,bgp,S0,0,0,0,0,0,0,0,0,0,0,0,0,0,0,0,0,0,0,253,19,1.0,1.0,0.0,0.0,0.08,0.06,0.0,255,3,0.01,0.06,0.0,0.0,1.0,1.0,0.0,0.0,anomaly,normal,anomaly
24430,0,tcp,imap4,S0,0,0,0,0,0,0,0,0,0,0,0,0,0,0,0,0,0,0,157,15,1.0,1.0,0.0,0.0,0.1,0.07,0.0,255,15,0.06,0.07,0.0,0.0,1.0,1.0,0.0,0.0,anomaly,normal,anomaly
9923,0,icmp,eco_i,SF,8,0,0,0,0,0,0,0,0,0,0,0,0,0,0,0,0,0,1,49,0.0,0.0,0.0,0.0,1.0,0.0,1.0,1,25,1.0,0.0,1.0,0.56,0.0,0.0,0.0,0.0,anomaly,normal,anomaly
13736,0,tcp,nnsp,S0,0,0,0,0,0,0,0,0,0,0,0,0,0,0,0,0,0,0,284,21,1.0,1.0,0.0,0.0,0.07,0.05,0.0,255,21,0.08,0.07,0.0,0.0,1.0,1.0,0.0,0.0,anomaly,normal,anomaly
7552,0,tcp,private,S0,0,0,0,0,0,0,0,0,0,0,0,0,0,0,0,0,0,0,76,24,1.0,1.0,0.0,0.0,0.32,0.05,0.0,255,21,0.08,0.05,0.0,0.0,1.0,1.0,0.0,0.0,anomaly,normal,anomaly
19789,0,tcp,csnet_ns,REJ,0,0,0,0,0,0,0,0,0,0,0,0,0,0,0,0,0,0,241,17,0.0,0.0,1.0,1.0,0.07,0.07,0.0,255,17,0.07,0.07,0.0,0.0,0.0,0.0,1.0,1.0,anomaly,normal,anomaly
24889,0,tcp,private,S0,0,0,0,0,0,0,0,0,0,0,0,0,0,0,0,0,0,0,190,19,1.0,1.0,0.0,0.0,0.1,0.06,0.0,255,7,0.03,0.07,0.0,0.0,1.0,1.0,0.0,0.0,anomaly,normal,anomaly
24586,0,tcp,whois,S0,0,0,0,0,0,0,0,0,0,0,0,0,0,0,0,0,0,0,251,19,1.0,1.0,0.0,0.0,0.08,0.06,0.0,255,19,0.07,0.07,0.0,0.0,1.0,1.0,0.0,0.0,anomaly,normal,anomaly
1165,0,icmp,eco_i,SF,8,0,0,0,0,0,0,0,0,0,0,0,0,0,0,0,0,0,1,9,0.0,0.0,0.0,0.0,1.0,0.0,1.0,2,106,1.0,0.0,1.0,0.51,0.0,0.0,0.0,0.0,anomaly,normal,anomaly
1770,0,udp,private,SF,28,0,0,3,0,0,0,0,0,0,0,0,0,0,0,0,0,0,49,49,0.0,0.0,0.0,0.0,1.0,0.0,0.0,252,49,0.19,0.04,0.19,0.0,0.02,0.0,0.0,0.0,anomaly,normal,anomaly
5853,0,tcp,private,S0,0,0,0,0,0,0,0,0,0,0,0,0,0,0,0,0,0,0,108,17,1.0,1.0,0.0,0.0,0.16,0.06,0.0,161,17,0.11,0.07,0.01,0.0,1.0,1.0,0.0,0.0,anomaly,normal,anomaly
4563,0,tcp,http_443,S0,0,0,0,0,0,0,0,0,0,0,0,0,0,0,0,0,0,0,118,1,1.0,1.0,0.0,0.0,0.01,0.07,0.0,255,1,0.0,0.07,0.0,0.0,1.0,1.0,0.0,0.0,anomaly,normal,anomaly
16853,10395,tcp,IRC,RSTR,2335,8163,0,0,0,0,0,1,0,0,0,0,0,0,0,0,0,0,2,1,0.0,0.0,0.5,1.0,0.5,1.0,0.0,162,16,0.1,0.01,0.01,0.0,0.0,0.0,0.07,0.75,normal,anomaly,normal
1418,0,tcp,ftp_data,S0,0,0,0,0,0,0,0,0,0,0,0,0,0,0,0,0,0,0,246,7,1.0,1.0,0.0,0.0,0.03,0.07,0.0,255,7,0.03,0.07,0.0,0.0,1.0,1.0,0.0,0.0,anomaly,normal,anomaly
18353,0,tcp,finger,S0,0,0,0,0,0,0,0,0,0,0,0,0,0,0,0,0,0,0,24,6,1.0,1.0,0.0,0.0,0.25,0.17,0.0,255,64,0.25,0.02,0.01,0.0,1.0,1.0,0.0,0.0,anomaly,normal,anomaly
17342,0,icmp,eco_i,SF,8,0,0,0,0,0,0,0,0,0,0,0,0,0,0,0,0,0,1,18,0.0,0.0,0.0,0.0,1.0,0.0,1.0,1,201,1.0,0.0,1.0,0.5,0.0,0.0,0.0,0.0,anomaly,normal,anomaly
18050,0,tcp,kshell,REJ,0,0,0,0,0,0,0,0,0,0,0,0,0,0,0,0,0,0,147,20,0.0,0.0,1.0,1.0,0.14,0.06,0.0,255,20,0.08,0.06,0.0,0.0,0.0,0.0,1.0,1.0,anomaly,normal,anomaly
5081,0,tcp,finger,S0,0,0,0,0,0,0,0,0,0,0,0,0,0,0,0,0,0,0,39,9,1.0,1.0,0.0,0.0,0.23,0.1,0.0,255,62,0.24,0.02,0.0,0.0,1.0,1.0,0.0,0.0,anomaly,normal,anomaly
23118,0,tcp,private,S0,0,0,0,0,0,0,0,0,0,0,0,0,0,0,0,0,0,0,149,6,1.0,1.0,0.0,0.0,0.04,0.06,0.0,255,4,0.02,0.07,0.0,0.0,1.0,1.0,0.0,0.0,anomaly,normal,anomaly
4892,0,tcp,ctf,S0,0,0,0,0,0,0,0,0,0,0,0,0,0,0,0,0,0,0,142,3,1.0,1.0,0.0,0.0,0.02,0.06,0.0,255,3,0.01,0.07,0.0,0.0,1.0,1.0,0.0,0.0,anomaly,normal,anomaly
12540,0,tcp,telnet,S0,0,0,0,0,0,0,0,0,0,0,0,0,0,0,0,0,0,0,40,9,1.0,1.0,0.0,0.0,0.22,0.1,0.0,255,64,0.25,0.02,0.01,0.0,1.0,1.0,0.0,0.0,anomaly,normal,anomaly
11032,0,tcp,private,S0,0,0,0,0,0,0,0,0,0,0,0,0,0,0,0,0,0,0,12,5,1.0,1.0,0.0,0.0,0.42,0.33,0.0,255,13,0.05,0.09,0.0,0.0,1.0,1.0,0.0,0.0,anomaly,normal,anomaly
16368,0,icmp,eco_i,SF,8,0,0,0,0,0,0,0,0,0,0,0,0,0,0,0,0,0,1,4,0.0,0.0,0.0,0.0,1.0,0.0,1.0,2,138,1.0,0.0,1.0,0.5,0.0,0.0,0.0,0.0,anomaly,normal,anomaly
16223,0,icmp,ecr_i,SF,520,0,0,0,0,0,0,0,0,0,0,0,0,0,0,0,0,0,209,209,0.0,0.0,0.0,0.0,1.0,0.0,0.0,255,255,1.0,0.0,1.0,0.0,0.0,0.0,0.0,0.0,anomaly,normal,anomaly
17121,0,tcp,Z39_50,REJ,0,0,0,0,0,0,0,0,0,0,0,0,0,0,0,0,0,0,180,9,0.0,0.0,1.0,1.0,0.05,0.07,0.0,255,9,0.04,0.07,0.0,0.0,0.0,0.0,1.0,1.0,anomaly,normal,anomaly
22327,0,icmp,eco_i,SF,8,0,0,0,0,0,0,0,0,0,0,0,0,0,0,0,0,0,1,51,0.0,0.0,0.0,0.0,1.0,0.0,1.0,1,119,1.0,0.0,1.0,0.5,0.0,0.0,0.0,0.0,anomaly,normal,anomaly
6691,0,tcp,efs,S0,0,0,0,0,0,0,0,0,0,0,0,0,0,0,0,0,0,0,121,4,1.0,1.0,0.0,0.0,0.03,0.06,0.0,255,4,0.02,0.07,0.0,0.0,1.0,1.0,0.0,0.0,anomaly,normal,anomaly
12649,0,tcp,ftp,RSTO,0,61,0,0,0,0,0,0,0,0,0,0,0,0,0,0,0,0,1,1,0.0,0.0,1.0,1.0,1.0,0.0,0.0,2,2,0.5,1.0,0.5,1.0,0.0,0.0,1.0,1.0,anomaly,normal,anomaly
17554,0,tcp,private,S0,0,0,0,0,0,0,0,0,0,0,0,0,0,0,0,0,0,0,135,18,1.0,1.0,0.0,0.0,0.13,0.06,0.0,38,3,0.08,0.18,0.03,0.0,1.0,1.0,0.0,0.0,anomaly,normal,anomaly
13489,0,tcp,ftp_data,REJ,0,0,0,0,0,0,0,0,0,0,0,0,0,0,0,0,0,0,140,19,0.0,0.0,1.0,1.0,0.14,0.06,0.0,255,4,0.02,0.07,0.0,0.0,0.0,0.0,1.0,1.0,anomaly,normal,anomaly
2947,0,icmp,eco_i,SF,18,0,0,0,0,0,0,0,0,0,0,0,0,0,0,0,0,0,1,1,0.0,0.0,0.0,0.0,1.0,0.0,0.0,1,156,1.0,0.0,1.0,1.0,0.0,0.0,0.0,0.0,anomaly,normal,anomaly
18200,0,tcp,kshell,S0,0,0,0,0,0,0,0,0,0,0,0,0,0,0,0,0,0,0,120,10,1.0,1.0,0.0,0.0,0.08,0.06,0.0,255,10,0.04,0.05,0.0,0.0,1.0,1.0,0.0,0.0,anomaly,normal,anomaly
19706,0,tcp,ldap,RSTR,0,0,0,0,0,0,0,0,0,0,0,0,0,0,0,0,0,0,1,1,0.0,0.0,1.0,1.0,1.0,0.0,0.0,255,1,0.0,1.0,1.0,0.0,0.0,0.0,1.0,1.0,anomaly,normal,anomaly
16942,0,tcp,supdup,S0,0,0,0,0,0,0,0,0,0,0,0,0,0,0,0,0,0,0,281,24,1.0,1.0,0.0,0.0,0.09,0.05,0.0,255,24,0.09,0.05,0.0,0.0,1.0,1.0,0.0,0.0,anomaly,normal,anomaly
18259,0,udp,private,SF,1,0,0,0,0,0,0,0,0,0,0,0,0,0,0,0,0,0,7,3,0.0,0.0,0.0,0.0,0.43,0.29,0.0,255,46,0.18,0.31,1.0,0.0,0.0,0.0,0.0,0.0,anomaly,normal,anomaly
18765,0,tcp,ctf,S0,0,0,0,0,0,0,0,0,0,0,0,0,0,0,0,0,0,0,122,14,1.0,1.0,0.0,0.0,0.11,0.06,0.0,255,14,0.05,0.05,0.0,0.0,1.0,1.0,0.0,0.0,anomaly,normal,anomaly
20665,0,tcp,efs,S0,0,0,0,0,0,0,0,0,0,0,0,0,0,0,0,0,0,0,107,19,1.0,1.0,0.0,0.0,0.18,0.06,0.0,255,19,0.07,0.06,0.0,0.0,1.0,1.0,0.0,0.0,anomaly,normal,anomaly
13526,0,tcp,private,S0,0,0,0,0,0,0,0,0,0,0,0,0,0,0,0,0,0,0,129,15,1.0,1.0,0.0,0.0,0.12,0.05,0.0,255,11,0.04,0.06,0.0,0.0,1.0,1.0,0.0,0.0,anomaly,normal,anomaly
16005,0,tcp,daytime,S0,0,0,0,0,0,0,0,0,0,0,0,0,0,0,0,0,0,0,149,11,1.0,1.0,0.0,0.0,0.07,0.05,0.0,255,2,0.01,0.06,0.0,0.0,1.0,1.0,0.0,0.0,anomaly,normal,anomaly
14396,0,tcp,kshell,S0,0,0,0,0,0,0,0,0,0,0,0,0,0,0,0,0,0,0,109,7,1.0,1.0,0.0,0.0,0.06,0.06,0.0,255,14,0.05,0.07,0.0,0.0,1.0,1.0,0.0,0.0,anomaly,normal,anomaly
3267,0,tcp,auth,REJ,0,0,0,0,0,0,0,0,0,0,0,0,0,0,0,0,0,0,140,20,0.0,0.0,1.0,1.0,0.14,0.06,0.0,255,20,0.08,0.07,0.0,0.0,0.0,0.0,1.0,1.0,anomaly,normal,anomaly
4452,0,tcp,private,REJ,0,0,0,0,0,0,0,0,0,0,0,0,0,0,0,0,0,0,193,14,0.0,0.0,1.0,1.0,0.07,0.06,0.0,255,14,0.05,0.07,0.0,0.0,0.0,0.0,1.0,1.0,anomaly,normal,anomaly
12153,0,tcp,private,S0,0,0,0,0,0,0,0,0,0,0,0,0,0,0,0,0,0,0,88,19,1.0,1.0,0.0,0.0,0.22,0.06,0.0,255,2,0.01,0.08,0.0,0.0,1.0,1.0,0.0,0.0,anomaly,normal,anomaly
49,0,tcp,ftp_data,S0,0,0,0,0,0,0,0,0,0,0,0,0,0,0,0,0,0,0,258,17,1.0,1.0,0.0,0.0,0.07,0.05,0.0,255,5,0.02,0.07,0.0,0.0,1.0,1.0,0.0,0.0,anomaly,normal,anomaly
8132,0,tcp,private,S0,0,0,0,0,0,0,0,0,0,0,0,0,0,0,0,0,0,0,128,2,0.99,1.0,0.0,0.0,0.02,0.08,0.0,255,2,0.01,0.06,0.0,0.0,1.0,1.0,0.0,0.0,anomaly,normal,anomaly
5857,0,udp,private,SF,207,0,0,0,0,0,0,0,0,0,0,0,0,0,0,0,0,0,2,2,0.0,0.0,0.0,0.0,1.0,0.0,0.0,106,90,0.85,0.02,0.85,0.0,0.0,0.0,0.0,0.0,anomaly,normal,anomaly
23770,0,tcp,private,S0,0,0,0,0,0,0,0,0,0,0,0,0,0,0,0,0,0,0,221,12,1.0,1.0,0.0,0.0,0.05,0.06,0.0,255,11,0.04,0.08,0.0,0.0,1.0,1.0,0.0,0.0,anomaly,normal,anomaly
5180,0,tcp,private,REJ,0,0,0,0,0,0,0,0,0,0,0,0,0,0,0,0,0,0,27,11,0.0,0.0,1.0,1.0,0.41,0.11,0.0,255,31,0.12,0.05,0.0,0.0,0.0,0.0,1.0,1.0,anomaly,normal,anomaly
20374,0,tcp,csnet_ns,S0,0,0,0,0,0,0,0,0,0,0,0,0,0,0,0,0,0,0,268,23,1.0,1.0,0.0,0.0,0.09,0.04,0.0,255,23,0.09,0.05,0.0,0.0,1.0,1.0,0.0,0.0,anomaly,normal,anomaly
3821,0,tcp,http,SF,54540,8314,0,0,0,2,0,1,1,0,0,0,0,0,0,0,0,0,1,1,0.0,0.0,0.0,0.0,1.0,0.0,0.0,219,219,1.0,0.0,0.0,0.0,0.0,0.0,0.01,0.01,anomaly,normal,anomaly
1783,0,tcp,private,S0,0,0,0,0,0,0,0,0,0,0,0,0,0,0,0,0,0,0,27,6,1.0,1.0,0.0,0.0,0.22,0.22,0.0,255,6,0.02,0.08,0.0,0.0,1.0,1.0,0.0,0.0,anomaly,normal,anomaly
16814,0,tcp,ldap,S0,0,0,0,0,0,0,0,0,0,0,0,0,0,0,0,0,0,0,145,17,1.0,1.0,0.0,0.0,0.12,0.06,0.0,255,3,0.01,0.08,0.0,0.0,1.0,1.0,0.0,0.0,anomaly,normal,anomaly
5960,0,tcp,private,REJ,0,0,0,0,0,0,0,0,0,0,0,0,0,0,0,0,0,0,1,1,0.0,0.0,1.0,1.0,1.0,0.0,0.0,64,2,0.02,1.0,0.02,1.0,0.0,0.0,0.92,1.0,anomaly,normal,anomaly
22992,0,tcp,private,S0,0,0,0,0,0,0,0,0,0,0,0,0,0,0,0,0,0,0,150,19,0.99,1.0,0.0,0.0,0.13,0.06,0.0,255,19,0.07,0.06,0.0,0.0,1.0,1.0,0.0,0.0,anomaly,normal,anomaly
7117,0,tcp,ftp,S0,0,0,0,0,0,0,0,0,0,0,0,0,0,0,0,0,0,0,227,8,1.0,1.0,0.0,0.0,0.04,0.07,0.0,255,8,0.03,0.09,0.0,0.0,1.0,1.0,0.0,0.0,anomaly,normal,anomaly
13772,0,tcp,private,S0,0,0,0,0,0,0,0,0,0,0,0,0,0,0,0,0,0,0,105,5,1.0,1.0,0.0,0.0,0.05,0.08,0.0,255,15,0.06,0.08,0.0,0.0,1.0,1.0,0.0,0.0,anomaly,normal,anomaly
18900,0,tcp,finger,S0,0,0,0,0,0,0,0,0,0,0,0,0,0,0,0,0,0,0,136,14,1.0,1.0,0.0,0.0,0.1,0.05,0.0,255,3,0.01,0.05,0.0,0.0,1.0,1.0,0.0,0.0,anomaly,normal,anomaly
16965,0,tcp,private,REJ,0,0,0,0,0,0,0,0,0,0,0,0,0,0,0,0,0,0,234,19,0.0,0.0,1.0,1.0,0.08,0.06,0.0,255,19,0.07,0.08,0.0,0.0,0.0,0.0,1.0,1.0,anomaly,normal,anomaly
9317,0,tcp,Z39_50,S0,0,0,0,0,0,0,0,0,0,0,0,0,0,0,0,0,0,0,204,1,1.0,1.0,0.0,0.0,0.0,0.05,0.0,255,1,0.0,0.05,0.0,0.0,1.0,1.0,0.0,0.0,anomaly,normal,anomaly
22977,0,tcp,private,S0,0,0,0,0,0,0,0,0,0,0,0,0,0,0,0,0,0,0,205,4,1.0,1.0,0.0,0.0,0.02,0.05,0.0,255,4,0.02,0.06,0.0,0.0,1.0,1.0,0.0,0.0,anomaly,normal,anomaly
10204,0,tcp,time,S0,0,0,0,0,0,0,0,0,0,0,0,0,0,0,0,0,0,0,191,8,1.0,1.0,0.0,0.0,0.04,0.07,0.0,255,8,0.03,0.07,0.0,0.0,1.0,1.0,0.0,0.0,anomaly,normal,anomaly
14154,0,tcp,uucp_path,S0,0,0,0,0,0,0,0,0,0,0,0,0,0,0,0,0,0,0,268,6,1.0,1.0,0.0,0.0,0.02,0.05,0.0,255,6,0.02,0.05,0.0,0.0,1.0,1.0,0.0,0.0,anomaly,normal,anomaly
13318,0,udp,private,SF,1,0,0,0,0,0,0,0,0,0,0,0,0,0,0,0,0,0,1,1,0.0,0.0,0.0,0.0,1.0,0.0,0.0,255,1,0.0,0.21,1.0,0.0,0.0,0.0,0.0,0.0,anomaly,normal,anomaly
5301,0,tcp,private,S0,0,0,0,0,0,0,0,0,0,0,0,0,0,0,0,0,0,0,190,7,1.0,1.0,0.0,0.0,0.04,0.06,0.0,255,7,0.03,0.08,0.0,0.0,1.0,1.0,0.0,0.0,anomaly,normal,anomaly
20399,0,tcp,http,RSTR,21048,8314,0,0,0,2,0,1,1,0,0,0,0,0,0,0,0,0,3,3,0.0,0.0,0.33,0.33,1.0,0.0,0.0,94,94,1.0,0.0,0.01,0.0,0.0,0.0,0.16,0.16,anomaly,normal,anomaly
12683,0,tcp,domain,S0,0,0,0,0,0,0,0,0,0,0,0,0,0,0,0,0,0,0,275,7,1.0,1.0,0.0,0.0,0.03,0.05,0.0,255,7,0.03,0.05,0.0,0.0,1.0,1.0,0.0,0.0,anomaly,normal,anomaly
14500,0,tcp,private,S0,0,0,0,0,0,0,0,0,0,0,0,0,0,0,0,0,0,0,171,5,1.0,1.0,0.0,0.0,0.03,0.06,0.0,255,6,0.02,0.08,0.0,0.0,1.0,1.0,0.0,0.0,anomaly,normal,anomaly
12805,0,tcp,netstat,S0,0,0,0,0,0,0,0,0,0,0,0,0,0,0,0,0,0,0,272,1,1.0,1.0,0.0,0.0,0.0,0.06,0.0,255,2,0.01,0.08,0.0,0.0,1.0,1.0,0.0,0.0,anomaly,normal,anomaly
9960,0,tcp,private,S0,0,0,0,0,0,0,0,0,0,0,0,0,0,0,0,0,0,0,184,14,1.0,1.0,0.0,0.0,0.08,0.05,0.0,255,3,0.01,0.07,0.0,0.0,1.0,1.0,0.0,0.0,anomaly,normal,anomaly
13289,0,tcp,hostnames,REJ,0,0,0,0,0,0,0,0,0,0,0,0,0,0,0,0,0,0,272,15,0.0,0.0,1.0,1.0,0.06,0.06,0.0,255,15,0.06,0.07,0.0,0.0,0.0,0.0,1.0,1.0,anomaly,normal,anomaly
9462,0,tcp,private,S0,0,0,0,0,0,0,0,0,0,0,0,0,0,0,0,0,0,0,81,1,1.0,1.0,0.0,0.0,0.01,0.06,0.0,255,18,0.07,0.08,0.0,0.0,1.0,1.0,0.0,0.0,anomaly,normal,anomaly
10358,0,tcp,netbios_ns,S0,0,0,0,0,0,0,0,0,0,0,0,0,0,0,0,0,0,0,284,13,1.0,1.0,0.0,0.0,0.05,0.06,0.0,255,7,0.03,0.06,0.0,0.0,1.0,1.0,0.0,0.0,anomaly,normal,anomaly
17819,0,tcp,http,REJ,0,0,0,0,0,0,0,0,0,0,0,0,0,0,0,0,0,0,237,16,0.0,0.0,1.0,1.0,0.07,0.07,0.0,255,16,0.06,0.07,0.0,0.0,0.0,0.0,1.0,1.0,anomaly,normal,anomaly
20237,0,tcp,sql_net,S0,0,0,0,0,0,0,0,0,0,0,0,0,0,0,0,0,0,0,90,4,1.0,1.0,0.0,0.0,0.04,0.07,0.0,255,14,0.05,0.06,0.0,0.0,1.0,1.0,0.0,0.0,anomaly,normal,anomaly
17641,0,tcp,auth,S0,0,0,0,0,0,0,0,0,0,0,0,0,0,0,0,0,0,0,204,1,1.0,1.0,0.0,0.0,0.0,0.06,0.0,255,1,0.0,0.08,0.0,0.0,1.0,1.0,0.0,0.0,anomaly,normal,anomaly
81,0,tcp,uucp_path,REJ,0,0,0,0,0,0,0,0,0,0,0,0,0,0,0,0,0,0,135,7,0.0,0.0,1.0,1.0,0.05,0.07,0.0,255,7,0.03,0.07,0.0,0.0,0.0,0.0,1.0,1.0,anomaly,normal,anomaly
2723,0,tcp,private,S0,0,0,0,0,0,0,0,0,0,0,0,0,0,0,0,0,0,0,228,5,1.0,1.0,0.0,0.0,0.02,0.07,0.0,255,19,0.07,0.06,0.0,0.0,1.0,1.0,0.0,0.0,anomaly,normal,anomaly
15994,0,tcp,private,S0,0,0,0,0,0,0,0,0,0,0,0,0,0,0,0,0,0,0,104,15,1.0,1.0,0.0,0.0,0.14,0.06,0.0,255,6,0.02,0.08,0.0,0.0,1.0,1.0,0.0,0.0,anomaly,normal,anomaly
15474,0,tcp,private,S0,0,0,0,0,0,0,0,0,0,0,0,0,0,0,0,0,0,0,129,12,1.0,1.0,0.0,0.0,0.09,0.06,0.0,255,12,0.05,0.06,0.0,0.0,1.0,1.0,0.0,0.0,anomaly,normal,anomaly
23397,0,tcp,private,REJ,0,0,0,0,0,0,0,0,0,0,0,0,0,0,0,0,0,0,138,8,0.0,0.0,1.0,1.0,0.06,0.07,0.0,63,8,0.13,0.1,0.02,0.0,0.0,0.0,1.0,1.0,anomaly,normal,anomaly
24551,0,tcp,private,S0,0,0,0,0,0,0,0,0,0,0,0,0,0,0,0,0,0,0,237,18,1.0,1.0,0.0,0.0,0.08,0.06,0.0,255,3,0.01,0.08,0.0,0.0,1.0,1.0,0.0,0.0,anomaly,normal,anomaly
7614,0,tcp,private,REJ,0,0,0,0,0,0,0,0,0,0,0,0,0,0,0,0,0,0,71,1,0.1,0.0,0.9,1.0,0.01,1.0,0.0,255,1,0.0,0.55,0.0,0.0,0.03,0.0,0.26,1.0,anomaly,normal,anomaly
7457,0,tcp,telnet,S0,0,0,0,0,0,0,0,0,0,0,0,0,0,0,0,0,0,0,124,12,1.0,1.0,0.0,0.0,0.1,0.06,0.0,255,9,0.04,0.07,0.0,0.0,1.0,1.0,0.0,0.0,anomaly,normal,anomaly
18828,0,tcp,whois,S0,0,0,0,0,0,0,0,0,0,0,0,0,0,0,0,0,0,0,281,18,1.0,1.0,0.0,0.0,0.06,0.06,0.0,255,18,0.07,0.08,0.0,0.0,1.0,1.0,0.0,0.0,anomaly,normal,anomaly
13958,0,tcp,http,S0,0,0,0,0,0,0,0,0,0,0,0,0,0,0,0,0,0,0,45,17,1.0,1.0,0.0,0.0,0.38,0.09,0.0,255,57,0.22,0.02,0.01,0.0,1.0,1.0,0.0,0.0,anomaly,normal,anomaly
4288,0,tcp,pop_2,S0,0,0,0,0,0,0,0,0,0,0,0,0,0,0,0,0,0,0,249,9,1.0,1.0,0.0,0.0,0.04,0.07,0.0,255,9,0.04,0.08,0.0,0.0,1.0,1.0,0.0,0.0,anomaly,normal,anomaly
5824,0,tcp,private,S0,0,0,0,0,0,0,0,0,0,0,0,0,0,0,0,0,0,0,62,18,1.0,1.0,0.0,0.0,0.29,0.05,0.0,255,18,0.07,0.04,0.0,0.0,1.0,1.0,0.0,0.0,anomaly,normal,anomaly
16598,0,tcp,private,S0,0,0,0,0,0,0,0,0,0,0,0,0,0,0,0,0,0,0,235,14,1.0,1.0,0.0,0.0,0.06,0.06,0.0,255,8,0.03,0.09,0.0,0.0,1.0,1.0,0.0,0.0,anomaly,normal,anomaly
12853,0,tcp,bgp,REJ,0,0,0,0,0,0,0,0,0,0,0,0,0,0,0,0,0,0,187,11,0.0,0.0,1.0,1.0,0.06,0.06,0.0,255,11,0.04,0.07,0.0,0.0,0.0,0.0,1.0,1.0,anomaly,normal,anomaly
16903,0,tcp,http,S0,0,0,0,0,0,0,0,0,0,0,0,0,0,0,0,0,0,0,22,9,1.0,1.0,0.0,0.0,0.41,0.18,0.0,255,62,0.24,0.02,0.02,0.0,1.0,1.0,0.0,0.0,anomaly,normal,anomaly
7269,0,tcp,telnet,S0,0,0,0,0,0,0,0,0,0,0,0,0,0,0,0,0,0,0,238,17,1.0,1.0,0.0,0.0,0.07,0.06,0.0,255,18,0.07,0.07,0.0,0.0,1.0,1.0,0.0,0.0,anomaly,normal,anomaly
1427,0,tcp,uucp,S0,0,0,0,0,0,0,0,0,0,0,0,0,0,0,0,0,0,0,103,3,1.0,1.0,0.0,0.0,0.03,0.07,0.0,255,3,0.01,0.06,0.0,0.0,1.0,1.0,0.0,0.0,anomaly,normal,anomaly
6378,0,tcp,klogin,S0,0,0,0,0,0,0,0,0,0,0,0,0,0,0,0,0,0,0,100,14,1.0,1.0,0.0,0.0,0.14,0.07,0.0,255,14,0.05,0.06,0.0,0.0,1.0,1.0,0.0,0.0,anomaly,normal,anomaly
3968,0,icmp,eco_i,SF,18,0,0,0,0,0,0,0,0,0,0,0,0,0,0,0,0,0,1,1,0.0,0.0,0.0,0.0,1.0,0.0,0.0,1,172,1.0,0.0,1.0,1.0,0.0,0.0,0.0,0.0,anomaly,normal,anomaly
19162,0,tcp,whois,S0,0,0,0,0,0,0,0,0,0,0,0,0,0,0,0,0,0,0,267,11,1.0,1.0,0.0,0.0,0.04,0.06,0.0,255,11,0.04,0.08,0.0,0.0,1.0,1.0,0.0,0.0,anomaly,normal,anomaly
3828,0,tcp,netbios_ns,S0,0,0,0,0,0,0,0,0,0,0,0,0,0,0,0,0,0,0,225,17,1.0,1.0,0.0,0.0,0.08,0.06,0.0,255,17,0.07,0.07,0.0,0.0,1.0,1.0,0.0,0.0,anomaly,normal,anomaly
8171,0,tcp,uucp_path,S0,0,0,0,0,0,0,0,0,0,0,0,0,0,0,0,0,0,0,266,10,1.0,1.0,0.0,0.0,0.04,0.06,0.0,255,10,0.04,0.07,0.0,0.0,1.0,1.0,0.0,0.0,anomaly,normal,anomaly
4638,0,tcp,ftp_data,S0,0,0,0,0,0,0,0,0,0,0,0,0,0,0,0,0,0,0,76,16,1.0,1.0,0.0,0.0,0.21,0.05,0.0,255,36,0.14,0.06,0.01,0.0,1.0,1.0,0.0,0.0,anomaly,normal,anomaly
5017,0,tcp,netstat,S0,0,0,0,0,0,0,0,0,0,0,0,0,0,0,0,0,0,0,200,15,1.0,1.0,0.0,0.0,0.08,0.06,0.0,255,19,0.07,0.08,0.0,0.0,1.0,1.0,0.0,0.0,anomaly,normal,anomaly
24617,0,tcp,telnet,S0,0,0,0,0,0,0,0,0,0,0,0,0,0,0,0,0,0,0,214,12,1.0,1.0,0.0,0.0,0.06,0.06,0.0,255,13,0.05,0.08,0.0,0.0,1.0,1.0,0.0,0.0,anomaly,normal,anomaly
11718,0,tcp,ftp_data,REJ,0,0,0,0,0,0,0,0,0,0,0,0,0,0,0,0,0,0,287,20,0.0,0.0,1.0,1.0,0.07,0.06,0.0,255,20,0.08,0.06,0.0,0.0,0.0,0.0,1.0,1.0,anomaly,normal,anomaly
14955,0,tcp,private,S0,0,0,0,0,0,0,0,0,0,0,0,0,0,0,0,0,0,0,90,9,1.0,1.0,0.0,0.0,0.1,0.07,0.0,255,1,0.0,0.08,0.0,0.0,1.0,1.0,0.0,0.0,anomaly,normal,anomaly
2004,4,tcp,private,RSTO,6,18056,0,0,0,0,0,1,0,0,0,0,0,0,0,0,0,0,77,1,0.0,0.0,0.94,1.0,0.01,1.0,0.0,202,1,0.0,0.44,0.0,0.0,0.0,0.0,0.37,1.0,anomaly,normal,anomaly
11972,0,icmp,eco_i,SF,20,0,0,0,0,0,0,0,0,0,0,0,0,0,0,0,0,0,1,1,0.0,0.0,0.0,0.0,1.0,0.0,0.0,255,1,0.0,0.31,0.0,0.0,0.0,0.0,0.15,0.0,anomaly,normal,anomaly
4184,0,tcp,csnet_ns,S0,0,0,0,0,0,0,0,0,0,0,0,0,0,0,0,0,0,0,145,21,1.0,1.0,0.0,0.0,0.14,0.04,0.0,255,21,0.08,0.05,0.0,0.0,1.0,1.0,0.0,0.0,anomaly,normal,anomaly
22859,0,tcp,gopher,S0,0,0,0,0,0,0,0,0,0,0,0,0,0,0,0,0,0,0,279,10,1.0,1.0,0.0,0.0,0.04,0.06,0.0,255,10,0.04,0.06,0.0,0.0,1.0,1.0,0.0,0.0,anomaly,normal,anomaly
5733,0,tcp,systat,S0,0,0,0,0,0,0,0,0,0,0,0,0,0,0,0,0,0,0,118,4,1.0,1.0,0.0,0.0,0.03,0.07,0.0,255,4,0.02,0.07,0.0,0.0,1.0,1.0,0.0,0.0,anomaly,normal,anomaly
20861,0,tcp,imap4,S0,0,0,0,0,0,0,0,0,0,0,0,0,0,0,0,0,0,0,275,16,1.0,1.0,0.0,0.0,0.06,0.06,0.0,255,16,0.06,0.06,0.0,0.0,1.0,1.0,0.0,0.0,anomaly,normal,anomaly
9595,0,tcp,http,S0,0,0,0,0,0,0,0,0,0,0,0,0,0,0,0,0,0,0,6,3,1.0,1.0,0.0,0.0,0.5,0.33,0.0,255,58,0.23,0.04,0.0,0.0,1.0,1.0,0.0,0.0,anomaly,normal,anomaly
5421,0,tcp,auth,S0,0,0,0,0,0,0,0,0,0,0,0,0,0,0,0,0,0,0,257,3,1.0,1.0,0.0,0.0,0.01,0.07,0.0,255,3,0.01,0.08,0.0,0.0,1.0,1.0,0.0,0.0,anomaly,normal,anomaly
13905,0,tcp,hostnames,REJ,0,0,0,0,0,0,0,0,0,0,0,0,0,0,0,0,0,0,140,5,0.0,0.0,1.0,1.0,0.04,0.09,0.0,255,5,0.02,0.07,0.0,0.0,0.0,0.0,1.0,1.0,anomaly,normal,anomaly
23800,0,tcp,ldap,REJ,0,0,0,0,0,0,0,0,0,0,0,0,0,0,0,0,0,0,265,4,0.0,0.0,1.0,1.0,0.02,0.06,0.0,255,4,0.02,0.07,0.0,0.0,0.0,0.0,1.0,1.0,anomaly,normal,anomaly
22863,0,tcp,time,S0,0,0,0,0,0,0,0,0,0,0,0,0,0,0,0,0,0,0,226,4,1.0,1.0,0.0,0.0,0.02,0.06,0.0,255,13,0.05,0.06,0.0,0.0,1.0,1.0,0.0,0.0,anomaly,normal,anomaly
5031,0,tcp,netbios_dgm,S0,0,0,0,0,0,0,0,0,0,0,0,0,0,0,0,0,0,0,217,6,1.0,1.0,0.0,0.0,0.03,0.06,0.0,255,19,0.07,0.07,0.0,0.0,1.0,1.0,0.0,0.0,anomaly,normal,anomaly
4533,0,icmp,eco_i,SF,8,0,0,0,0,0,0,0,0,0,0,0,0,0,0,0,0,0,1,28,0.0,0.0,0.0,0.0,1.0,0.0,1.0,4,148,1.0,0.0,1.0,0.25,0.0,0.0,0.0,0.0,anomaly,normal,anomaly
20749,0,tcp,private,S0,0,0,0,0,0,0,0,0,0,0,0,0,0,0,0,0,0,0,105,8,1.0,1.0,0.0,0.0,0.08,0.05,0.0,255,5,0.02,0.08,0.0,0.0,1.0,1.0,0.0,0.0,anomaly,normal,anomaly
16788,0,tcp,ssh,S0,0,0,0,0,0,0,0,0,0,0,0,0,0,0,0,0,0,0,289,3,1.0,1.0,0.0,0.0,0.01,0.05,0.0,255,3,0.01,0.05,0.0,0.0,1.0,1.0,0.0,0.0,anomaly,normal,anomaly
2996,0,tcp,mtp,S0,0,0,0,0,0,0,0,0,0,0,0,0,0,0,0,0,0,0,288,5,1.0,1.0,0.0,0.0,0.02,0.05,0.0,255,5,0.02,0.05,0.0,0.0,1.0,1.0,0.0,0.0,anomaly,normal,anomaly
18274,0,tcp,http,REJ,0,0,0,0,0,0,0,0,0,0,0,0,0,0,0,0,0,0,273,13,0.0,0.0,1.0,1.0,0.05,0.06,0.0,255,13,0.05,0.07,0.0,0.0,0.0,0.0,1.0,1.0,anomaly,normal,anomaly
19573,0,tcp,private,REJ,0,0,0,0,0,0,0,0,0,0,0,0,0,0,0,0,0,0,218,20,0.0,0.0,1.0,1.0,0.09,0.06,0.0,255,20,0.08,0.08,0.0,0.0,0.0,0.0,1.0,1.0,anomaly,normal,anomaly
120,0,tcp,uucp_path,REJ,0,0,0,0,0,0,0,0,0,0,0,0,0,0,0,0,0,0,246,20,0.0,0.0,1.0,1.0,0.08,0.07,0.0,255,20,0.08,0.07,0.0,0.0,0.0,0.0,1.0,1.0,anomaly,normal,anomaly
9115,0,tcp,private,S0,0,0,0,0,0,0,0,0,0,0,0,0,0,0,0,0,0,0,261,15,1.0,1.0,0.0,0.0,0.06,0.06,0.0,255,17,0.07,0.08,0.0,0.0,1.0,1.0,0.0,0.0,anomaly,normal,anomaly
11222,0,tcp,private,S0,0,0,0,0,0,0,0,0,0,0,0,0,0,0,0,0,0,0,204,2,1.0,1.0,0.0,0.0,0.01,0.07,0.0,255,16,0.06,0.07,0.0,0.0,1.0,1.0,0.0,0.0,anomaly,normal,anomaly
4400,0,icmp,eco_i,SF,8,0,0,0,0,0,0,0,0,0,0,0,0,0,0,0,0,0,1,8,0.0,0.0,0.0,0.0,1.0,0.0,1.0,2,152,1.0,0.0,1.0,0.5,0.0,0.0,0.0,0.0,anomaly,normal,anomaly
9327,0,icmp,eco_i,SF,8,0,0,0,0,0,0,0,0,0,0,0,0,0,0,0,0,0,1,51,0.0,0.0,0.0,0.0,1.0,0.0,1.0,1,129,1.0,0.0,1.0,0.51,0.0,0.0,0.0,0.0,anomaly,normal,anomaly
10670,0,tcp,mtp,S0,0,0,0,0,0,0,0,0,0,0,0,0,0,0,0,0,0,0,53,2,1.0,1.0,0.0,0.0,0.04,0.09,0.0,255,2,0.01,0.07,0.0,0.0,1.0,1.0,0.0,0.0,anomaly,normal,anomaly
10946,4816,udp,other,SF,147,105,0,0,0,0,0,0,0,0,0,0,0,0,0,0,0,0,4,2,0.0,0.0,0.0,0.0,0.5,0.5,0.0,255,3,0.01,0.56,0.94,0.0,0.0,0.0,0.0,0.0,normal,anomaly,normal
19636,0,tcp,finger,S0,0,0,0,0,0,0,0,0,0,0,0,0,0,0,0,0,0,0,43,11,1.0,1.0,0.0,0.0,0.26,0.09,0.0,255,59,0.23,0.04,0.0,0.0,1.0,1.0,0.0,0.0,anomaly,normal,anomaly
8523,0,icmp,eco_i,SF,8,0,0,0,0,0,0,0,0,0,0,0,0,0,0,0,0,0,1,48,0.0,0.0,0.0,0.0,1.0,0.0,1.0,2,26,1.0,0.0,1.0,0.5,0.0,0.0,0.0,0.0,anomaly,normal,anomaly
16221,0,tcp,hostnames,S0,0,0,0,0,0,0,0,0,0,0,0,0,0,0,0,0,0,0,264,18,1.0,1.0,0.0,0.0,0.07,0.06,0.0,255,18,0.07,0.06,0.0,0.0,1.0,1.0,0.0,0.0,anomaly,normal,anomaly
16687,0,tcp,ftp_data,S0,0,0,0,0,0,0,0,0,0,0,0,0,0,0,0,0,0,0,19,3,0.95,1.0,0.05,0.0,0.16,0.26,0.0,255,23,0.09,0.06,0.01,0.0,1.0,1.0,0.0,0.0,anomaly,normal,anomaly
6678,0,tcp,bgp,S0,0,0,0,0,0,0,0,0,0,0,0,0,0,0,0,0,0,0,203,14,1.0,1.0,0.0,0.0,0.07,0.06,0.0,255,14,0.05,0.06,0.0,0.0,1.0,1.0,0.0,0.0,anomaly,normal,anomaly
5420,0,tcp,http,S0,0,0,0,0,0,0,0,0,0,0,0,0,0,0,0,0,0,0,242,3,1.0,1.0,0.0,0.0,0.01,0.07,0.0,255,3,0.01,0.07,0.0,0.0,1.0,1.0,0.0,0.0,anomaly,normal,anomaly
12685,0,tcp,imap4,S0,0,0,0,0,0,0,0,0,0,0,0,0,0,0,0,0,0,0,178,8,1.0,1.0,0.0,0.0,0.04,0.07,0.0,255,8,0.03,0.06,0.0,0.0,1.0,1.0,0.0,0.0,anomaly,normal,anomaly
24106,0,tcp,smtp,S0,0,0,0,0,0,0,0,0,0,0,0,0,0,0,0,0,0,0,4,4,1.0,1.0,0.0,0.0,1.0,0.0,0.0,66,136,0.36,0.03,0.02,0.01,0.97,0.18,0.0,0.0,anomaly,normal,anomaly
22885,0,icmp,eco_i,SF,8,0,0,0,0,0,0,0,0,0,0,0,0,0,0,0,0,0,1,5,0.0,0.0,0.0,0.0,1.0,0.0,1.0,2,50,1.0,0.0,1.0,0.26,0.0,0.0,0.0,0.0,anomaly,normal,anomaly
6508,0,tcp,private,REJ,0,0,0,0,0,0,0,0,0,0,0,0,0,0,0,0,0,0,145,9,0.0,0.0,1.0,1.0,0.06,0.07,0.0,255,9,0.04,0.07,0.0,0.0,0.0,0.0,1.0,1.0,anomaly,normal,anomaly
6011,0,tcp,private,S0,0,0,0,0,0,0,0,0,0,0,0,0,0,0,0,0,0,0,128,4,1.0,1.0,0.0,0.0,0.03,0.06,0.0,255,16,0.06,0.08,0.0,0.0,1.0,1.0,0.0,0.0,anomaly,normal,anomaly
5327,0,tcp,ftp,S0,0,0,0,0,0,0,0,0,0,0,0,0,0,0,0,0,0,0,267,16,1.0,1.0,0.0,0.0,0.06,0.05,0.0,255,16,0.06,0.05,0.0,0.0,1.0,1.0,0.0,0.0,anomaly,normal,anomaly
4015,0,tcp,iso_tsap,S0,0,0,0,0,0,0,0,0,0,0,0,0,0,0,0,0,0,0,292,24,1.0,1.0,0.0,0.0,0.08,0.05,0.0,255,24,0.09,0.05,0.0,0.0,1.0,1.0,0.0,0.0,anomaly,normal,anomaly
5985,0,tcp,private,S0,0,0,0,0,0,0,0,0,0,0,0,0,0,0,0,0,0,0,129,12,1.0,1.0,0.0,0.0,0.09,0.06,0.0,255,9,0.04,0.07,0.0,0.0,1.0,1.0,0.0,0.0,anomaly,normal,anomaly
16603,0,icmp,eco_i,SF,8,0,0,0,0,0,0,0,0,0,0,0,0,0,0,0,0,0,1,23,0.0,0.0,0.0,0.0,1.0,0.0,1.0,2,26,1.0,0.0,1.0,0.5,0.0,0.0,0.0,0.0,anomaly,normal,anomaly
7802,0,tcp,ldap,S0,0,0,0,0,0,0,0,0,0,0,0,0,0,0,0,0,0,0,149,17,1.0,1.0,0.0,0.0,0.11,0.05,0.0,255,15,0.06,0.06,0.0,0.0,1.0,1.0,0.0,0.0,anomaly,normal,anomaly
11292,0,tcp,private,SH,0,0,0,0,0,0,0,0,0,0,0,0,0,0,0,0,0,0,1,1,1.0,1.0,0.0,0.0,1.0,0.0,0.0,175,1,0.01,0.94,0.95,0.0,0.95,1.0,0.0,0.0,anomaly,normal,anomaly
3426,0,tcp,link,REJ,0,0,0,0,0,0,0,0,0,0,0,0,0,0,0,0,0,0,101,14,0.0,0.0,1.0,1.0,0.14,0.08,0.0,255,2,0.01,0.09,0.0,0.0,0.0,0.0,1.0,1.0,anomaly,normal,anomaly
11075,0,tcp,private,S0,0,0,0,0,0,0,0,0,0,0,0,0,0,0,0,0,0,0,84,20,1.0,1.0,0.0,0.0,0.24,0.06,0.0,255,10,0.04,0.06,0.0,0.0,1.0,1.0,0.0,0.0,anomaly,normal,anomaly
15821,0,tcp,telnet,S0,0,0,0,0,0,0,0,0,0,0,0,0,0,0,0,0,0,0,25,6,1.0,1.0,0.0,0.0,0.24,0.16,0.0,255,66,0.26,0.02,0.01,0.0,1.0,1.0,0.0,0.0,anomaly,normal,anomaly
13873,0,tcp,uucp,S0,0,0,0,0,0,0,0,0,0,0,0,0,0,0,0,0,0,0,123,5,1.0,1.0,0.0,0.0,0.04,0.06,0.0,255,13,0.05,0.07,0.0,0.0,1.0,1.0,0.0,0.0,anomaly,normal,anomaly
1367,0,tcp,private,S0,0,0,0,0,0,0,0,0,0,0,0,0,0,0,0,0,0,0,128,10,1.0,1.0,0.0,0.0,0.08,0.05,0.0,255,29,0.11,0.05,0.0,0.0,1.0,1.0,0.0,0.0,anomaly,normal,anomaly
6389,0,tcp,finger,S0,0,0,0,0,0,0,0,0,0,0,0,0,0,0,0,0,0,0,252,7,1.0,1.0,0.0,0.0,0.03,0.06,0.0,255,7,0.03,0.07,0.0,0.0,1.0,1.0,0.0,0.0,anomaly,normal,anomaly
21781,0,icmp,eco_i,SF,8,0,0,0,0,0,0,0,0,0,0,0,0,0,0,0,0,0,1,42,0.0,0.0,0.0,0.0,1.0,0.0,1.0,1,17,1.0,0.0,1.0,0.53,0.0,0.0,0.0,0.0,anomaly,normal,anomaly
14693,0,tcp,auth,REJ,0,0,0,0,0,0,0,0,0,0,0,0,0,0,0,0,0,0,283,12,0.0,0.0,1.0,1.0,0.04,0.06,0.0,255,12,0.05,0.07,0.0,0.0,0.0,0.0,1.0,1.0,anomaly,normal,anomaly
8479,0,tcp,private,S0,0,0,0,0,0,0,0,0,0,0,0,0,0,0,0,0,0,0,145,8,1.0,1.0,0.0,0.0,0.06,0.06,0.0,255,28,0.11,0.05,0.0,0.0,1.0,1.0,0.0,0.0,anomaly,normal,anomaly
10907,0,tcp,daytime,S0,0,0,0,0,0,0,0,0,0,0,0,0,0,0,0,0,0,0,263,10,1.0,1.0,0.0,0.0,0.04,0.06,0.0,255,11,0.04,0.08,0.0,0.0,1.0,1.0,0.0,0.0,anomaly,normal,anomaly
8166,0,tcp,vmnet,S0,0,0,0,0,0,0,0,0,0,0,0,0,0,0,0,0,0,0,80,12,1.0,1.0,0.0,0.0,0.15,0.08,0.0,255,13,0.05,0.07,0.0,0.0,1.0,1.0,0.0,0.0,anomaly,normal,anomaly
10777,0,tcp,private,S0,0,0,0,0,0,0,0,0,0,0,0,0,0,0,0,0,0,0,149,16,1.0,1.0,0.0,0.0,0.11,0.08,0.0,255,15,0.06,0.06,0.0,0.0,1.0,1.0,0.0,0.0,anomaly,normal,anomaly
12428,0,tcp,bgp,REJ,0,0,0,0,0,0,0,0,0,0,0,0,0,0,0,0,0,0,102,2,0.0,0.0,1.0,1.0,0.02,0.07,0.0,255,2,0.01,0.08,0.0,0.0,0.0,0.0,1.0,1.0,anomaly,normal,anomaly
3944,0,icmp,eco_i,SF,18,0,0,0,0,0,0,0,0,0,0,0,0,0,0,0,0,0,1,1,0.0,0.0,0.0,0.0,1.0,0.0,0.0,1,28,1.0,0.0,1.0,1.0,0.0,0.0,0.0,0.0,anomaly,normal,anomaly
15671,0,tcp,nnsp,S0,0,0,0,0,0,0,0,0,0,0,0,0,0,0,0,0,0,0,138,20,1.0,1.0,0.0,0.0,0.14,0.05,0.0,255,20,0.08,0.06,0.0,0.0,1.0,1.0,0.0,0.0,anomaly,normal,anomaly
6155,0,tcp,imap4,S0,0,0,0,0,0,0,0,0,0,0,0,0,0,0,0,0,0,0,290,23,1.0,1.0,0.0,0.0,0.08,0.05,0.0,255,23,0.09,0.05,0.0,0.0,1.0,1.0,0.0,0.0,anomaly,normal,anomaly
22827,2,tcp,ftp,SF,1250,2451,0,0,0,28,0,1,0,0,0,0,0,0,0,0,0,1,1,1,0.0,0.0,0.0,0.0,1.0,0.0,0.0,255,135,0.53,0.02,0.01,0.0,0.0,0.0,0.0,0.0,anomaly,normal,anomaly
11913,0,tcp,gopher,S0,0,0,0,0,0,0,0,0,0,0,0,0,0,0,0,0,0,0,228,22,1.0,1.0,0.0,0.0,0.1,0.05,0.0,255,22,0.09,0.05,0.0,0.0,1.0,1.0,0.0,0.0,anomaly,normal,anomaly
24041,0,tcp,rje,REJ,0,0,0,0,0,0,0,0,0,0,0,0,0,0,0,0,0,0,212,6,0.0,0.0,1.0,1.0,0.03,0.06,0.0,255,6,0.02,0.07,0.0,0.0,0.0,0.0,1.0,1.0,anomaly,normal,anomaly
13664,1,tcp,private,RSTR,0,0,0,0,0,0,0,0,0,0,0,0,0,0,0,0,0,0,1,1,0.0,0.0,1.0,1.0,1.0,0.0,0.0,255,1,0.0,0.95,0.95,0.0,0.0,0.0,0.94,1.0,anomaly,normal,anomaly
18460,0,tcp,systat,S0,0,0,0,0,0,0,0,0,0,0,0,0,0,0,0,0,0,0,249,20,1.0,1.0,0.0,0.0,0.08,0.05,0.0,255,20,0.08,0.05,0.0,0.0,1.0,1.0,0.0,0.0,anomaly,normal,anomaly
10221,0,icmp,eco_i,SF,8,0,0,0,0,0,0,0,0,0,0,0,0,0,0,0,0,0,1,29,0.0,0.0,0.0,0.0,1.0,0.0,1.0,2,18,1.0,0.0,1.0,0.5,0.0,0.0,0.0,0.0,anomaly,normal,anomaly
3323,0,tcp,private,S0,0,0,0,0,0,0,0,0,0,0,0,0,0,0,0,0,0,0,238,4,1.0,1.0,0.0,0.0,0.02,0.06,0.0,255,4,0.02,0.09,0.0,0.0,1.0,1.0,0.0,0.0,anomaly,normal,anomaly
15634,0,tcp,nnsp,REJ,0,0,0,0,0,0,0,0,0,0,0,0,0,0,0,0,0,0,118,13,0.0,0.0,1.0,1.0,0.11,0.07,0.0,255,13,0.05,0.07,0.0,0.0,0.0,0.0,1.0,1.0,anomaly,normal,anomaly
819,0,tcp,gopher,S0,0,0,0,0,0,0,0,0,0,0,0,0,0,0,0,0,0,0,214,16,1.0,1.0,0.0,0.0,0.07,0.06,0.0,255,15,0.06,0.08,0.0,0.0,1.0,1.0,0.0,0.0,anomaly,normal,anomaly
5996,0,icmp,ecr_i,SF,1032,0,0,0,0,0,0,0,0,0,0,0,0,0,0,0,0,0,269,269,0.0,0.0,0.0,0.0,1.0,0.0,0.0,122,28,0.23,0.06,0.23,0.0,0.02,0.0,0.52,0.0,anomaly,normal,anomaly
16572,0,tcp,finger,S0,0,0,0,0,0,0,0,0,0,0,0,0,0,0,0,0,0,0,17,9,1.0,1.0,0.0,0.0,0.53,0.12,0.0,255,69,0.27,0.02,0.01,0.0,1.0,1.0,0.0,0.0,anomaly,normal,anomaly
5895,0,tcp,private,S0,0,0,0,0,0,0,0,0,0,0,0,0,0,0,0,0,0,0,119,17,1.0,1.0,0.0,0.0,0.14,0.06,0.0,255,3,0.01,0.06,0.0,0.0,1.0,1.0,0.0,0.0,anomaly,normal,anomaly
20099,0,tcp,domain,S0,0,0,0,0,0,0,0,0,0,0,0,0,0,0,0,0,0,0,203,15,1.0,1.0,0.0,0.0,0.07,0.06,0.0,255,18,0.07,0.06,0.0,0.0,1.0,1.0,0.0,0.0,anomaly,normal,anomaly
16986,0,tcp,imap4,S0,0,0,0,0,0,0,0,0,0,0,0,0,0,0,0,0,0,0,276,8,1.0,1.0,0.0,0.0,0.03,0.06,0.0,255,8,0.03,0.08,0.0,0.0,1.0,1.0,0.0,0.0,anomaly,normal,anomaly
8374,0,tcp,nnsp,S0,0,0,0,0,0,0,0,0,0,0,0,0,0,0,0,0,0,0,138,16,1.0,1.0,0.0,0.0,0.12,0.07,0.0,255,16,0.06,0.07,0.0,0.0,1.0,1.0,0.0,0.0,anomaly,normal,anomaly
24462,0,tcp,private,S0,0,0,0,0,0,0,0,0,0,0,0,0,0,0,0,0,0,0,5,1,1.0,1.0,0.0,0.0,0.2,0.6,0.0,255,17,0.07,0.09,0.0,0.0,1.0,1.0,0.0,0.0,anomaly,normal,anomaly
3110,0,tcp,netbios_dgm,REJ,0,0,0,0,0,0,0,0,0,0,0,0,0,0,0,0,0,0,191,1,0.0,0.0,1.0,1.0,0.01,0.07,0.0,255,1,0.0,0.07,0.0,0.0,0.0,0.0,1.0,1.0,anomaly,normal,anomaly
23820,0,tcp,ctf,S0,0,0,0,0,0,0,0,0,0,0,0,0,0,0,0,0,0,0,219,20,1.0,1.0,0.0,0.0,0.09,0.06,0.0,255,20,0.08,0.07,0.0,0.0,1.0,1.0,0.0,0.0,anomaly,normal,anomaly
1718,0,udp,private,SF,1,0,0,0,0,0,0,0,0,0,0,0,0,0,0,0,0,0,19,4,0.0,0.0,0.0,0.0,0.21,0.16,0.0,255,4,0.02,0.91,0.1,0.0,0.16,0.0,0.75,0.0,anomaly,normal,anomaly
6769,0,icmp,ecr_i,SF,1032,0,0,0,0,0,0,0,0,0,0,0,0,0,0,0,0,0,240,240,0.0,0.0,0.0,0.0,1.0,0.0,0.0,255,255,1.0,0.0,1.0,0.0,0.0,0.0,0.0,0.0,anomaly,normal,anomaly
23512,0,tcp,ftp_data,S0,0,0,0,0,0,0,0,0,0,0,0,0,0,0,0,0,0,0,32,5,1.0,1.0,0.0,0.0,0.16,0.12,0.0,255,45,0.18,0.03,0.0,0.0,1.0,1.0,0.0,0.0,anomaly,normal,anomaly
2811,10656,udp,other,SF,147,105,0,0,0,0,0,0,0,0,0,0,0,0,0,0,0,0,1,1,0.0,0.0,0.0,0.0,1.0,0.0,0.0,255,2,0.01,0.63,0.93,0.0,0.0,0.0,0.0,0.0,normal,anomaly,normal
15833,0,tcp,ftp,S0,0,0,0,0,0,0,0,0,0,0,0,0,0,0,0,0,0,0,268,7,1.0,1.0,0.0,0.0,0.03,0.06,0.0,255,15,0.06,0.07,0.0,0.0,1.0,1.0,0.0,0.0,anomaly,normal,anomaly
20230,0,icmp,ecr_i,SF,1032,0,0,0,0,0,0,0,0,0,0,0,0,0,0,0,0,0,299,299,0.0,0.0,0.0,0.0,1.0,0.0,0.0,167,73,0.44,0.04,0.44,0.0,0.01,0.0,0.38,0.0,anomaly,normal,anomaly
14645,0,tcp,name,S0,0,0,0,0,0,0,0,0,0,0,0,0,0,0,0,0,0,0,210,6,1.0,1.0,0.0,0.0,0.03,0.06,0.0,255,17,0.07,0.07,0.0,0.0,1.0,1.0,0.0,0.0,anomaly,normal,anomaly
20298,0,tcp,uucp_path,REJ,0,0,0,0,0,0,0,0,0,0,0,0,0,0,0,0,0,0,152,16,0.0,0.0,1.0,1.0,0.11,0.07,0.0,255,16,0.06,0.08,0.0,0.0,0.0,0.0,1.0,1.0,anomaly,normal,anomaly
5124,0,tcp,private,S0,0,0,0,0,0,0,0,0,0,0,0,0,0,0,0,0,0,0,56,16,1.0,1.0,0.0,0.0,0.29,0.05,0.0,255,4,0.02,0.07,0.0,0.0,1.0,1.0,0.0,0.0,anomaly,normal,anomaly
19973,0,tcp,private,S0,0,0,0,0,0,0,0,0,0,0,0,0,0,0,0,0,0,0,112,5,1.0,1.0,0.0,0.0,0.04,0.06,0.0,255,5,0.02,0.07,0.0,0.0,1.0,1.0,0.0,0.0,anomaly,normal,anomaly
23741,0,tcp,ctf,REJ,0,0,0,0,0,0,0,0,0,0,0,0,0,0,0,0,0,0,238,19,0.0,0.0,1.0,1.0,0.08,0.07,0.0,255,19,0.07,0.07,0.0,0.0,0.0,0.0,1.0,1.0,anomaly,normal,anomaly
13192,0,tcp,domain,S0,0,0,0,0,0,0,0,0,0,0,0,0,0,0,0,0,0,0,188,1,1.0,1.0,0.0,0.0,0.01,0.06,0.0,255,1,0.0,0.07,0.0,0.0,1.0,1.0,0.0,0.0,anomaly,normal,anomaly
9959,0,tcp,private,REJ,0,0,0,0,0,0,0,0,0,0,0,0,0,0,0,0,0,0,184,15,0.0,0.0,1.0,1.0,0.08,0.07,0.0,255,15,0.06,0.08,0.0,0.0,0.0,0.0,1.0,1.0,anomaly,normal,anomaly
4230,0,tcp,private,S0,0,0,0,0,0,0,0,0,0,0,0,0,0,0,0,0,0,0,222,1,1.0,1.0,0.0,0.0,0.0,0.07,0.0,255,5,0.02,0.06,0.0,0.0,1.0,1.0,0.0,0.0,anomaly,normal,anomaly
6632,0,tcp,http,S0,0,0,0,0,0,0,0,0,0,0,0,0,0,0,0,0,0,0,268,18,1.0,1.0,0.0,0.0,0.07,0.06,0.0,255,18,0.07,0.07,0.0,0.0,1.0,1.0,0.0,0.0,anomaly,normal,anomaly
737,0,tcp,private,S0,0,0,0,0,0,0,0,0,0,0,0,0,0,0,0,0,0,0,254,22,1.0,1.0,0.0,0.0,0.09,0.05,0.0,58,22,0.38,0.1,0.02,0.0,0.97,1.0,0.0,0.0,anomaly,normal,anomaly
17024,0,tcp,private,S0,0,0,0,0,0,0,0,0,0,0,0,0,0,0,0,0,0,0,205,10,1.0,1.0,0.0,0.0,0.05,0.06,0.0,244,10,0.04,0.07,0.0,0.0,0.94,1.0,0.0,0.0,anomaly,normal,anomaly
2971,0,udp,private,SF,207,0,0,0,0,0,0,0,0,0,0,0,0,0,0,0,0,0,2,2,0.0,0.0,0.0,0.0,1.0,0.0,0.0,52,44,0.85,0.04,0.85,0.0,0.0,0.0,0.0,0.0,anomaly,normal,anomaly
18020,0,tcp,private,S0,0,0,0,0,0,0,0,0,0,0,0,0,0,0,0,0,0,0,136,13,1.0,1.0,0.0,0.0,0.1,0.05,0.0,255,13,0.05,0.04,0.0,0.0,1.0,1.0,0.0,0.0,anomaly,normal,anomaly
7009,1,tcp,private,RSTR,0,0,0,0,0,0,0,0,0,0,0,0,0,0,0,0,0,0,14,2,0.0,0.0,1.0,1.0,0.14,0.5,0.0,184,2,0.01,0.05,0.08,0.0,0.01,0.0,0.34,1.0,anomaly,normal,anomaly
6739,0,tcp,private,S0,0,0,0,0,0,0,0,0,0,0,0,0,0,0,0,0,0,0,203,8,1.0,1.0,0.0,0.0,0.04,0.07,0.0,255,8,0.03,0.06,0.0,0.0,1.0,1.0,0.0,0.0,anomaly,normal,anomaly
14468,0,tcp,private,REJ,0,0,0,0,0,0,0,0,0,0,0,0,0,0,0,0,0,0,194,1,0.1,0.0,0.89,1.0,0.01,1.0,0.0,255,1,0.0,0.89,0.0,0.0,0.07,0.0,0.69,1.0,anomaly,normal,anomaly
5246,0,tcp,private,REJ,0,0,0,0,0,0,0,0,0,0,0,0,0,0,0,0,0,0,319,1,0.03,0.0,0.95,1.0,0.0,1.0,0.0,255,1,0.0,1.0,0.0,0.0,0.04,0.0,0.96,1.0,anomaly,normal,anomaly
24085,0,tcp,private,S0,0,0,0,0,0,0,0,0,0,0,0,0,0,0,0,0,0,0,121,15,1.0,1.0,0.0,0.0,0.12,0.05,0.0,255,15,0.06,0.05,0.0,0.0,1.0,1.0,0.0,0.0,anomaly,normal,anomaly
3024,0,tcp,csnet_ns,RSTR,0,0,0,0,0,0,0,0,0,0,0,0,0,0,0,0,0,0,1,1,0.0,0.0,1.0,1.0,1.0,0.0,0.0,255,1,0.0,1.0,1.0,0.0,0.0,0.0,1.0,1.0,anomaly,normal,anomaly
7694,0,tcp,ftp_data,S0,0,0,0,0,0,0,0,0,0,0,0,0,0,0,0,0,0,0,3,3,1.0,1.0,0.0,0.0,1.0,0.0,0.0,255,52,0.2,0.02,0.0,0.0,1.0,1.0,0.0,0.0,anomaly,normal,anomaly
4686,0,udp,other,SF,1,0,0,0,0,0,0,0,0,0,0,0,0,0,0,0,0,0,19,1,0.0,0.0,0.0,0.0,0.05,0.53,0.0,255,1,0.0,0.29,0.82,0.0,0.0,0.0,0.16,0.0,anomaly,normal,anomaly
6908,0,tcp,vmnet,S0,0,0,0,0,0,0,0,0,0,0,0,0,0,0,0,0,0,0,208,21,1.0,1.0,0.0,0.0,0.1,0.05,0.0,255,21,0.08,0.05,0.0,0.0,1.0,1.0,0.0,0.0,anomaly,normal,anomaly
24540,0,tcp,link,S0,0,0,0,0,0,0,0,0,0,0,0,0,0,0,0,0,0,0,146,5,1.0,1.0,0.0,0.0,0.03,0.05,0.0,255,5,0.02,0.05,0.0,0.0,1.0,1.0,0.0,0.0,anomaly,normal,anomaly
24646,0,tcp,nnsp,S0,0,0,0,0,0,0,0,0,0,0,0,0,0,0,0,0,0,0,64,5,1.0,1.0,0.0,0.0,0.08,0.09,0.0,255,14,0.05,0.08,0.0,0.0,1.0,1.0,0.0,0.0,anomaly,normal,anomaly
10097,4380,tcp,other,RSTR,1,0,0,0,0,0,0,0,0,0,0,0,0,0,0,0,0,0,2,2,0.0,0.0,1.0,1.0,1.0,0.0,0.0,255,2,0.01,0.74,1.0,0.0,0.0,0.0,1.0,1.0,anomaly,normal,anomaly
15895,0,tcp,imap4,S0,0,0,0,0,0,0,0,0,0,0,0,0,0,0,0,0,0,0,268,6,1.0,1.0,0.0,0.0,0.02,0.06,0.0,255,6,0.02,0.08,0.0,0.0,1.0,1.0,0.0,0.0,anomaly,normal,anomaly
16441,0,tcp,http,SF,54540,8314,0,0,0,2,0,1,1,0,0,0,0,0,0,0,0,0,3,3,0.0,0.0,0.0,0.0,1.0,0.0,0.0,52,52,1.0,0.0,0.02,0.0,0.02,0.02,0.02,0.02,anomaly,normal,anomaly
4537,0,tcp,private,S0,0,0,0,0,0,0,0,0,0,0,0,0,0,0,0,0,0,0,228,14,1.0,1.0,0.0,0.0,0.06,0.05,0.0,89,14,0.16,0.11,0.01,0.0,0.84,1.0,0.01,0.0,anomaly,normal,anomaly
930,0,tcp,efs,REJ,0,0,0,0,0,0,0,0,0,0,0,0,0,0,0,0,0,0,116,12,0.0,0.0,1.0,1.0,0.1,0.08,0.0,255,12,0.05,0.07,0.0,0.0,0.0,0.0,1.0,1.0,anomaly,normal,anomaly
4063,0,tcp,vmnet,S0,0,0,0,0,0,0,0,0,0,0,0,0,0,0,0,0,0,0,101,1,1.0,1.0,0.0,0.0,0.01,0.07,0.0,255,1,0.0,0.07,0.0,0.0,1.0,1.0,0.0,0.0,anomaly,normal,anomaly
3475,0,tcp,link,S0,0,0,0,0,0,0,0,0,0,0,0,0,0,0,0,0,0,0,205,12,1.0,1.0,0.0,0.0,0.06,0.05,0.0,255,12,0.05,0.05,0.0,0.0,1.0,1.0,0.0,0.0,anomaly,normal,anomaly
22338,0,tcp,private,REJ,0,0,0,0,0,0,0,0,0,0,0,0,0,0,0,0,0,0,1,1,0.0,0.0,1.0,1.0,1.0,0.0,0.0,25,1,0.04,1.0,0.04,0.0,0.0,0.0,0.96,1.0,anomaly,normal,anomaly
2794,0,tcp,Z39_50,REJ,0,0,0,0,0,0,0,0,0,0,0,0,0,0,0,0,0,0,220,2,0.0,0.0,1.0,1.0,0.01,0.07,0.0,255,2,0.01,0.07,0.0,0.0,0.0,0.0,1.0,1.0,anomaly,normal,anomaly
20907,0,tcp,private,S0,0,0,0,0,0,0,0,0,0,0,0,0,0,0,0,0,0,0,203,1,1.0,1.0,0.0,0.0,0.0,0.07,0.0,255,2,0.01,0.07,0.0,0.0,1.0,1.0,0.0,0.0,anomaly,normal,anomaly
10067,0,tcp,private,S0,0,0,0,0,0,0,0,0,0,0,0,0,0,0,0,0,0,0,224,7,1.0,1.0,0.0,0.0,0.03,0.05,0.0,255,7,0.03,0.06,0.0,0.0,1.0,1.0,0.0,0.0,anomaly,normal,anomaly
11756,0,tcp,ldap,REJ,0,0,0,0,0,0,0,0,0,0,0,0,0,0,0,0,0,0,114,6,0.0,0.0,1.0,1.0,0.05,0.08,0.0,238,6,0.03,0.07,0.0,0.0,0.0,0.0,1.0,1.0,anomaly,normal,anomaly
17056,0,tcp,private,S0,0,0,0,0,0,0,0,0,0,0,0,0,0,0,0,0,0,0,241,1,1.0,1.0,0.0,0.0,0.0,0.07,0.0,255,1,0.0,0.08,0.0,0.0,1.0,1.0,0.0,0.0,anomaly,normal,anomaly
6445,0,icmp,eco_i,SF,8,0,0,0,0,0,0,0,0,0,0,0,0,0,0,0,0,0,1,31,0.0,0.0,0.0,0.0,1.0,0.0,1.0,1,233,1.0,0.0,1.0,0.25,0.0,0.0,0.0,0.0,anomaly,normal,anomaly
16183,0,tcp,private,S0,0,0,0,0,0,0,0,0,0,0,0,0,0,0,0,0,0,0,201,1,1.0,1.0,0.0,0.0,0.0,0.06,0.0,62,1,0.02,0.16,0.02,0.0,0.77,1.0,0.02,0.0,anomaly,normal,anomaly
23815,0,tcp,private,S0,0,0,0,0,0,0,0,0,0,0,0,0,0,0,0,0,0,0,186,2,1.0,1.0,0.0,0.0,0.01,0.06,0.0,255,16,0.06,0.07,0.0,0.0,1.0,1.0,0.0,0.0,anomaly,normal,anomaly
23092,0,tcp,Z39_50,S0,0,0,0,0,0,0,0,0,0,0,0,0,0,0,0,0,0,0,279,16,1.0,1.0,0.0,0.0,0.06,0.06,0.0,255,16,0.06,0.07,0.0,0.0,1.0,1.0,0.0,0.0,anomaly,normal,anomaly
6142,0,icmp,eco_i,SF,8,0,0,0,0,0,0,0,0,0,0,0,0,0,0,0,0,0,1,22,0.0,0.0,0.0,0.0,1.0,0.0,1.0,3,95,1.0,0.0,1.0,0.25,0.0,0.0,0.0,0.0,anomaly,normal,anomaly
51,0,tcp,private,REJ,0,0,0,0,0,0,0,0,0,0,0,0,0,0,0,0,0,0,61,4,0.0,0.0,1.0,1.0,0.07,0.1,0.0,255,4,0.02,0.08,0.0,0.0,0.0,0.0,1.0,1.0,anomaly,normal,anomaly
16924,0,tcp,private,REJ,0,0,0,0,0,0,0,0,0,0,0,0,0,0,0,0,0,0,119,1,0.01,0.0,0.94,1.0,0.01,1.0,0.0,244,1,0.0,0.52,0.0,0.0,0.0,0.0,0.47,1.0,anomaly,normal,anomaly
11779,0,tcp,private,S0,0,0,0,0,0,0,0,0,0,0,0,0,0,0,0,0,0,0,214,9,1.0,1.0,0.0,0.0,0.04,0.07,0.0,255,8,0.03,0.09,0.0,0.0,1.0,1.0,0.0,0.0,anomaly,normal,anomaly
19751,0,tcp,private,S0,0,0,0,0,0,0,0,0,0,0,0,0,0,0,0,0,0,0,81,4,1.0,1.0,0.0,0.0,0.05,0.07,0.0,255,19,0.07,0.06,0.0,0.0,1.0,1.0,0.0,0.0,anomaly,normal,anomaly
23488,0,tcp,private,RSTO,0,0,0,0,0,0,0,0,0,0,0,0,0,0,0,0,0,0,260,17,0.0,0.0,1.0,1.0,0.07,0.06,0.0,255,17,0.07,0.07,0.0,0.0,0.0,0.0,1.0,1.0,anomaly,normal,anomaly
18615,0,tcp,systat,REJ,0,0,0,0,0,0,0,0,0,0,0,0,0,0,0,0,0,0,294,13,0.0,0.0,1.0,1.0,0.04,0.06,0.0,255,13,0.05,0.07,0.0,0.0,0.0,0.0,1.0,1.0,anomaly,normal,anomaly
480,0,tcp,private,REJ,0,0,0,0,0,0,0,0,0,0,0,0,0,0,0,0,0,0,154,1,0.0,0.0,1.0,1.0,0.01,0.07,0.0,255,1,0.0,0.07,0.0,0.0,0.0,0.0,1.0,1.0,anomaly,normal,anomaly
22878,0,tcp,iso_tsap,S0,0,0,0,0,0,0,0,0,0,0,0,0,0,0,0,0,0,0,146,24,1.0,1.0,0.0,0.0,0.16,0.04,0.0,255,24,0.09,0.04,0.0,0.0,1.0,1.0,0.0,0.0,anomaly,normal,anomaly
11024,0,tcp,telnet,S0,0,0,0,0,0,0,0,0,0,0,0,0,0,0,0,0,0,0,43,7,1.0,1.0,0.0,0.0,0.16,0.09,0.0,255,67,0.26,0.02,0.02,0.0,1.0,1.0,0.0,0.0,anomaly,normal,anomaly
15608,0,tcp,discard,S0,0,0,0,0,0,0,0,0,0,0,0,0,0,0,0,0,0,0,209,16,1.0,1.0,0.0,0.0,0.08,0.07,0.0,255,16,0.06,0.07,0.0,0.0,1.0,1.0,0.0,0.0,anomaly,normal,anomaly
19584,0,tcp,private,S0,0,0,0,0,0,0,0,0,0,0,0,0,0,0,0,0,0,0,236,16,1.0,1.0,0.0,0.0,0.07,0.06,0.0,255,2,0.01,0.08,0.0,0.0,1.0,1.0,0.0,0.0,anomaly,normal,anomaly
19938,0,tcp,private,S0,0,0,0,0,0,0,0,0,0,0,0,0,0,0,0,0,0,0,93,5,1.0,1.0,0.0,0.0,0.05,0.08,0.0,255,5,0.02,0.06,0.0,0.0,1.0,1.0,0.0,0.0,anomaly,normal,anomaly
